orp_mV,ec_uScm,tds_mgL,turbidity_NTU,temp_C,pH,do_mgL,bod_mgL,hour,day,month,dayofweek,site_name,class
177.03223570235912,566.3978446108861,376.7486133267828,3.5399281788394767,29.198130012172847,6.527734046682159,7.514282447307273,1.0,4,23,2,2,Coastal Bio-Swale,0
336.8396867123075,1355.8091284558645,881.774426014741,4.006666154007345,25.69495228388691,8.180277493567873,6.4618806038038645,7.675950707705096,19,20,4,1,Metro Reservoir A,1
160.01494675348272,584.2566530038323,376.9906374611258,10.440519570243287,31.893463809942457,4.641831858897416,7.827968965471367,1.0,16,30,3,0,Effluent Plant C,1
305.71403178542363,770.8388989220662,501.3980062257961,1.4169064809999894,30.495583772306308,7.573622859616861,5.115999671663185,9.726071322137791,20,1,2,3,Metro Reservoir A,1
489.56266318771657,1224.7737086059476,788.8309361079353,35.886710523525764,21.383294239089366,6.118224253369882,7.434903345204917,6.005309057520959,9,25,12,5,Metro Reservoir A,2
501.3337401860511,641.9311983988672,415.75352244531473,26.092793362691502,23.86211457192985,8.759902773674174,8.258466862780807,5.7742133876115656,4,20,6,3,Industrial Basin B,2
274.23786657738583,750.339383105697,482.8252322987974,5.792745875315908,27.53831879519035,7.673906120649631,8.290998362078861,1.0,3,9,4,1,Effluent Plant C,0
129.10418950987702,1038.3494872268932,673.918718513696,8.244777944273135,21.665568262319212,5.376278540627953,7.75732502433773,5.978178356253517,5,22,6,3,Effluent Plant C,2
235.965542808829,1313.5420602588515,849.2654964716445,7.275830966187781,36.36211960788645,6.700625740185927,5.469382903104779,3.944906288158382,3,15,2,5,Effluent Plant C,0
363.8089739139714,606.3344405915064,399.35690512385924,22.38765128458011,31.288928728157366,7.744272036317507,6.1110312893098735,6.422058034325307,6,1,12,2,Metro Reservoir A,1
471.4467659016708,1217.628573236355,799.6426266021251,12.666830450214293,27.946668611854154,6.83525512431535,7.232379307304217,2.9053123940606307,6,12,4,3,Coastal Bio-Swale,0
382.4144985870407,715.5413870407036,461.3047433743105,4.258842342664115,26.629173785546946,7.374144399513124,7.699476171984577,5.868331553833786,17,3,11,1,Effluent Plant C,1
446.3539619730825,534.2213883605185,339.1251057456697,6.921102562046094,25.601345382564006,7.176915886723129,8.842940183433093,2.220358034352307,2,11,6,1,Metro Reservoir A,0
582.7810973736642,874.8669290922671,575.7797212518154,6.6030648386278346,20.14387136811636,8.240185303099988,8.506484063262524,4.896605172774807,0,2,5,6,Industrial Basin B,0
216.08258285620965,452.7295826694209,296.121816863008,33.0239164567071,21.06850539341748,7.727478929599127,7.2106025809980085,8.688336778357167,23,16,3,6,Coastal Bio-Swale,1
119.74393263874046,941.6034294388644,608.3748683500917,2.927488249073618,35.60448292507043,7.142149937228927,3.8620797659787343,8.646675963808258,3,9,8,2,Industrial Basin B,2
128.69342247425936,1744.8944033403625,1147.9368813048677,1.938452243995465,34.29439855693034,7.2215012858663,4.838986171805772,6.611548053731898,5,15,7,3,Coastal Bio-Swale,2
322.75857774770253,1131.6802445761082,729.9418163698053,22.25433813760501,25.69688898030384,5.900599124900346,6.344402681036039,6.495071174966945,8,12,3,3,Metro Reservoir A,2
250.2085168897372,768.5301086629632,479.61520747412436,23.699822828749454,31.63199662472983,8.96085841264259,5.6677399461722135,6.346078208291303,21,1,6,6,Tank A (Main Reservoir),2
344.0461869318456,1115.66057230233,718.0997782901944,21.53688714045201,30.025683099988125,10.0,5.89785767836936,7.093924872036746,13,13,4,0,Coastal Bio-Swale,2
197.63055266768959,520.5434814148205,354.53704768854647,8.153455833117944,30.497151826595367,6.803580904138235,4.970886185106186,7.115481931708457,11,14,11,4,Industrial Basin B,2
448.72259153587595,570.8976091993491,367.9064086689088,11.780582621826104,22.299288941997176,7.257239365048354,9.001061252825677,2.94512289891129,19,25,5,1,Metro Reservoir A,0
239.43249331931486,776.8505674366206,499.7984759194439,9.286532016199908,20.767288309879362,8.41805633215017,7.119616616386525,7.638281204013685,23,25,11,0,Coastal Bio-Swale,1
358.3452400199293,826.3343599549512,537.3833651832539,1.7197713360060058,32.730377436279554,8.411363606990552,7.2515320405559365,1.360994446840474,3,8,5,1,Tank A (Main Reservoir),0
317.06996170531437,412.0091542370699,277.91658113302447,10.059318134664359,20.08280678785268,7.413971947578832,8.474602447296771,6.374870987342509,20,8,7,0,Tank A (Main Reservoir),1
142.91370723337843,708.0567523668706,459.4078891312943,1.1370766954639224,27.40722583446994,6.028597177837755,7.450685068626123,5.737989061272002,23,27,11,6,Effluent Plant C,2
368.81038739334537,756.6233849041837,497.7186760068058,4.9302393577554255,26.52919069512885,9.381790604010945,8.499189970679627,2.478328671773804,11,30,5,6,Effluent Plant C,1
452.66935177070076,1262.5917043515901,818.7919455191654,27.925594429370257,26.159396153294367,8.017481183994,8.94681668727997,2.165417617598236,9,12,11,4,Industrial Basin B,0
245.2684876016855,411.99634509955075,273.7897360261717,4.624706633432611,29.257803289162627,7.464658688274267,7.455554938658222,3.6687635655303046,21,1,3,0,Coastal Bio-Swale,0
600.0,384.1854378243281,251.5231625248284,29.105255934711828,25.289630280886193,6.332606843833712,8.725935968641739,1.0,6,11,10,1,Coastal Bio-Swale,1
326.5219446215964,852.71268278137,550.2833260589982,3.8786069793668867,29.58294184986019,7.269546202369407,6.691244351163955,3.8527677663134665,2,8,5,3,Effluent Plant C,0
330.86691678137504,1145.2629808182178,747.0018572978549,4.776975798153436,28.56462165876478,5.022663159284941,7.927356726928511,1.0,22,10,7,1,Coastal Bio-Swale,1
31.965536399843018,965.4779042121547,622.1355386607532,10.899574456543183,36.3949294162017,8.089085559661353,3.2068312972874393,14.429712479349194,13,30,5,5,Coastal Bio-Swale,2
392.3292058822748,890.8030680268921,565.2401106991489,15.339184910865493,22.458362432727483,8.381681622901446,6.796405625461944,8.710004170360767,23,19,5,6,Tank A (Main Reservoir),1
229.73654347047693,713.4175909995407,463.52255621118013,7.959265755118601,28.117075935619308,7.475710790331305,6.870255000928726,5.012525160260997,9,11,9,2,Effluent Plant C,1
240.72950932269632,1002.8314787884495,638.9467176335937,22.3805153537332,29.725380399511053,6.047696490697246,5.722450909154478,10.235281710635466,15,7,3,2,Metro Reservoir A,2
376.6931032722998,1048.0667659450125,687.2176932195471,1.410724650631112,26.974389777870815,7.742277103339766,6.61160764528749,6.256177787066996,15,11,6,6,Effluent Plant C,1
420.4452343550554,722.806740144597,469.4494733767399,26.53547508537756,22.65169956844865,8.144829656033203,8.123379017506545,3.1629279868691005,21,17,1,5,Metro Reservoir A,0
301.66361812473616,515.412646944071,349.2511399978845,3.1853891879426834,33.02841112262078,6.308116359866287,7.2282410286734775,2.4422315127953977,9,1,10,2,Tank A (Main Reservoir),1
292.0189841081934,517.3633713941572,332.98382029595973,22.562253560529822,29.347737320576208,8.320790667784543,4.913310285403305,9.344626380730972,12,26,5,6,Industrial Basin B,2
421.54245411487113,1063.6202834142996,691.1529122508596,6.12265292068561,22.932413148293623,7.829420921513011,9.09623016987688,1.7306529912944328,5,29,8,2,Coastal Bio-Swale,0
92.71591383430011,336.7180036707334,204.1704418745116,18.883077684334516,29.75467185023304,6.871180423417084,6.041201731024073,7.074261928396009,11,21,5,6,Tank A (Main Reservoir),1
364.2609722303923,1303.1177525891337,835.9856060712315,12.13722524870832,34.80626428021143,6.530813305081617,5.0252179704688125,7.237996517580994,8,21,9,4,Coastal Bio-Swale,1
259.28164645331753,663.162291951619,414.26826214506707,2.9351391721025983,27.85473626633632,6.985350474182333,6.165699365901137,3.5115839090448846,12,8,11,3,Industrial Basin B,0
260.0489693572836,892.8595790912715,591.1336645207881,26.01616320558359,27.991149322117753,6.035198679140672,6.674421733228429,7.058605988904737,3,23,6,3,Industrial Basin B,2
278.844306149402,1010.5130173931278,652.237918155592,3.817230500636697,34.27202012417328,7.512315275893165,5.052717044139848,6.877104825950866,23,24,8,1,Tank A (Main Reservoir),1
245.124247950001,594.8942854912744,399.95208308326244,3.7989926216974235,24.118464072994986,7.87018142493508,7.464798193742457,6.7321681594071645,10,6,10,5,Industrial Basin B,1
321.3803129796117,662.0306472034265,403.51380934148887,17.82970877983244,34.910208170482726,8.602315911354587,5.1301041836591565,7.127502859526056,19,22,8,6,Metro Reservoir A,2
207.57475171960343,839.5910005836726,561.2148943648283,2.119077415671194,31.89164428147295,7.556938326268739,6.527723238604549,4.173044696718407,17,18,3,0,Industrial Basin B,0
243.00166704867866,543.8837542353177,352.84421134590775,3.510749080159098,24.303124144079938,7.669581319452643,7.106842565484066,6.113142223275606,10,6,7,1,Coastal Bio-Swale,1
526.4032039506739,479.7074710002274,315.2083300398011,8.005295098639547,25.32692400062354,6.878390708993572,8.441544188006025,1.0,20,5,7,1,Coastal Bio-Swale,0
212.05014922339757,506.66532659607634,318.70303498561793,18.747668373714582,25.900748665270843,6.151075724564793,5.702251690254208,10.30150572643557,3,13,10,6,Coastal Bio-Swale,2
262.27062367123716,1162.7438858270634,761.0564249759644,2.595632720389951,20.66574314405164,6.68408163489095,8.794020572477864,3.861891313118738,17,19,12,6,Coastal Bio-Swale,0
361.00808492947937,919.3774540146,593.8562036489379,8.933393739503742,29.041886996283523,8.913684974282985,7.1730911572331255,2.6884373279202145,0,22,6,1,Metro Reservoir A,1
331.70627585149487,562.0498823370956,353.3928812986598,13.421614351762894,24.484211987008585,7.960897124103571,7.432459849161369,7.140553191051812,6,8,12,1,Effluent Plant C,1
87.89691288379413,1061.8278368702292,678.1114304366297,20.703735252593034,29.186205285725222,7.688876613173244,5.663438708330343,7.784662379998751,5,9,7,3,Tank A (Main Reservoir),1
512.1156331443458,578.6734259501353,363.88422250176495,28.421070093467694,22.836226998699132,5.021555052363906,7.768980810595238,3.91282723427215,14,17,2,0,Coastal Bio-Swale,1
465.52517347595403,214.8763395027779,143.47201663477392,16.35443835371936,31.692052947578,7.5753759800924385,6.207788231701409,5.838063172581775,17,3,9,1,Industrial Basin B,1
326.34092672004607,1009.0426973481058,649.5214371176528,11.5793609165516,30.950503720522008,5.604380871128846,7.169498612667967,5.269941322987298,23,19,10,3,Coastal Bio-Swale,2
301.3308493515066,1293.869285542972,824.6140980458334,6.684901985886802,25.176483943759138,5.68995768683414,7.005505335633808,4.584739426686238,10,11,10,1,Industrial Basin B,1
222.3765565789283,967.4119014557049,632.5107310865853,2.1890759119397716,29.438596631528462,5.824376869385903,5.322332631088056,9.090966989611909,19,24,1,2,Industrial Basin B,2
405.81081928000935,233.79891456947473,130.24199923813194,13.369685337119126,28.33168223723832,6.2725998479564415,7.282662931816122,5.276502524669924,23,17,1,1,Coastal Bio-Swale,2
263.90143609847297,792.9333799337737,528.6974179268939,50.25004234686224,33.929197944611644,8.200067387953695,4.908492586842909,8.63529004019081,14,21,3,6,Metro Reservoir A,2
393.38953788560116,717.6266000741113,486.32139581090485,14.34691374673856,23.870084128420512,7.471910551413598,8.518526947820781,3.39358807520429,15,19,3,5,Industrial Basin B,0
524.4856152512133,913.4636487931679,580.6271349602918,1.1685229940929545,27.390808086023412,6.068224466426997,8.044380663962832,1.6423337372320976,6,2,1,5,Industrial Basin B,1
389.5665164846089,545.8192169393617,365.30699732672554,7.856949734446393,25.43726545316891,6.5031106580598355,5.794998900821371,5.9618227192002395,20,8,12,1,Coastal Bio-Swale,1
247.3432447235036,699.9568249719383,458.46291625581495,10.53594527943078,28.17927278840067,7.797977304543886,7.39983135594869,3.6441342594343284,9,19,7,4,Industrial Basin B,0
403.1087988360787,373.9751050931865,238.08343154507844,12.701325691947922,30.133094411134373,8.037368562880387,6.74821911128392,4.7063444387925735,11,7,4,2,Industrial Basin B,0
429.55303038495816,866.5312347324157,558.7115783697718,13.719869963070474,25.392770487705164,7.360359831826481,7.694417819567438,5.96649244585381,23,28,10,0,Coastal Bio-Swale,1
336.87905076121945,385.13122421823863,256.8800788709562,9.166907691245727,26.54357511444315,5.82301150191147,6.7834733901257565,5.107759126946657,13,27,2,1,Coastal Bio-Swale,2
379.3639836157157,931.2273457168803,604.8982667399376,3.5277878487188716,31.86416319222945,6.70496871295526,7.041278561080839,4.757661955618171,4,17,10,0,Tank A (Main Reservoir),0
208.19524125906207,574.8358432990855,347.7012065713371,29.507779476002028,33.42929864770577,10.0,4.955498803714253,7.344728447080365,20,6,5,2,Metro Reservoir A,3
134.3341452708912,100.0,85.73014403003523,12.929223120857044,29.974064140811514,5.746951160258798,5.613851326243134,7.166723866757873,17,19,6,1,Metro Reservoir A,2
343.56662427111314,1038.12744292974,679.1145797641791,3.7028761943453494,27.448147605027366,7.649919442137219,4.4619733690937,12.29337995542196,4,24,9,4,Industrial Basin B,2
126.52932697693346,948.2120057637201,615.8176959382477,4.8908278260212725,27.067612315851402,9.744999594400843,6.656537387180042,8.177014858326048,2,6,4,3,Metro Reservoir A,2
449.5676956955836,1205.8826143312097,776.6394669184378,26.501195823585793,30.192505314909162,6.871818920034046,5.744527938681849,5.563249270424721,22,28,2,4,Industrial Basin B,1
205.59507954574386,172.9644478490285,110.53728606520421,22.846703922933138,28.911068005619487,9.400564631236538,5.554392362814917,9.931190807362553,4,2,5,6,Tank A (Main Reservoir),2
530.4324979707196,603.6351380490851,405.0547123204172,6.19440018615292,21.404096648434788,6.374778455084054,8.877977474973179,1.4580676265876558,23,6,3,4,Coastal Bio-Swale,1
359.4458160463871,839.4778881685598,548.2768116550259,1.3906023690139282,30.28954092923161,4.830125962716721,7.187926507721088,2.440287530123184,16,23,2,3,Coastal Bio-Swale,1
378.586060612424,971.511767910895,635.2363953865618,1.4971282703056343,24.557720842309752,6.504866432464568,6.445020326043254,6.270361590830521,18,5,12,6,Coastal Bio-Swale,1
357.7174303264105,361.1348186781704,222.24592594434188,4.339609997034841,22.33225436609739,6.290753998352873,7.987769414415877,6.461560223515872,18,19,1,3,Metro Reservoir A,2
231.42914873822778,929.4379873181647,600.6383889945399,10.918827028299944,21.326620447565098,5.195786169100529,7.590708546770825,6.896490758370807,20,20,10,5,Tank A (Main Reservoir),2
373.10440035704926,628.4669274171838,409.01401788860295,9.775380016081742,27.135582515266723,6.699061237133617,7.889605336854268,3.206644346093383,11,4,2,3,Metro Reservoir A,0
347.7414348109692,243.4764009539781,165.2253240546612,11.046515287685448,23.93390255126959,8.38919541566994,8.117463932037044,3.354320199385297,8,22,6,1,Metro Reservoir A,0
403.9052844597025,574.7957038845034,369.4590454261407,13.633087823933737,18.69455376104321,6.487055773746118,8.797934269293695,5.756763110644697,0,26,8,0,Tank A (Main Reservoir),2
366.81903814829815,954.313140984157,629.5822292944542,1.1921569823733602,26.566177972652756,6.748796211524431,7.655005688057887,3.362346513125498,17,17,3,5,Tank A (Main Reservoir),0
317.48456892561893,256.01057829010983,154.96334380511698,2.110272023449793,26.037716660456535,8.844610383729881,7.10010985932231,6.875554443385458,20,11,11,5,Tank A (Main Reservoir),2
245.16608360196227,991.1155518826276,644.9204719545776,5.454803216437572,27.40039554136648,6.302074802431123,7.672770483874195,3.713478261041765,3,4,9,0,Tank A (Main Reservoir),1
231.907496592402,885.0134007205287,574.2825616793591,2.6825298194253078,25.484408183830492,7.9427131363142855,7.996895174601698,3.347814593671503,9,26,12,5,Coastal Bio-Swale,0
365.7920444414587,723.8422768564786,455.34221534285524,1.7830759327879155,35.317318654109116,5.15108050746134,6.186463078581229,1.0,6,13,9,3,Effluent Plant C,1
260.74709263346347,309.44074700472527,200.65940398631247,11.243337199165252,30.069349178734562,6.040629565452197,5.442337393149122,7.750324422260282,21,20,2,4,Effluent Plant C,2
171.23156620451968,333.5153529697552,210.9589342246795,17.89219907172994,26.00154670551409,6.943882721762111,6.386678764010935,6.756352024056554,22,26,8,2,Tank A (Main Reservoir),1
469.460632667766,680.4555064602937,456.43382647412017,14.968565751699074,27.74549265021055,8.650943771940714,8.865248778194493,1.0,0,17,10,3,Effluent Plant C,1
314.8693735318252,462.5179934345047,296.53413537321717,17.984865192179456,33.658570669981394,6.104951979095312,5.51840254091873,7.133542498943469,16,9,11,6,Effluent Plant C,2
334.83913380836617,699.872418352809,458.425777275253,11.961848694091909,31.826491246941966,6.090528206155,6.455779634279343,3.992654153105549,23,4,12,6,Tank A (Main Reservoir),1
273.3914182687374,1071.8546472044898,684.395100854765,14.29329403956242,22.41515274249987,7.526822985110356,6.908746994900346,7.757158640166757,1,23,5,4,Effluent Plant C,1
212.8030085415621,718.0936347752216,469.1265515380263,4.171503953661036,24.102837756693482,7.719463793568538,7.554000588645757,4.101820776026832,10,28,4,4,Metro Reservoir A,0
163.6606771046278,709.8665186806505,457.2627740563274,50.629938300251396,24.872612503906637,5.9572824302640885,7.091753886956984,6.649870642619633,8,14,10,5,Industrial Basin B,2
283.65951445843353,710.1041673005562,453.8049439056818,3.023189641590582,26.241200196256766,6.573725114870111,6.826526534458911,9.48946073273695,6,19,5,1,Industrial Basin B,1
154.5799956848124,1104.0205792895122,745.9522988575574,3.414270229583482,25.61830718849583,8.503992993421178,6.162104517613397,9.057330979121199,21,26,4,1,Tank A (Main Reservoir),2
272.13612752280426,1188.0109662457012,768.6726377722072,4.409729140347097,28.13603701944431,5.783989095183176,7.808572481365987,3.883934137481858,16,28,8,5,Coastal Bio-Swale,1
249.53999015727,926.5801136520531,600.1575845805951,38.022658578156175,30.94288524407555,7.609772086856495,5.2732001473205825,8.920181774105219,16,3,4,5,Tank A (Main Reservoir),1
462.38864727998657,840.9774552195179,555.655280420188,45.471916435472366,31.610641157529944,6.5789598133041665,5.808304860093975,7.1695133119415395,1,14,10,0,Coastal Bio-Swale,1
357.7254749580254,868.8687844567885,557.0804430816526,16.84227139997086,26.69281062840284,8.883097700451682,8.123479220989342,1.0,5,8,12,0,Industrial Basin B,1
457.3114565496282,1228.385570675926,802.4833437134606,10.917084806098707,21.461225924982415,7.89650370776083,6.895780605740179,9.044801526527017,13,24,6,2,Tank A (Main Reservoir),1
367.4544942731518,942.8758280261662,617.9724923414499,8.34099548546396,23.838360232513033,8.256675473169201,8.084662485119944,2.4408750531769385,5,27,2,2,Metro Reservoir A,0
245.33762009161876,1256.7316729269635,819.3225916671433,36.27469893090635,25.920900841479877,6.554899133774448,5.533684042824635,11.448092084731556,1,28,5,2,Effluent Plant C,2
376.45332740430666,674.2745444038773,461.2418470218138,12.894875666358045,23.01986216299457,8.189418187222316,7.059964559677122,7.3811721048232934,0,1,6,2,Coastal Bio-Swale,1
341.599736066466,399.3292940895665,251.52135066293155,29.955273349422697,32.56343594680646,8.158172412534297,5.3101538348925015,7.857005863430805,9,10,5,4,Effluent Plant C,1
369.41211353744694,599.2821548102846,404.9094066424248,4.806029481516973,23.281835765677087,7.823386648977615,7.5436719724278785,4.357853117087746,20,18,12,4,Effluent Plant C,0
250.89621059566576,631.1609207743905,414.9760025276095,5.061275158560908,30.468252178940812,6.860868879010529,6.151077871267568,6.61045166730764,4,16,2,0,Tank A (Main Reservoir),1
461.4099753212913,1281.358378320888,841.9774420404767,20.29123987140414,21.272478579909848,7.395126414060046,8.858586619636656,3.2378970353197634,1,8,7,1,Effluent Plant C,0
277.676643216985,1020.9241233608041,667.0130239013569,2.6234826239787337,30.628804405184216,4.976748558161666,5.462994239623657,8.265598961034643,21,1,4,5,Metro Reservoir A,2
224.14723245198257,608.7630427047161,414.4787512755073,30.174362220164124,27.442925173329655,9.310805541615466,6.471985061670879,7.447059345335402,15,12,8,6,Effluent Plant C,2
337.17335484953463,1042.523353079809,674.4394002691547,8.082087479762535,34.0501228092102,6.475292887507541,4.283190304890729,9.293282306884725,1,8,7,1,Tank A (Main Reservoir),2
386.72231722834647,761.1256666724054,499.70388572149716,27.092988387417172,23.47374957381468,6.798179124466586,9.305898455136692,6.342367710533889,9,24,7,3,Metro Reservoir A,1
253.08953854124178,1290.3655076230896,851.7923093607151,5.106678017669302,25.74354079755362,5.618641761096719,7.604060857593787,4.938179497782968,1,16,9,4,Industrial Basin B,1
209.20561277722425,699.8896265932864,449.3398303149236,13.586363475549888,26.51826959435824,8.007473839558974,6.903807898775118,6.150313903044731,15,18,1,2,Effluent Plant C,1
487.514299516731,338.33322287642346,229.92096164264217,7.59470890067526,27.38999971939875,7.835052052693241,6.946742785504362,6.487481240106048,15,4,10,2,Tank A (Main Reservoir),1
148.17791800546246,743.9746800497951,483.39715947642344,10.85650537402114,26.616076676390037,6.845380448093378,5.26067374694142,10.518270238185591,18,6,6,3,Industrial Basin B,1
419.7354543277868,700.0537003768111,442.6860689715835,8.019306286268042,26.693285736364054,4.3983930620211495,7.337840357950687,3.4877238722838224,6,12,6,1,Industrial Basin B,1
319.42599027700044,397.03200561550443,243.55490786457904,35.14757426051437,26.627749826457347,6.346133407164603,6.935318864687913,7.131051700555932,21,27,6,2,Coastal Bio-Swale,2
422.2991238517796,975.7735271834922,633.3445943355161,12.779977552671175,19.715280469678135,7.752027238553181,8.935427673474956,5.220292487910341,11,9,12,1,Metro Reservoir A,1
584.2055182191905,1227.415649095114,807.7290231278677,3.894422454829204,31.97333800643107,7.501705928885576,7.901207961492784,1.0,23,15,6,5,Effluent Plant C,0
356.0692573551151,463.25470288314017,280.32586122436595,25.04362279839733,39.44454627053474,7.144558234669241,3.94661371424172,4.8396416698737355,14,16,12,3,Tank A (Main Reservoir),1
432.9894063793551,1091.813117876652,711.6830270111124,4.481821644087784,29.193084418403952,6.691262805510252,7.204596621006993,2.978639895013269,7,24,10,6,Coastal Bio-Swale,0
157.72426250805862,618.0107518033586,410.6307600210322,5.645864873707953,23.456996608566826,5.305655821885074,5.7297477377654,12.478894515396266,5,12,7,1,Metro Reservoir A,2
270.6526054462761,792.584433013018,502.4003826052498,2.0772296852024374,23.861845476606852,8.356644622799287,8.092847609874774,4.983135024636908,9,24,10,5,Coastal Bio-Swale,0
489.8649706034081,761.0683326804624,488.35474998600057,24.0225034698965,30.45269600756627,5.471854645104705,5.80794309689666,7.8826973039053065,2,23,6,1,Metro Reservoir A,2
378.1380932382459,792.5867404793228,520.9050507273363,4.370292242290232,29.541877903392972,6.954900825504827,7.366085610483496,1.0,18,14,1,1,Metro Reservoir A,0
328.5866488131878,941.9248015985172,620.7365005124561,3.99643482985016,26.862839557786646,5.958130777573059,7.621372583510807,4.211459846045924,16,13,3,2,Effluent Plant C,1
239.85360884908866,492.7452078656796,336.32536733468214,26.290165183842987,31.013617483516743,8.392427611560766,5.126700505608747,9.437312452117046,6,25,2,0,Metro Reservoir A,1
194.31740578756882,1187.9900327318685,766.330113262714,17.37461235513293,19.744459812982036,7.898432824340722,6.224145410925464,13.287400902894891,20,2,6,4,Coastal Bio-Swale,2
508.0653406820164,951.0628270150289,610.0350690153871,2.5207823725992458,31.016248508924495,6.77135725048717,6.588774186530098,2.199184299048323,19,3,8,1,Metro Reservoir A,0
437.8118481712284,1050.6748329019183,699.4654960330663,15.667433348909395,28.951044658379573,8.02942099005269,7.442558233406462,1.0,3,26,3,1,Effluent Plant C,0
232.52641923464543,565.9802141224654,360.33772051780505,25.422276701121138,24.01620803686707,5.409912830950362,8.838036248827049,4.21612491635239,13,24,10,1,Effluent Plant C,1
345.60699154267263,465.56784168882587,307.6919521737432,1.8176467580500886,22.266704286477264,7.104602464957681,9.479379538082902,1.8677862511329215,19,30,8,0,Coastal Bio-Swale,0
341.77639885916534,1154.814029562321,772.4602677798298,18.441986026472314,28.48530913098251,5.934163884211692,7.203973076406642,3.5582669075272877,21,22,8,5,Industrial Basin B,1
337.6678651411662,452.67522624086024,301.765983992621,8.927908505048734,33.62895254707105,8.430075955261342,4.966671803389438,7.615312039416751,14,10,5,6,Industrial Basin B,2
160.9085251717611,844.7915723676324,556.9472242083284,12.062336053992086,27.087627072011863,7.649147412157015,7.823514821961968,6.234585736871086,23,9,8,6,Metro Reservoir A,1
452.21684938950375,1105.6987495063822,731.4848482268027,7.789570166634306,24.58925993506864,7.979931621374873,8.686704548705924,1.3937007437042697,7,26,6,3,Tank A (Main Reservoir),0
286.45175068934327,761.9594092685422,500.5222918034055,12.966764373533733,28.765153040545012,6.536109378957095,5.324988425192924,9.545286403605274,20,20,5,2,Metro Reservoir A,1
263.07878191605573,1151.0231189088895,756.0457313068079,1.3469275597466939,35.2834872404939,8.093773259036112,3.6024578687292417,9.813801192185231,14,8,9,0,Coastal Bio-Swale,2
379.7537366692412,718.5325088618496,463.6202346188293,15.384584481090128,29.725199252254864,5.859623629691366,7.6381280506463405,1.0,21,10,7,5,Coastal Bio-Swale,1
336.4611376628117,416.7746003656905,282.50311490611296,1.33912273656222,30.157607952837633,6.031769029623055,4.826999693699889,7.666856227135201,19,19,8,1,Coastal Bio-Swale,2
234.001430147436,912.2517623326452,597.098461675015,7.075198150760125,32.89119454388222,6.989812254768528,6.423007913633872,4.197165589382337,13,3,1,5,Coastal Bio-Swale,0
487.39099217727255,859.488810114336,543.887035668393,2.6365486045877002,29.89022959753529,6.078332183029799,8.220299117883547,1.4376148701030689,8,24,11,0,Coastal Bio-Swale,1
406.18022702894683,1606.392873142223,1046.5848066659532,18.34855326036222,24.876121171359383,8.051525865795346,9.21919373945001,1.4692703386556518,7,5,2,0,Effluent Plant C,1
377.69841287301415,516.4673401660941,314.0072902861156,4.7638347188979715,21.021740192407854,6.6318524884143635,8.509014110262836,3.1180286169788363,16,3,8,0,Industrial Basin B,0
347.042226995639,724.4458684011947,478.0289441173652,7.053076450295606,24.313387520886952,5.903208684510901,7.048056173603939,3.139741271338098,1,26,12,3,Coastal Bio-Swale,1
396.9299086029102,580.7403139448837,375.14568862841065,6.59929634452134,23.581094779609302,5.747781713883262,7.92269524473455,5.102410516986137,23,27,9,4,Tank A (Main Reservoir),2
57.76393151681785,757.2546255284612,511.27103326493716,15.806136810007967,30.63723247804531,8.036871991434335,4.926284162341925,12.01874172302166,2,16,4,2,Tank A (Main Reservoir),2
409.834415592802,745.1592702780898,489.24983832766,7.56129584403012,31.19339220539643,4.1471093775191274,5.989542406303752,3.2323656050438183,7,17,12,3,Tank A (Main Reservoir),1
468.38486314056763,538.3100533818474,359.14335060844013,16.556997005936573,28.702288246861954,5.98675336471896,7.641937940446487,1.4360069707544556,11,15,10,3,Tank A (Main Reservoir),1
344.8227899233855,940.4712829090664,600.8141013904229,1.763501667048019,22.925232092627308,8.883485740754628,8.637916558902472,3.185814442394238,0,3,11,4,Effluent Plant C,1
225.03764722378727,735.7568383731607,485.087692192913,3.1269083170786662,35.14638809570678,6.786764003187767,4.318577909420673,7.438711814788669,9,12,10,3,Tank A (Main Reservoir),2
234.09676793119633,1203.6448903651758,775.9625985113368,9.019229652740606,26.335159144641647,8.059743831663164,6.621225933975025,4.158878590984558,19,9,9,0,Coastal Bio-Swale,0
96.00482578598854,605.4328630134046,404.4365377061397,30.391312603616072,30.413924041206148,7.712999185070421,4.847289792720226,8.99356300048414,2,21,4,0,Metro Reservoir A,2
332.8199873221099,1358.4119213954666,871.7842266470485,1.7769978840223013,28.197299346798236,6.970950837175465,6.669691091554554,4.687687912818753,5,12,10,5,Tank A (Main Reservoir),0
325.30879822801734,882.7622019125446,574.8935047717233,1.4403989156533694,28.834653932999657,5.209307300540061,5.991728179704285,4.32753454103531,6,26,10,1,Effluent Plant C,1
196.24763029856874,1181.4000318755297,756.3311963999286,2.7025545577514762,30.27273601336159,5.608955893530624,5.771644967237452,9.031932717251816,19,15,10,3,Effluent Plant C,2
273.06777573896903,834.6360396868604,543.7715253313122,11.2485952427506,25.215919353596192,5.588736402194646,9.067633888053127,2.220466496517957,22,2,9,1,Tank A (Main Reservoir),1
411.8843032304754,565.8036800432079,387.99726108809097,6.09148558609972,33.221609705060665,7.7784608739603724,6.924305543256852,1.4871698203584265,17,23,11,2,Metro Reservoir A,0
348.9217861250082,720.9437239522605,475.8261013715346,18.461307509819907,21.68197833165091,8.003496688176366,9.092422806804581,3.119750349395272,10,18,7,6,Tank A (Main Reservoir),0
235.46787985625093,383.9695367486943,249.2539138675577,1.7465151374870382,23.845774775856462,6.145422505154257,6.928064959690329,5.210618286159678,18,20,2,0,Effluent Plant C,2
429.4402506201018,766.5399151419477,473.6293536084156,3.186711758300223,33.16971749734833,7.10547380469972,5.9515774270487105,4.4789664337963275,4,12,9,5,Industrial Basin B,0
166.92624567848566,851.627862839549,548.2012396642713,4.567126667429365,30.360019044417886,7.209737638166653,5.662413095398751,6.587102755058363,18,23,4,2,Coastal Bio-Swale,1
335.6575269289841,813.7168387056336,533.6624816162354,10.85453492850755,38.16156439072574,7.29383415803211,5.116272243498408,4.857311925899005,10,4,8,5,Effluent Plant C,0
141.9250287514562,1199.0471675410593,774.2720821456647,12.557310136652916,28.27340177461252,6.285616024655002,5.5956352272268575,4.66892272638201,23,23,7,6,Tank A (Main Reservoir),1
134.5089362512664,755.2598506811277,505.1904054223674,2.3262128571322718,34.801717185836374,9.165666718045129,5.321594034104954,5.22009093824289,11,16,7,6,Coastal Bio-Swale,2
248.8372727921686,231.80192214733506,151.38663102027382,29.78922315481664,20.57008486934639,8.013449023650404,6.5796943312899705,12.068296976214956,9,23,8,4,Tank A (Main Reservoir),2
387.7498415587387,1863.2195032879342,1221.878628298276,5.170987196969404,22.34594010721122,7.287700517749006,9.340843605504896,1.0302237750945173,7,16,1,0,Tank A (Main Reservoir),0
240.2596434657998,592.817437555003,387.3803429905232,13.488612605678927,31.582102149667897,6.577403782896138,7.298515372036058,2.5883923182732405,23,1,5,2,Industrial Basin B,0
430.5682860397218,1090.6235326373735,706.1454747832253,8.427739043379795,21.03852869754206,6.199717858196953,8.003286681585513,4.966065960069329,8,22,2,4,Coastal Bio-Swale,1
210.6182762056284,348.7259986865537,221.95863411055598,3.520036688846437,27.21052957196204,7.677474112159138,4.011407713734758,10.449424652296631,3,25,2,6,Coastal Bio-Swale,2
139.6205618732895,873.5636520405063,557.6948334431064,19.722863943661203,32.66883633458863,6.631473542676912,7.188473267070139,2.7573389333609413,4,2,1,2,Industrial Basin B,0
392.23637758384706,561.6362575785901,376.0296992607041,18.050572950923158,30.004685057954674,7.360478311914417,6.64611466928698,5.775071357958795,20,30,5,5,Effluent Plant C,1
285.70761840158696,100.0,60.71988067945798,6.043000515622618,28.044380881278318,4.920826594985719,8.583874240289287,1.9720940036042154,7,3,2,4,Tank A (Main Reservoir),1
125.30130399535284,715.1570014872361,470.0750193828694,9.882077406640862,26.203570124682738,6.564247415629566,6.941590952993612,6.182744104710015,22,26,4,4,Metro Reservoir A,1
315.87068345639625,784.9803925308507,504.97980531237255,3.9817115226451008,28.808903498367858,7.069094523459992,8.146338887333831,1.0,8,21,3,0,Tank A (Main Reservoir),0
382.4703026983821,734.33422290315,466.48695584112437,12.707044790560886,30.308993489502118,8.361374652965443,8.454168359396805,2.1621893142927373,14,25,3,1,Tank A (Main Reservoir),0
243.4034130095809,872.9340044851148,572.9585110215803,4.696542586017971,25.35642265205527,6.093211132478716,5.511804160058883,8.304686863569588,14,20,2,5,Effluent Plant C,2
127.29900899634607,719.1475739822447,459.9788841256501,19.584041067187698,29.48694411204819,5.41700011254338,6.529052722672266,5.98636812010697,15,17,6,5,Tank A (Main Reservoir),2
227.32162529335233,820.7449448409641,529.4793416979553,3.4511453575199464,32.31372297679484,7.733666714489013,7.513400711282429,2.109081650602632,13,20,2,4,Industrial Basin B,0
264.0677892237736,851.0336004962888,540.6849554683018,1.149140869789637,27.110087466800568,7.123132278425113,7.491029076806353,3.9774809540247227,7,22,8,4,Industrial Basin B,0
259.19289997383714,789.4465733688696,508.2090401739706,4.126690523867902,28.272491400562608,5.133571703022457,7.1118202767153775,4.222783275789395,17,21,8,0,Coastal Bio-Swale,1
345.72034537739586,748.7672503393766,486.93978440347377,3.1202124222299483,29.935115336011112,5.193408583626606,5.4728571773863814,5.994445437705967,9,30,12,1,Metro Reservoir A,2
361.518725494835,531.9039469113179,342.8626556911114,8.098589265937447,30.205336864358976,6.423748917515682,8.392544201984723,1.0,19,29,5,5,Tank A (Main Reservoir),1
463.3237331209591,978.3336812012343,644.0991589453985,3.2778341341631374,31.513814291993757,7.099503134817945,7.866372785196355,1.2177814649586844,5,1,10,6,Tank A (Main Reservoir),0
500.44472022156725,715.1007958100419,466.27072470718235,15.404966012093304,23.9425001760722,8.867142154912319,9.050017262200729,2.6758739080576452,11,20,7,3,Effluent Plant C,1
350.2596523057488,690.8522823356302,479.9271216292831,3.76241944971505,25.88430999045876,5.902632800792054,6.933009365666224,6.2645056862217965,1,6,4,3,Industrial Basin B,2
3.7723614186108563,953.6882931512777,624.139896425019,13.27474074881032,26.032485231801385,7.846532552302739,7.040575276923652,5.3085429838868405,6,29,1,1,Metro Reservoir A,1
206.99485661031088,863.587408100469,543.9769399136284,9.638665193732264,24.384351339349294,4.846979042600529,6.33407695355404,9.285666195611395,15,15,11,2,Coastal Bio-Swale,2
218.78053173314163,590.5339036335263,381.71821320268566,43.867060165156246,20.80634431456874,7.633153065270061,7.426153344841784,10.87413045819078,2,26,2,0,Industrial Basin B,2
204.02321353810504,1175.1975928814813,762.6159538954671,93.20158504807455,15.0,9.00790181536029,7.185112809980964,12.282444338195443,12,26,10,1,Coastal Bio-Swale,2
79.72745592059823,443.2328045262861,281.96501055828315,21.365819443599396,32.78181084701192,7.370045659984718,6.388226102901669,5.987943890973376,2,14,10,3,Effluent Plant C,1
167.40003406092433,490.55763682677673,319.58857227976705,15.270470634523678,21.784427982209827,6.398202491071768,6.74695511517977,9.408700987753404,17,20,4,4,Effluent Plant C,2
61.48773409929561,1000.5061903530375,643.8950531074705,5.885039725308943,34.26603650682363,8.679043386000682,4.051719150494503,8.888148523872715,10,15,1,3,Tank A (Main Reservoir),2
183.27930938875343,1325.3406792243331,864.7996394852485,14.994879231767715,30.95763795446585,7.618658197564406,5.2061155562757495,5.212449435907595,7,14,8,4,Metro Reservoir A,1
314.40096428712116,626.7793423311684,388.31969538755123,32.39037839983345,26.377246480774986,7.384313528082614,7.726437799379108,4.283926432998023,5,25,9,0,Coastal Bio-Swale,0
320.6632071189639,923.8464118199437,611.9417524008825,1.2365516570487016,30.465688419258935,5.978720471892648,7.990923375755597,1.0,0,21,4,4,Industrial Basin B,1
293.39126201200486,442.29093251949325,271.7062023761665,8.720057733360896,29.700532986854885,7.6365238880733965,7.184625917279369,1.0,0,24,10,1,Effluent Plant C,0
309.59500973337344,521.3044051732084,336.21230784242005,3.458983701379422,23.592902548240904,6.378340614782319,8.291207312745483,5.762146155960569,22,25,3,4,Tank A (Main Reservoir),2
223.49024339778384,1139.6594575162044,733.4515794945611,9.161656076980726,27.940088905481478,7.573730501554801,5.839653057628137,6.2721359105316274,7,26,2,2,Tank A (Main Reservoir),1
403.98863411309225,909.7289092271408,594.3829917081156,7.281970374482447,24.08064490983403,7.258246967787162,8.72748784478234,2.7020075765266554,4,5,5,1,Coastal Bio-Swale,0
187.02247884742002,1148.9689265422332,744.9973911450983,9.574761744181117,30.616512008684367,8.500939855085889,5.5968576533324095,8.861937007186096,15,6,3,0,Effluent Plant C,2
193.53805638627378,1125.8926263309056,734.3467137718851,9.006482554001684,25.139116192802447,6.508792895405713,8.22481308719104,4.279820276824836,10,17,10,1,Metro Reservoir A,0
180.04623521176853,173.13509206478795,123.64973395665494,33.215553909149165,27.613481855213312,7.020783925604662,5.824995866548435,5.556363349207689,4,11,7,2,Effluent Plant C,1
221.3463172554265,441.2136979833236,294.47505806582996,9.033775546079847,27.440804323957003,8.157975884281365,6.5202165506160785,8.416863098973414,3,16,11,0,Coastal Bio-Swale,1
178.96092313561837,882.3427404733428,573.8858547250885,19.72310879080245,28.48631600215753,6.916754914135751,5.503917910694473,9.087992553420847,5,12,6,3,Coastal Bio-Swale,1
155.70445814486365,290.87300571783186,193.66253138297733,4.853982316124777,34.650220324456086,7.1741686251734205,5.600592184859472,4.330610571525187,13,15,1,2,Effluent Plant C,0
366.9539706950909,483.7084872187763,334.01059188036055,6.764326066897027,27.036157668576326,6.711922342181785,7.136565555208601,6.229025494863679,21,23,12,0,Coastal Bio-Swale,1
299.33957542355705,1228.090221323123,806.3010268068566,7.356587203870322,32.87170856789806,7.003624993421965,5.905961428935742,6.666799909434898,18,4,8,6,Effluent Plant C,1
100.35112989981238,637.5302370167344,411.4592747180052,4.267390191072537,29.91998797734015,8.005149086514974,3.7359238930167966,10.952539655746904,8,27,2,4,Industrial Basin B,2
278.16124382614987,1013.0895735863104,671.2868662050031,5.7769757021068155,33.67361018414633,9.403094880240994,5.364993230415282,4.184636298083182,11,18,5,1,Effluent Plant C,1
297.28747497491923,791.5495189542985,518.4202905284885,10.125803226309907,26.646256860740724,5.185798573742115,8.828465314354034,1.4729652809886733,10,21,9,0,Effluent Plant C,1
353.18645696888734,596.019123711615,377.7846818998791,9.679477231508017,30.784544967878272,5.6819772860238436,6.027270678709759,6.844382887682597,13,28,8,1,Coastal Bio-Swale,2
516.3915366902094,300.7372181898401,193.6719689215783,11.1179812870155,27.762927909598634,7.030228555841284,6.948757566395192,5.298443351987145,22,3,2,4,Coastal Bio-Swale,1
289.2335795553585,869.9906319693132,550.7713371452239,5.335836273794807,16.042427915347147,7.259572516281023,8.837517694051124,4.870538707264439,15,22,9,0,Tank A (Main Reservoir),0
470.11562333050296,1236.381661720659,780.7978790791077,4.795510395838726,23.640625659918097,6.93881773105792,8.175531044528716,4.385882163112262,0,8,5,3,Tank A (Main Reservoir),0
313.7920698056204,604.5417560702735,383.4617385335221,10.457655857314336,30.329507783811007,6.536065712558315,8.243564509041157,1.0,12,23,10,6,Industrial Basin B,0
274.16236977714783,820.5795062686581,534.6024897614325,2.4255685519944,30.065059665119993,5.721170994814388,7.637946315806465,5.0266940533038404,22,3,6,6,Tank A (Main Reservoir),2
508.94725351894584,344.06335899440234,224.8962720911834,3.9173232169155843,22.820090445460306,6.46708211144125,8.264609335790741,3.3142637587076202,20,8,3,2,Effluent Plant C,1
343.7285049301074,598.3474426249859,374.8100808549902,1.4304084701314548,28.881470195352016,8.180683942797465,7.697498016163633,3.2158367803040577,20,18,3,0,Coastal Bio-Swale,0
434.59715736026624,902.2644978384682,562.6843043224173,1.7538200926715326,30.01304090610202,7.311680131537871,8.030577416127535,2.9808506423949965,12,10,10,4,Tank A (Main Reservoir),0
287.63442689823734,1023.1147461199437,679.7322097211705,3.788984671868151,27.861337721049573,8.010674277485883,6.424997055729543,4.261294889093556,1,25,8,0,Tank A (Main Reservoir),0
141.13410617058838,966.7846249874561,629.3629374334489,1.1972249640960237,30.915274550638546,5.755903116034645,7.246187662558771,4.9010722719181565,3,20,11,1,Industrial Basin B,1
554.0997671267775,190.53460677582893,139.4046141834513,3.8158150824201593,30.370221231715075,8.93297198485544,6.738178059624628,4.293664958227882,5,17,10,5,Industrial Basin B,1
216.43328616157672,662.9195482595771,445.88361733708217,11.641422354999044,27.85942568238117,6.525738418485018,5.876970734782616,8.628587594040697,22,8,10,0,Effluent Plant C,1
301.3049616610724,509.81566691161294,338.7272801682784,1.6305384085451444,25.956700724543527,7.770241953536518,6.608328290165726,6.431557239623977,4,23,12,6,Coastal Bio-Swale,1
230.87874978719,707.2915172548869,460.3309220325944,6.740080475653704,32.17016636837004,7.04990336163598,6.047607043849808,4.454707940572865,2,11,2,6,Industrial Basin B,0
408.97606228604445,766.6425693537964,494.3411619380133,25.430983671230507,29.852648391515284,6.551982793715926,6.6258730132758705,3.4369706913882467,0,29,11,6,Tank A (Main Reservoir),0
345.65555923880004,1119.9055673585713,735.1245840155717,16.66784774322994,22.474269389878806,7.719382249518388,6.806123333965056,7.408369221076513,3,5,12,3,Coastal Bio-Swale,1
189.32151055854416,888.5711110080578,575.9726434968802,4.644731313403045,28.88359062432555,7.920611756672625,7.3921662026734065,3.5197564155856726,19,26,12,0,Coastal Bio-Swale,0
334.9689538653396,1225.3495918661254,790.5810420873767,26.87676912271928,23.395901162169064,10.0,8.024530992193558,6.175441647267938,1,13,2,2,Tank A (Main Reservoir),2
489.6657243209688,590.1469056718461,362.61644184381134,4.999500889434858,24.1417282702833,7.967123936973355,8.34778120341865,1.0,4,21,5,0,Industrial Basin B,0
427.7867462149509,374.8770326234533,242.8390181210786,1.7527919228169786,25.392359858457453,7.949122985208991,6.949146708288013,5.415991641207508,2,23,6,5,Tank A (Main Reservoir),1
127.37439410012652,1236.5727922461392,814.7390238349518,52.2536569839554,28.17949294263881,8.573857948437768,3.3906170198749495,17.005522934743595,8,5,12,6,Coastal Bio-Swale,3
377.24475263243863,930.0365713701894,617.1169371895737,21.40394129612872,29.497942310365143,7.83822482456856,6.156700965984317,4.621534234254648,19,24,2,1,Metro Reservoir A,0
234.47914765248905,577.0184697923311,375.59479247066395,7.272335739754134,26.364232443034915,7.1535422772641875,6.87070635526182,6.595040588493875,5,27,5,6,Metro Reservoir A,1
110.6004511017816,931.3468635530861,596.4883578034387,11.977422398475893,26.539269534825063,7.590870041092356,5.876705677358378,8.935319483412625,17,13,7,0,Effluent Plant C,1
302.07240396862585,1050.5778701598294,691.9030541590772,12.123910143876788,25.987025378793277,8.225768442781632,6.890584057564748,3.6434597129982405,5,6,10,3,Tank A (Main Reservoir),0
259.7795472652841,835.7572439022775,543.088554060013,3.1627001668348393,32.19005454835052,8.868915806440176,7.497804296333822,1.0,18,29,10,4,Tank A (Main Reservoir),1
249.52927637535385,581.2890715920386,374.181143187559,3.2320434460412475,16.588225985601387,5.387178355903129,8.478923367088687,6.4097388243941245,11,5,8,0,Effluent Plant C,2
253.37913444905928,667.6211585432973,419.3946038584852,7.340874594597226,26.76529036130087,4.931711203035604,7.667859615889658,4.972021888668143,10,9,12,0,Effluent Plant C,1
140.60360969602544,887.1864493549405,597.7088068501693,25.255795108937836,34.17993918152946,8.818050538005656,4.828389639439607,7.4595820576459255,1,27,7,2,Effluent Plant C,3
366.0704918375957,859.6663866067062,566.1671357849644,1.100440478516253,30.06892020110955,6.243047372632292,6.348141452356938,4.274730843395761,14,16,8,3,Coastal Bio-Swale,1
104.92042939625088,1163.6780173356242,764.8531963538808,16.255823411999778,33.067388962268495,5.210480407534849,4.63840210876405,9.104992429182726,11,2,12,5,Tank A (Main Reservoir),3
565.325493071136,717.2269362793908,457.56941594552296,1.5924777779814374,19.86300456195631,5.097643758353302,9.4883810398406,3.8666781007522957,11,1,9,4,Coastal Bio-Swale,1
318.68272041349326,510.87182048734485,332.86417999165917,7.505132890924001,23.03100307412351,9.362217630763068,6.935760697712561,11.263166503667689,8,8,5,6,Effluent Plant C,2
383.2472544436492,1573.1162988710096,1021.7106556065614,11.157598389919247,30.05619256274587,8.253135377433589,6.1223247598839565,7.209907613936394,20,28,5,1,Tank A (Main Reservoir),1
144.18394617761982,852.3464598463208,561.8461450103041,12.607832693066607,34.202522373030675,6.245888622433977,4.376407954292584,8.295239153006449,23,19,11,0,Coastal Bio-Swale,2
368.8361880343243,1050.2788273668612,696.2784223499078,1.6025890629041668,23.435055132621088,6.295494791319164,8.075302211394096,4.179967511552438,1,30,10,5,Coastal Bio-Swale,1
201.85850651091408,956.5545116077641,607.418276571477,6.423225127273678,26.448952869173908,7.26583594458737,6.988543065529176,5.5748590292731945,21,11,4,4,Effluent Plant C,1
410.8097512531496,855.9723315682668,545.6352395395423,9.766788945043576,29.60585656746798,8.231268597383822,7.703708592097627,1.0,2,28,9,1,Tank A (Main Reservoir),0
210.73917990307262,731.6768807770496,482.04735100886137,1.6832759708748286,22.19000641164921,6.847190686641147,8.7035921640152,2.43737179444619,11,12,5,5,Effluent Plant C,0
349.1883180139183,100.0,59.919706405575525,2.4513509200848373,30.086765038323932,6.25676607071612,5.256504226682916,7.478096980724642,15,12,2,3,Tank A (Main Reservoir),2
301.3090917844723,481.03362776065376,320.8205992231726,11.895999902160565,17.297261403855053,8.56205587424363,9.531664016975823,4.98897707808151,20,7,10,3,Metro Reservoir A,1
418.2986376793849,898.7357640251884,580.4476531725524,8.373879219050504,29.96895785785942,7.16899422634064,7.997772441931577,1.4627530057313107,23,26,8,4,Industrial Basin B,0
436.29835316368485,100.0,52.51225369325003,2.765327379057698,24.019660128448628,6.970048901211099,8.540477163100293,2.2239070134334953,0,13,7,6,Industrial Basin B,0
323.77553576992125,821.485517813084,516.3720916906683,8.662327089422984,26.209611237934347,7.9105495496944185,8.550635990888429,2.7893853007851432,20,27,8,1,Industrial Basin B,0
198.80174919901057,998.369153259297,653.7812288189353,25.383174596363002,30.60753579174787,4.63640194603682,6.2475535521012295,6.421548597096021,2,8,12,3,Effluent Plant C,2
353.7838408003953,1049.98358513103,687.5758357706437,1.1571034857337674,29.789008621969003,7.7689617614197175,7.000052300208312,1.6130954482799775,19,29,3,4,Metro Reservoir A,0
297.5184587020981,979.4465742394118,646.3424306783298,11.289941784440336,27.968075182593182,7.69309936031164,5.409728770170066,9.398179005470288,1,29,4,3,Tank A (Main Reservoir),1
301.77701804733454,1087.517585485134,710.1651666284417,1.7650361514511992,31.876162206541398,5.545300141539201,6.9246172513390665,4.801118941151632,8,22,5,3,Coastal Bio-Swale,1
480.89211622332215,1281.6834149725632,795.5198665195743,1.064703304789676,21.199295949524704,4.870352245220788,9.279816881349166,1.0,18,28,6,5,Tank A (Main Reservoir),1
300.8992862624419,1128.835380622755,738.7773384832599,2.6328921274932973,28.817657486005654,6.5227661357266085,5.228290106112793,8.871711318430657,14,26,1,5,Coastal Bio-Swale,1
323.86108651333376,859.0494196705791,543.8075481407909,6.497512090205884,24.839319476566068,7.419568032366314,8.039620130326089,4.512401861139736,17,30,4,3,Tank A (Main Reservoir),0
237.21833935902004,759.6140435681743,475.07194833771655,17.212271278584765,31.672125874719946,7.541845220893012,5.353704220630157,7.239206327562438,10,9,11,2,Metro Reservoir A,1
314.12008389089135,834.3913623658074,522.4728393485598,4.309870033040478,30.74826827854448,9.2448557757863,6.5253754994251185,5.351210931432331,22,7,12,5,Coastal Bio-Swale,2
387.2729942449032,717.3505544975843,445.4759806970111,10.826260994104402,30.89339287545602,7.4201033508254435,5.902795729201558,6.33489219315926,15,26,10,1,Effluent Plant C,1
273.7987475228681,1135.2742196736876,740.7180238070536,6.295950695021212,34.581527330828536,5.521408007806122,5.605646334274712,3.599067982201952,21,21,5,4,Tank A (Main Reservoir),1
394.277176825033,971.6300624902963,624.2476982095523,3.670063518582657,32.50539012973991,6.898834267164002,5.544577485832783,5.359295031633503,16,24,7,4,Tank A (Main Reservoir),1
337.31274124267844,685.677063665982,430.4990384704627,8.220552499967035,27.370314664906356,5.64162792601334,6.370758856620215,4.374345405501545,4,15,5,6,Coastal Bio-Swale,1
190.86112470893747,1197.2263350836286,778.4279433613827,16.968400516240653,27.994928586050012,6.9850757356408195,5.813476689181407,6.783154381595926,11,2,1,1,Effluent Plant C,1
298.5489399361769,712.4363437896167,452.02429121745126,18.867263768508558,30.403753522846905,8.89069290897951,6.634574990576405,5.329544983499406,10,23,11,1,Effluent Plant C,2
208.63031061270323,516.2685061780167,345.38523825449795,19.741819635509394,28.54469869899132,7.751091367655174,7.362728382060542,5.104056900542549,14,20,7,1,Metro Reservoir A,1
245.01223720142542,796.7772360047614,532.407397141432,5.133326953990451,30.82069328763887,6.335058243828014,7.230648218138007,1.0,2,25,8,6,Effluent Plant C,1
381.7260167371907,552.7599548984833,357.11794832622104,16.772421275445474,19.078718300907887,7.910808923785669,7.79827621279389,5.661628824939533,0,12,7,1,Effluent Plant C,1
373.80359084580004,1080.8617212611762,716.3328626848491,3.384836806457748,35.523214075173264,6.266661403554721,5.960578446002945,5.012324680315736,19,1,11,0,Effluent Plant C,2
194.6546563183436,546.3703448585075,368.89663176455394,14.410346167661697,28.244114334225284,4.0,5.638594135211461,10.98765678321292,15,23,4,6,Industrial Basin B,2
277.41454262946047,765.3891115367517,498.34899993601806,30.639318356098762,21.51013867642976,5.719819308095849,7.508842686185813,8.50202985552485,1,22,8,4,Metro Reservoir A,2
319.69936805873755,1081.9122475836773,720.5774955954383,1.138391555776704,24.344826593665914,7.750128482223958,7.823631060722358,1.9397924283478947,1,8,5,0,Tank A (Main Reservoir),0
439.8432207604829,586.339412424397,374.90399802538286,6.804685836195987,19.48269179532311,8.126803248353172,9.870090693164826,1.6364357077504077,2,5,10,6,Coastal Bio-Swale,0
514.2458926058442,923.343059995893,580.6204374064147,11.434737138366044,23.639059679256995,9.261177224016969,7.764241291358932,5.945787353851989,7,15,9,3,Tank A (Main Reservoir),2
465.6750062033906,507.9753924486641,314.64022430039563,13.099096273954784,27.43100628544086,7.609415554804028,8.041566695896627,3.0750666493261463,23,1,12,3,Metro Reservoir A,0
333.31524745087245,873.3149381591542,560.977863256518,2.936912574983725,34.05885844997761,8.816591152090325,6.487244592485648,2.5882607670769255,14,1,12,4,Coastal Bio-Swale,1
273.4159917119452,970.1740546572566,635.9561560245185,36.82117829057807,29.642698341679203,7.956111789757806,6.06505097030942,5.43773948121008,6,25,10,3,Metro Reservoir A,1
287.1314500748218,787.3548404955596,500.23241764485095,10.552014498054502,28.931442447858302,8.324883252566439,6.790608359281015,4.0694411089098885,5,10,5,1,Effluent Plant C,0
170.57954168506643,810.0578862434958,519.7796175239873,2.7953416665175332,23.459581915137154,8.522064583906895,7.950239736291692,6.487901163781631,8,22,1,6,Coastal Bio-Swale,2
365.69590318113865,933.1957464681589,594.0824703188842,1.2073602472282086,24.702058777385954,7.7844205877043375,8.949359395198892,1.0,19,10,12,0,Effluent Plant C,0
284.5199078419834,715.8474246126591,458.77180614644396,16.290761731478348,25.01228922651122,8.489818466016763,5.489605889164314,9.51302594610991,0,21,9,1,Tank A (Main Reservoir),1
278.1772089747405,1066.8660893238884,706.8900524499685,1.830607250424252,25.17548555125558,6.361736340740739,8.746940910542012,3.5706521925731405,7,15,12,3,Tank A (Main Reservoir),1
357.82856004417226,1211.3423142026272,790.9482631400007,2.5204563823138972,26.59385249500558,4.288058447722561,8.554063554060978,2.3497985945733784,22,17,5,5,Coastal Bio-Swale,1
167.2335619697246,522.2646022209135,333.7020987776721,9.552662532009897,26.895955753134075,7.980887644911791,7.166494074719197,7.61854702022491,22,22,6,0,Coastal Bio-Swale,1
420.7796422381718,1330.1178723373105,876.781328251119,10.250931180782665,26.643686505492607,7.649734237030408,7.916516053936223,4.40634278973801,2,6,4,1,Metro Reservoir A,0
247.6009643823387,708.9536721504693,461.07653927778085,12.611915099834453,25.314703078926073,6.149673481709998,7.836673587393604,2.120622970114231,3,3,6,6,Metro Reservoir A,1
457.4069895898895,1398.3034849159549,910.2338202059332,6.000736550094066,28.540212663248905,5.6850571180024065,8.156959943185294,1.0,14,13,12,4,Effluent Plant C,1
370.7944088904328,713.0248742408412,474.8939209232223,15.867720127930415,26.7423408665329,7.356809879871143,6.651347060634258,7.673106221970702,5,16,8,1,Coastal Bio-Swale,1
186.85050358382006,1012.2135725425911,654.5126108542071,37.63547031256102,21.61773101511109,8.060306342862614,5.99147396953642,10.042759414430744,14,8,3,5,Tank A (Main Reservoir),2
270.31529278628045,1010.6031834588223,666.0544738779338,4.1621179287607255,28.13752728903174,7.823892086803903,6.833181461389494,3.1770663263715964,20,30,5,3,Metro Reservoir A,0
279.9740259350309,683.8065385329942,452.9235364641021,13.141194968012034,27.532944008873695,5.976425597105952,6.081682090765361,9.278094080941123,2,15,2,0,Metro Reservoir A,2
467.996077824015,821.7882164538208,532.7068909585859,27.376194973239016,21.681490189779296,6.245539584755154,8.02151241099389,6.845112330566883,20,17,2,4,Tank A (Main Reservoir),2
391.2016664323096,1231.9701669070432,786.8186753291192,12.592759670890674,25.634794213213848,8.003382426209662,7.284163484668171,9.24329062440351,20,17,7,0,Metro Reservoir A,1
348.6800323912869,703.3452650713981,457.3013399375359,12.429074910612144,30.388290244045436,7.287223350076441,7.080907272860831,2.3708045959127353,13,22,10,4,Effluent Plant C,0
307.64314179705934,674.7361801236237,449.95104954677225,3.5330972066302238,23.454200245357182,8.472184697694901,8.133510899521594,1.1139212830143008,19,26,10,6,Coastal Bio-Swale,0
343.32824238521516,453.95983964416547,303.27157646346245,8.659979132898037,23.031283721086027,6.812073672341679,8.320661966059266,3.3250500022467833,13,13,11,0,Tank A (Main Reservoir),0
184.3530596262614,1270.2656660314794,842.7751868316348,9.267307885009899,26.700465512033045,8.087429760965152,7.963225541351438,3.7280376813208758,3,17,10,3,Coastal Bio-Swale,0
164.9106115843585,655.7670315486189,421.34456844087066,13.044047724639157,30.491729079247857,7.152420208764577,5.092305218187974,8.757665353399947,11,6,6,6,Metro Reservoir A,1
209.74826366663828,1159.9940653843832,761.7891472271715,58.513301283590856,35.241310362890786,6.332638515482433,3.783203003734259,10.731359398495808,16,17,4,6,Metro Reservoir A,3
325.2789584160702,619.5935548787074,392.67293313278043,1.3422279900500593,30.635741419414735,8.31379540021214,6.994854405905429,1.8564947532254341,6,16,5,4,Tank A (Main Reservoir),0
264.30917233971815,1150.5753845586241,749.8898395695093,1.6745761623835973,32.33931096062443,6.00892690152859,6.868405080450683,4.200934351109075,8,14,1,2,Effluent Plant C,1
353.5131217846477,1041.992935016825,688.3495318130861,1.8115590226161231,29.386790514006655,7.288982275117333,7.625849523430442,2.8970005498158637,2,13,7,0,Industrial Basin B,0
329.8319316452301,731.4704236800925,484.52002126607056,14.585980086236232,25.25953608142908,7.4129836985733775,7.6238584148531565,3.0473236656335807,12,6,8,0,Tank A (Main Reservoir),0
393.7479785559517,579.7172086131741,377.846916017804,2.465920791218871,30.60684430638765,7.055653546195445,6.415458313967363,4.007366784428897,14,3,9,1,Industrial Basin B,0
185.3679224049651,604.0908273625836,389.9785161600664,10.74057233624766,27.657567804287517,8.388959400150437,6.778293799581843,4.501488902148559,17,14,8,4,Industrial Basin B,0
399.9121571516621,600.2600389694688,380.220715416462,4.9255215712159615,29.508135351312053,7.887138470468193,6.509907261886339,2.1955163031688705,18,14,5,5,Effluent Plant C,0
370.877798189292,1119.554954037092,725.4529873969519,7.112353706742219,24.215880694596155,7.7441141870668195,8.061189218131716,2.3821433062865567,0,15,3,2,Industrial Basin B,0
293.71521781919205,848.0691093840218,538.142882684227,3.4291670781186046,29.865783203359225,7.282155677246075,5.104399915839485,6.786706437581224,5,8,10,3,Industrial Basin B,1
135.35359887362478,465.46327024738895,299.1191851781586,21.107110290131978,27.517967212936416,9.427593256034985,6.748908789743501,7.3809585952887335,22,29,11,1,Effluent Plant C,2
348.65482771098664,724.359976699676,452.7717527013905,9.822524729373175,28.925030988736335,8.957600710658161,6.377453769553033,7.813258661758211,1,15,9,2,Industrial Basin B,2
341.71092489260326,760.6939694179151,481.26440784135826,29.925127927569633,27.659707300699473,8.303314939006142,6.476286651986257,6.141257504291833,23,22,6,4,Industrial Basin B,1
556.2812621016567,158.30333191587863,111.42522475088887,9.54716560327097,26.891187538633268,8.106123276952076,8.216657601854555,1.691509399957261,13,29,5,2,Industrial Basin B,0
284.95912009058213,741.0461256721493,489.093922601917,2.3228420565356087,29.938763118473634,6.477290187261545,7.794573868344773,2.5105777945210304,5,27,3,6,Tank A (Main Reservoir),1
219.0819300750466,1016.95789280862,658.1341519382834,2.8737884394636577,26.375635484433744,7.141104954927818,6.905967664935547,7.369320861856379,13,13,6,0,Tank A (Main Reservoir),1
204.92444379920846,758.7116353227676,493.81025085599526,46.166078460828174,21.64524747848964,7.962985083777142,9.52868141382638,3.8153946504929372,3,17,3,6,Tank A (Main Reservoir),0
163.94715283134252,876.3220636239956,571.598298079089,13.930415592882978,20.50411969727022,8.461897254511793,7.110730027057304,9.727174212858431,20,21,10,0,Effluent Plant C,1
552.0061034820008,945.3539392318316,619.0833444008024,1.5053437194635704,28.73766627770791,8.270457364112728,8.678784411196768,1.0,7,24,12,1,Metro Reservoir A,0
294.843569336902,697.2193277686782,456.7257301221578,13.16656250354723,26.211128741084575,7.897154753668322,6.508628496820865,7.655685798183387,2,3,6,4,Industrial Basin B,1
338.8660232829707,1019.2263983481176,649.129400143524,6.3132267169271525,21.083603290271796,9.6007511186572,9.252546005648826,1.569947024066109,18,28,4,4,Industrial Basin B,1
380.07945781748174,1237.2452893495101,779.7786018586921,4.670260274988584,28.42613986821512,7.0372942283654005,7.849657495432423,2.6815218777777328,13,6,2,2,Effluent Plant C,0
397.86848304407397,342.84240876577854,212.67868020646495,2.673077821595589,27.624501780106563,8.415827765412466,8.451176250565304,1.0,19,5,8,1,Industrial Basin B,0
-12.359428037189048,696.5450742780379,451.21099452192755,19.31981359825229,26.00154562710907,8.269728056080996,5.047716898749041,11.493377042899617,16,22,4,4,Tank A (Main Reservoir),2
109.29533347955575,1498.8852450361137,983.8772459672174,1.6597034997045021,28.98723727272341,7.732879173508033,6.023398207457706,5.890462600116372,7,26,9,5,Metro Reservoir A,1
375.17327723627454,851.1696149623998,555.6038466328497,4.4225859266779946,33.26037604043122,7.776600279762791,5.482306339578896,6.3433541387553305,23,17,7,5,Coastal Bio-Swale,1
389.47505133568643,789.5444148526984,518.5476352826545,4.658351909388798,33.13836287474056,7.752413765790773,5.5311225379422755,2.987231722923167,13,23,12,6,Industrial Basin B,0
233.02492790991067,722.5872709333806,460.7129098923537,2.754316873056574,28.57505857243434,6.35011641700238,7.6862725051904315,1.483168636556016,5,25,2,0,Tank A (Main Reservoir),1
246.92117480133186,1182.3305432818458,767.8075641379897,8.096524121508189,27.661158268548586,7.681033213760192,5.834825815654163,7.139244233864182,22,2,4,2,Coastal Bio-Swale,1
317.1422907887254,518.3020411312496,337.55117532988436,1.1177164151195225,28.630940830446725,8.097936776578317,7.685638703043779,1.0,21,26,5,3,Metro Reservoir A,0
431.06187162186006,1077.8523580055412,693.0472643163127,4.58069509336628,29.236027731097394,7.586323733027565,6.576421450564964,3.956688928619019,15,15,3,0,Coastal Bio-Swale,0
410.46223879579463,716.974690766524,455.33794993946736,28.125017550786747,26.92680729176778,4.989500690869454,8.080499603621494,3.0603114057025196,18,5,9,1,Tank A (Main Reservoir),1
207.4963989457112,575.0471231875445,371.5138523009435,4.71831467863454,28.698172239812408,5.29659735967096,7.0306023237770185,4.8436768076194525,13,26,5,4,Coastal Bio-Swale,1
434.731681816166,730.669204799254,481.5473466006637,5.4700515271899235,21.70548171583281,6.218121619797192,9.385379919188459,1.0,18,20,2,0,Effluent Plant C,1
387.7535809071081,786.0858542293781,501.9062903599644,7.408679639981633,28.325395533387056,7.065687299513951,7.843232706175553,1.0,2,6,11,3,Coastal Bio-Swale,0
367.6278304194819,650.6769123731495,420.85806571473984,9.248365561148585,29.90725438009842,6.282543713870987,7.832284837284019,2.3453781931177105,9,6,3,3,Industrial Basin B,1
224.26946541268745,1133.8317553445165,750.5405373173519,17.53957593419772,26.040632231974378,7.975094418503042,6.96273280764112,7.598216815735732,18,27,9,5,Industrial Basin B,1
363.83822896507377,577.3747715231669,370.1001883812472,3.111176817685962,27.618109422855607,8.63039869863874,7.6056580884364635,2.7171645479828013,8,18,7,1,Effluent Plant C,1
173.0592218636936,842.0224543879482,547.3874252226705,21.53745547318976,23.553978477195503,8.800403689377546,7.235215522387894,9.104540516663084,19,18,2,0,Tank A (Main Reservoir),2
106.92870404747816,961.229777416409,623.742274510909,15.169571239345565,22.998745668162748,7.604173526864958,6.299763705481062,10.01905195691295,12,4,9,2,Industrial Basin B,2
198.4317517278531,838.9169146050119,543.4180782116964,13.824762391214456,28.843260311836765,8.500993220345839,6.996735144734636,4.456546850056565,6,17,4,0,Metro Reservoir A,1
298.02035746206207,1031.6689800449874,687.2696186725819,1.908053727869531,25.081747937049535,6.52493787165752,8.396541102486646,1.0,13,25,9,5,Industrial Basin B,0
337.32814000347173,669.9307901709352,438.5125467014485,1.2187828375545533,20.8926973536959,7.018015593558955,7.519179967094478,7.018918152583599,8,14,2,6,Industrial Basin B,1
453.46547129849785,986.7881119436963,625.710451766029,10.014334028945658,23.552886803462233,5.799614181431203,8.67591437694938,1.0,22,14,12,3,Tank A (Main Reservoir),1
515.4323209726672,995.6684600350084,662.4686974884863,20.88752660176525,24.134483624831724,8.648279218766078,8.503210739900235,3.3789615448600654,18,13,10,1,Coastal Bio-Swale,1
365.52200127528016,1090.4360231721855,711.5315496738956,9.781317940814118,31.098321990926966,9.559135022407862,7.668445350375732,1.0,14,7,12,1,Industrial Basin B,1
322.9319948067779,234.30261552170293,148.56095645257722,3.398255064200157,28.71645604547387,6.781682740158205,5.561543528824689,7.229319682483042,19,12,4,2,Effluent Plant C,1
318.18246364983617,952.7138416022201,632.7584220978314,1.948821591623648,24.5135912073708,4.595806873727814,7.607164521690323,5.911139206825635,13,23,5,1,Coastal Bio-Swale,2
261.98638807505404,1070.3809308684843,687.9607054332641,13.026285509652524,25.648936380115362,6.053517761872137,6.719442534333211,10.157485725838086,23,15,2,5,Metro Reservoir A,2
386.0762639280478,676.5624107628538,456.92256792466105,13.793081659394916,33.2483376644289,6.4197932734966106,5.803632049169738,4.0555413374092835,5,19,10,5,Tank A (Main Reservoir),1
415.88784433817364,635.6535727270336,414.1078486982475,2.893844814521696,31.744409740787805,5.608556652763572,6.747251068686467,1.8174590062198204,20,11,1,5,Metro Reservoir A,1
393.1762034801815,589.5867184332633,393.2869554516829,1.285952915285394,23.52775828807269,5.963630819311986,8.532232766759957,2.554163388517659,3,15,7,1,Coastal Bio-Swale,1
330.8083419069144,490.39830310028793,349.4339181310537,6.247276662825571,32.6541034385053,7.445541870708554,7.858296692300455,1.0,7,12,10,1,Coastal Bio-Swale,0
248.02782800217162,999.7280162023408,651.6241259196324,9.739947093863588,27.67748476620076,7.991666963265325,5.467361893158198,9.259950051273043,16,3,1,5,Coastal Bio-Swale,1
235.51904615795306,1484.5708749542514,964.0027497198618,13.24183707483814,31.198446504224975,4.722730843165387,4.045010535452961,15.454085433365654,8,17,11,1,Metro Reservoir A,3
352.2064456029252,633.1939933525591,400.9057996332226,17.604418231860965,27.346768179993973,6.56140618382226,6.925415115970152,3.5890064295549724,0,3,11,1,Coastal Bio-Swale,0
218.13041039040857,660.0354661385027,427.81734842233465,10.429875089346321,32.7433167949687,7.245211445650305,5.499036398680173,6.821081751659325,23,19,8,3,Metro Reservoir A,1
422.9091754468119,804.6189610633686,512.6406069385163,2.1752375394608707,23.361517553840805,5.919878934378406,7.351749541206735,3.751056377528913,19,20,3,0,Coastal Bio-Swale,1
136.1855220488798,319.4074962890962,205.74518829323307,12.475347288342324,26.978198274473936,7.483420986357468,6.164460065871794,6.5727560133397045,13,4,10,4,Effluent Plant C,1
120.47463594073713,591.3354996524381,413.3149160788181,42.462681327634414,32.86583911159647,7.058604338888095,3.8925224566787087,11.42536419017586,10,3,6,1,Coastal Bio-Swale,2
297.2598664768205,782.9102959210201,510.08767189441164,24.600509204061577,18.429567407210946,6.661691254259925,9.539950535026552,3.0307768139030533,20,26,7,4,Metro Reservoir A,0
319.9309180629642,531.8215030997251,340.1471018555803,21.531417083425207,27.81575438350214,6.162610065892036,7.642004095901187,4.717370053450743,2,16,10,6,Industrial Basin B,1
372.49726831423743,1159.2324129649005,751.403887658957,4.597799786568497,26.42581472050725,7.5280893477004724,5.944398403174158,8.0692466584669,8,12,1,4,Coastal Bio-Swale,1
328.0047318024779,411.8547904796322,263.5868998193296,14.89452047183132,30.73864492217498,6.283814850343649,5.957805951945682,7.015956730805552,13,8,6,3,Industrial Basin B,2
53.978885855035884,1070.3015972606345,706.1800569508288,20.045034823749194,32.279653741643884,5.120383453810393,4.778576897291938,6.9864627105585875,8,24,7,1,Effluent Plant C,3
212.51392899933148,1240.55068156562,805.4556970386514,12.342173047887353,30.921135277227858,7.226519188261123,6.291719043485735,6.763268827027385,3,29,6,5,Tank A (Main Reservoir),1
146.8871222068667,914.517423454048,610.5252061792626,3.884313618562944,28.964001013588984,5.713172087628164,6.998759181240153,6.212105889505901,3,29,4,4,Effluent Plant C,2
309.9303055436305,758.7648329132068,490.0361485530739,31.7551107334504,28.16225819238144,5.22456443954555,5.691670383854519,10.648801329556406,7,17,1,1,Coastal Bio-Swale,2
229.4236715846099,873.8845438917494,565.5091607593682,6.9932795068506675,26.629157514080408,7.355426493923863,7.104006052681857,6.9606488656727254,1,7,11,2,Industrial Basin B,1
335.49185465221706,667.8309398180318,425.1222670244965,2.3903859651862476,28.839890486098525,7.004509012456822,6.960272554007129,4.086858567027387,8,11,9,6,Industrial Basin B,0
299.03362405026735,189.17954045726196,119.1328822746076,2.1628429127460933,33.83861931834204,6.160396059374566,5.788014166087879,5.275393441969809,13,18,4,5,Metro Reservoir A,2
347.1540115478336,506.22430009868987,311.7100927799339,11.427585228587118,24.677950806889836,7.4747282926755325,7.53377837852566,4.940471533830461,21,1,7,2,Industrial Basin B,0
83.52084104530617,796.6462653566354,496.52197064321433,6.757369191161056,26.391674099503707,7.708718773936258,7.967719100863829,2.4373058085009944,8,3,7,2,Metro Reservoir A,0
362.9525476412342,517.7939345088455,342.81279096773903,1.99250194173892,27.69796010973277,7.487794245508288,6.875266077445981,4.04436783810889,23,4,2,4,Tank A (Main Reservoir),0
242.70750775249883,676.0631342692061,421.9866309757746,14.484768325701893,32.00373071678268,7.444229706257846,6.207974588881247,5.107045175612015,22,13,1,2,Coastal Bio-Swale,1
482.18528484359445,943.7537478234483,617.4995910770716,17.06069428444947,28.89320935820882,5.273540367528234,8.130258297078047,1.0,15,6,8,3,Metro Reservoir A,1
270.3300599272537,843.5072517417481,543.2747451336884,13.924967092875095,31.933927582180765,8.751884462819529,5.790672841646616,7.71730158755366,16,26,8,3,Tank A (Main Reservoir),2
318.198610271554,1117.5424316356891,735.7978702848321,3.259736493714804,32.13643996201441,7.8689646337102435,5.6209617694970095,7.159363986257345,15,14,7,4,Industrial Basin B,1
199.5821158559703,888.2502614004807,560.1286257031738,12.704589082107422,30.368147303279923,6.05905089776067,6.296344514190366,6.90188562760048,11,5,8,1,Industrial Basin B,2
172.62642802379187,905.8912249168603,594.8118043327729,1.107807064428996,23.744025533737787,7.185890329927343,6.84958808863197,6.764898165611462,2,16,3,0,Tank A (Main Reservoir),1
412.029986146949,586.3132142581161,384.4195888105661,4.640047984912533,34.644375647586855,7.41394912935079,6.601960614653764,3.936277391836604,10,15,11,1,Industrial Basin B,0
384.93036542599026,400.6681703775812,264.0594729982455,6.0886343579579325,33.64952268437081,7.152792052887167,6.229476573199874,3.066641101894196,13,15,2,1,Tank A (Main Reservoir),0
234.96676206569677,676.1233564968408,450.7191703918599,19.033075861078906,28.25416020200935,9.35167319017258,4.6997838361851585,8.750023697298053,17,30,7,1,Metro Reservoir A,3
428.5006657080312,581.8445352041393,378.9018185535819,5.949430441231091,22.472919030065782,4.8656979636465,8.885093325707278,1.4185927213474858,20,4,8,1,Metro Reservoir A,1
469.79753460383716,749.9697107376543,463.00192314548315,1.1133342754187066,21.75800736850257,5.42856307115291,9.636738699921617,1.0,20,8,1,5,Tank A (Main Reservoir),1
162.07195876859424,480.18849113438193,316.61360014425213,5.343993117263215,29.01726250621484,4.441276993004738,6.47400501872995,5.878815493946444,4,27,12,0,Metro Reservoir A,2
390.24564548326714,1052.7466211705419,687.4820298866127,7.90997689091417,25.192998231476857,7.295851265124271,6.1744080457883,6.053287282166557,15,16,10,5,Metro Reservoir A,1
225.02995787865876,580.7375220459469,375.0331384994528,30.76023506991483,21.131243466558487,7.852817925967696,6.921457251664625,9.866240884898177,19,28,9,2,Metro Reservoir A,1
394.1944782042515,690.8692935880549,440.64731175544694,29.307994243284405,21.682537202547994,7.633918840974603,9.187016590126163,1.7994723739439613,4,16,11,6,Effluent Plant C,0
289.86171004723377,793.9423691078701,512.4533466901827,2.9951740746954,26.120069706679967,6.853050843858599,7.088381889176077,4.006290685089042,2,30,4,1,Coastal Bio-Swale,0
152.5708884268846,1136.953083980505,753.6001023538192,3.047469877235559,28.779718295243914,7.687848352502376,8.226313562198253,1.0,11,4,12,6,Industrial Basin B,0
307.960340648178,1327.607851086459,853.7460247604594,2.783870548653365,33.62285220406331,6.844260582482331,5.155233975005409,6.844269694472277,0,13,4,3,Effluent Plant C,1
88.11055568855389,1348.2325823341384,858.9470637766294,16.55527225376207,29.93688309738737,8.08887081957917,4.140050285998088,9.656774371258757,20,26,3,4,Metro Reservoir A,2
323.8489758401623,415.4613138945775,255.3672271618549,1.060402459802562,26.474381878114343,8.528753108862732,7.3668029954438,5.619527276546175,8,28,6,4,Tank A (Main Reservoir),2
277.8357463431415,688.0578571385009,446.8846479681388,2.3602271990979244,29.519798230691197,6.08257436105575,7.414705282574193,2.5624791541494814,8,13,1,5,Metro Reservoir A,1
338.9806344698832,630.9840648643092,426.8481474562376,8.721030143238552,29.16227034235463,6.854835046755585,8.136421270134027,2.6263475563039735,3,2,6,5,Coastal Bio-Swale,0
291.47454091832697,911.0927383176827,614.2587871272752,3.84436766673489,30.958180828783757,7.049201537672974,6.431205554596135,3.148950974699384,2,3,2,3,Metro Reservoir A,0
296.83032634939116,892.784780964078,586.8124227211462,1.9690355261201482,27.840231545664544,8.910519935435559,7.81337324652758,1.6735303760951432,16,22,9,1,Tank A (Main Reservoir),1
304.0553525386713,625.0994454902011,396.5021800826241,5.460965150629995,32.14479100404844,6.223869532793452,6.883526596765022,4.068373068027125,1,8,2,6,Coastal Bio-Swale,1
302.0357664828566,601.4190773709873,382.17148273739156,4.204912624342068,31.29780720090994,8.517195373915921,6.632259603938676,2.1678950110650566,23,24,7,6,Metro Reservoir A,1
301.9378102176004,500.76987837447575,334.2587942310663,8.156061180153563,28.33080001455428,5.440728395522076,8.549214705265427,1.0,0,15,12,0,Coastal Bio-Swale,1
356.3194428128169,100.0,78.3163542996784,39.744186859256835,27.52310257493638,8.692254721317369,6.288886898683731,9.116357969761163,7,11,1,2,Industrial Basin B,2
208.547397157637,410.5506399401791,260.43794601658306,2.3273700744904153,31.678993915961705,8.222260091252455,6.139228682027904,5.606209071201039,12,9,12,4,Industrial Basin B,1
281.0144099781978,1060.0323995553838,703.2655646600722,5.663729558586155,25.146102727571844,7.01321095405212,5.988825167482738,9.664632933063686,22,7,7,2,Metro Reservoir A,1
387.1994314479109,1239.4113451223739,803.3217725995058,27.880272726693235,21.973548683426426,8.30000845421662,7.635113049698162,5.488446024666558,14,13,5,0,Coastal Bio-Swale,1
506.3791651016079,1204.357276178747,789.9750692771994,21.945392892106334,21.950808033264018,6.5988713553641025,8.949297034990895,1.0,7,2,8,5,Tank A (Main Reservoir),0
231.31008008196494,1072.770182654891,708.7552885912725,6.013226450791586,24.814502099641963,6.092624460021079,7.078346868160626,7.047226913059771,11,8,4,6,Metro Reservoir A,2
189.03805834928528,496.4174160455225,307.8536419398538,13.004897589097022,30.638609195108998,9.247754946896169,4.008419587232439,8.083758523452289,21,7,12,4,Industrial Basin B,2
242.43282131966038,445.6332657174853,294.1760103817002,1.9195851784324343,26.308804581560544,6.550582614559847,6.174321822615163,7.61796343209029,11,24,10,2,Industrial Basin B,1
255.5259385287248,256.69305713540257,181.13691257815725,13.46675230832728,28.818064011244903,8.012402876776482,4.960710687096125,9.76064824098061,13,12,7,5,Metro Reservoir A,2
136.37862342822518,625.0408526348838,400.66990400906786,37.06662968706259,26.018815716475725,8.530609702886046,4.653239178851446,12.163255155759767,14,19,6,0,Coastal Bio-Swale,3
432.7469827770178,826.1318657917914,526.4198984088921,8.710831068640886,26.050570536064136,8.167598422870716,8.300515158985792,1.9407537633644232,14,7,5,2,Industrial Basin B,0
196.0086643184387,497.66471842469474,328.42992132935257,7.901321843012599,23.898145301955385,7.919126005047301,5.655166738653194,9.43436484879385,8,10,4,6,Coastal Bio-Swale,1
473.4291550562443,929.3264220911306,605.3966071496747,3.0741615240202407,27.632417498337247,8.016211296075932,8.077959609562289,3.3233102379454063,18,29,7,1,Industrial Basin B,0
271.26717832537247,995.5573308546803,643.8392247427985,11.04543421448001,27.29934505688417,8.468943767321033,6.746965105200661,7.499853905098952,19,25,12,5,Industrial Basin B,1
290.5893324079948,657.6528665754884,427.4522361744699,9.926652269258332,29.650660092727286,7.581266082015521,7.018299047694759,5.771143390018372,21,16,5,0,Effluent Plant C,1
395.09597793546016,397.99468162293437,241.99360299734883,11.553604598777547,29.15079042804687,7.152429506526104,7.235094915037091,2.2371131468374017,7,3,5,2,Industrial Basin B,0
427.0247904877823,1214.2779691403894,793.3254331697585,1.2642948893903179,27.21141047616635,5.5572713319561675,6.3793664367530125,7.607504531308517,20,30,1,6,Tank A (Main Reservoir),2
315.73582395456066,810.5426673862617,542.7787123544737,8.956750194798525,21.975644619759297,7.581752234848436,8.958245439628262,3.527370472330516,18,10,2,1,Metro Reservoir A,0
281.3245237210805,1382.3618024797765,891.3884137140141,10.037073445620381,32.28231787031311,8.434006052349458,4.304124182470617,10.580030630279996,5,6,5,1,Metro Reservoir A,2
289.0357434405628,827.7137448176205,529.7297648269503,3.326007997111779,27.659822643847907,5.87913336040381,7.5718716331396765,2.0428712037288337,19,18,3,0,Coastal Bio-Swale,1
394.5799448837033,848.6638751738672,553.3571363029225,3.336142501145734,28.318570759575586,6.925131933429973,8.000047125229505,1.3202608259611677,18,18,2,3,Industrial Basin B,0
259.73655510475527,510.65095400311935,360.38189460491765,4.232652697300615,34.40198026324423,7.710447728158786,6.286696181712596,2.4346534408428564,3,5,4,6,Tank A (Main Reservoir),0
149.21234814974179,672.936999982766,448.4078827243326,13.438285704037375,31.6328885063838,9.014838956845523,4.189251776019509,9.82943239369013,22,21,4,6,Coastal Bio-Swale,2
298.1984043966343,332.3591691746247,215.09171211621307,10.320798859471747,29.785796795266922,5.809717010944404,6.552650528873213,1.0,6,29,4,4,Effluent Plant C,1
295.7453522106312,396.9126910145665,258.3892373399896,19.69262604113827,27.9907768505167,8.152142986601321,5.327526365829312,8.708462012421997,3,7,4,0,Coastal Bio-Swale,1
135.9667535182985,1022.3495141979615,676.5156529848424,4.504920572130082,27.95341780466339,6.770655709823026,4.245238562642065,9.94757358530784,21,28,3,1,Coastal Bio-Swale,2
331.9949926135278,715.224985064905,455.8024878168975,25.311921715598555,28.96045799088745,6.391640908283382,5.965999811039076,6.023047001184125,11,2,12,1,Industrial Basin B,2
283.07161797917627,673.2025914148635,443.6991104863053,14.614306879743161,29.627626903426528,6.098390081862361,7.499354414532053,4.282171536596275,12,11,7,0,Effluent Plant C,1
269.8916609321693,577.872205793862,364.44238367706845,6.025461104161741,34.84560702313654,6.41334895702687,4.6539502946542335,4.842233969305319,2,30,9,3,Coastal Bio-Swale,2
507.6765883843948,684.3428886669165,454.0720243256811,2.00109952493974,37.89306433105124,7.798927730375907,6.345837026863516,1.0,21,13,12,4,Tank A (Main Reservoir),0
91.85516313185894,1139.9190324821518,738.0078271912565,3.970372459293835,29.161043221614197,6.926674468507244,5.076586961667647,12.341829944636167,11,23,5,2,Tank A (Main Reservoir),1
169.81007859007337,843.2665270618006,550.1301838425996,32.41179341616727,19.386895711825467,8.05708496127805,6.5611032444426085,9.25061063062716,1,5,4,0,Metro Reservoir A,1
405.5503559297024,445.995535971714,286.3083375329328,4.71590451826076,24.19302210683312,5.853781386782236,9.758560180662553,1.0,23,30,11,4,Effluent Plant C,1
342.8390907821142,1109.115408166698,727.9118824018869,5.0032975684848635,35.24598752748707,8.03639652350778,6.288937068926863,2.078767048839971,1,6,2,6,Effluent Plant C,0
380.36358705697734,1317.5115769394047,854.6357058447181,3.1021366757445143,30.874610513022986,7.720552086022812,7.049869731478544,4.847615038303422,22,24,2,4,Metro Reservoir A,0
379.1087301544147,948.411400415067,638.0471271300761,17.442913021644408,29.704185948979983,5.390644266492972,7.636277630611097,1.8610207844695188,8,26,5,5,Coastal Bio-Swale,1
419.5825842203829,1067.3870635366484,707.9902671968435,4.224726125982682,27.332648354380957,9.007479882476265,8.003143760109955,1.0,0,29,7,1,Effluent Plant C,1
179.49172030871222,1166.2348752106795,745.0097822639143,5.008630862269192,23.24391176309606,7.607885915598865,6.282849009120899,5.38216732916524,7,14,10,2,Tank A (Main Reservoir),1
249.45067265856812,303.01852445468234,198.8766022570429,6.350297076099935,34.71115901898201,8.118516875082115,4.204459534877612,7.65302472650804,22,12,10,0,Tank A (Main Reservoir),2
315.0976644052063,1359.2811103657016,890.8842740575986,6.686812449066087,24.707158994103644,8.587362898374767,7.17413915767476,7.414347132419872,5,4,9,1,Industrial Basin B,2
395.39926738893746,1129.6442212031607,729.6871504961223,6.299078543157655,30.917247266153115,8.362050199624175,7.249983651987308,4.450695144876812,5,29,7,5,Effluent Plant C,0
308.4096820398429,946.6564102738784,627.4514337176411,8.006627425268869,22.797192920983427,7.048677100130211,7.545094601265715,3.9771345196585797,21,23,5,5,Coastal Bio-Swale,0
295.4401110460883,762.3618382543488,506.48170302442946,17.8476983123951,27.138605260686894,8.070192160084083,6.760511579571882,5.939780397940811,17,6,10,1,Metro Reservoir A,1
283.7569078361181,398.82727522434647,258.4021033638966,18.108342997635297,31.971828521811858,5.027948252966379,4.7464731418555,8.78721541603471,16,10,10,3,Metro Reservoir A,3
279.76363309588334,700.5796688911208,465.1889436199624,17.010389514784418,27.001223310132826,7.6725194907648495,8.229442689796434,1.9307349080999159,11,18,10,4,Coastal Bio-Swale,0
205.9193659995136,934.5191049588844,583.3307912741935,2.0661111857630763,26.52620049853589,9.27898200923475,8.17663645257634,1.8743581919787315,5,15,6,0,Industrial Basin B,1
207.1528798155567,468.69248628811556,318.2259981800436,17.078332170208263,28.042545073394724,6.365547041419485,6.8332902269322195,4.5745352968436555,7,8,11,0,Metro Reservoir A,1
308.30571544017107,779.0758197857795,515.2643708815119,2.281195186808283,22.655988430260287,8.298544225292838,8.73793603220393,3.501401481643626,18,26,12,0,Effluent Plant C,0
457.2457920761016,444.93758875672285,278.33265574455726,2.3321575107570993,21.90341237181594,9.327580622516427,8.05261142115788,4.069802999782575,9,9,3,1,Industrial Basin B,1
463.0472973538772,684.6127471807457,447.51708926841326,30.53876029445521,30.856945930775712,8.027048243578891,5.740480539668254,6.979167970357062,0,5,5,6,Effluent Plant C,1
177.00794035840715,394.2117901227843,235.9748284661374,18.114587039926185,26.3111602975288,8.430488070170387,6.7727613787263,7.833532836482057,12,10,8,3,Tank A (Main Reservoir),1
370.013316599654,362.6671736608397,228.0994265509835,9.038786872413986,30.825939042325825,5.316633056337818,7.171627785174603,1.0,16,20,1,2,Industrial Basin B,1
314.9611965468972,902.0268234391712,597.2738286162854,21.792032059069598,32.47273206860283,6.078091102273387,6.913511152062822,1.3748830484733552,2,6,12,5,Metro Reservoir A,1
301.753286000812,626.0727324798652,406.8189145278609,46.43571220350597,32.79457043598185,8.915682319428084,5.167679890570656,6.6479881149569575,7,16,1,1,Industrial Basin B,2
316.13288314804674,654.2628210774561,424.588803975111,10.432562212370444,21.515966861694643,8.352420182828363,7.632684029240997,7.63402428899734,13,24,7,6,Industrial Basin B,1
280.0448505218381,609.966909568736,396.930753126144,10.490681836425892,25.20868284698441,7.795225276225498,8.205076603572426,3.0932188470759554,2,27,5,2,Industrial Basin B,0
229.10359906618166,1616.9353962879295,1050.293711124779,15.041611423482582,30.150341228175222,6.8824660773183854,6.0965851666501445,5.380914424525404,15,3,5,5,Industrial Basin B,1
298.5387226374477,982.2101257117362,648.3114788823158,3.641464897628572,30.212006687614608,7.541545257044488,6.703464708443307,4.748567758798888,12,10,1,5,Effluent Plant C,0
367.0592561276727,1014.4230617503121,653.1850939932242,2.82871541830561,36.99775033678516,9.285776109991367,3.6250692535469375,5.231161808212443,19,11,9,3,Tank A (Main Reservoir),2
160.8944492061691,567.3753391080318,372.9874311568341,15.253710047143908,24.369545867067675,7.077717153869487,6.477998128146771,10.219096341313392,23,11,1,4,Coastal Bio-Swale,2
114.38534449243922,951.4252065713991,606.9802076226435,5.229747027552984,32.67267360581639,8.039101306594517,5.931243757431627,6.606907237769035,16,17,5,0,Industrial Basin B,1
385.2946301254855,731.683699076574,483.0053966824403,2.4510711212813807,29.489098440154162,8.00757595256363,5.677740760218183,7.2374965392868145,12,4,10,2,Metro Reservoir A,1
400.8667779486975,564.9650777298815,364.0135895059011,4.78157954339699,21.43905653334612,6.400978892779615,8.13019961075197,4.097768831977581,5,4,9,1,Industrial Basin B,1
121.64304585942645,1378.727420365571,895.7629479091752,5.441594736909723,25.80873905309362,6.493578427794918,6.120089122670533,8.964671038780732,16,17,4,2,Metro Reservoir A,2
274.1842419994251,971.8374086628876,628.0726062422924,34.58933021615249,29.0501120492933,9.03241591347119,5.432814909431784,7.673756008416916,13,9,8,4,Effluent Plant C,2
497.8900539598503,956.7015891416557,619.4994989369242,12.971948635115572,21.182533166814938,7.884155934621415,9.086165883192514,1.0,16,19,6,0,Metro Reservoir A,0
206.76344594188856,508.4799137684833,320.4646816730596,8.568461979655034,19.704375980113415,6.383588857080151,6.5434493352546,12.2320061864485,7,5,11,2,Coastal Bio-Swale,2
428.65530895496744,418.937226983916,275.6016981611387,35.696841246232054,20.955029685453425,6.826464859344557,7.901055094033577,7.70823193119403,10,22,3,4,Tank A (Main Reservoir),1
304.06551910053884,782.7345589285521,514.3241042772472,24.344859626195706,29.036534620337356,6.017294615194133,5.944487819606227,8.023803467465084,19,24,4,1,Metro Reservoir A,2
451.3236354912109,627.9457938438715,394.8583644600563,8.174416284874152,26.06133096506624,8.47980199101725,9.747414275195789,1.6116132413324098,0,6,2,3,Metro Reservoir A,0
186.69282653550377,983.7922827763122,633.5009847448049,24.61058156952401,25.520177210745526,6.897879807515557,5.60453334617851,13.052416504268791,6,3,1,6,Tank A (Main Reservoir),2
401.30959376479456,1003.7782642666143,652.7560101994655,6.180259138554161,25.657512659337087,6.913865199420526,8.564705994665694,2.2382641698137626,20,22,8,5,Coastal Bio-Swale,0
468.255056433445,819.650980435803,526.7866559012787,3.6191123206577993,22.30351035336825,8.209102363836523,8.92704087811676,3.2061708017868176,20,1,1,1,Industrial Basin B,0
390.21183031734904,1048.313952074826,679.1758527067695,3.6484897868346655,26.17438726863957,5.184688056738345,8.508501989186707,1.0,16,20,11,0,Metro Reservoir A,1
415.25932531494294,857.9913194317978,573.8553750355687,11.856433237522245,20.71840780771266,7.155716591125479,8.224832235173874,6.279376411835499,9,22,1,5,Tank A (Main Reservoir),1
349.20183459608955,538.4931153293574,339.83889710949137,7.952901164223104,32.750564557435624,7.186918563480743,6.363461586059576,3.950743978610994,10,16,4,6,Effluent Plant C,0
390.9873495973404,740.5175849857036,458.21456021132434,11.757286684072803,34.76931888270887,6.857269779133146,7.271555496176579,1.0,21,23,10,1,Tank A (Main Reservoir),0
315.4481135380601,840.7199127761306,540.4805451814218,12.586042467441274,18.695745146443315,6.540554641706461,8.604513812641724,5.055891463378185,8,11,12,1,Effluent Plant C,1
299.76532939294236,1078.677518192554,697.8587899753633,1.2257579934140534,26.123481362703647,6.347929132055388,7.28692597050559,4.406960678369618,8,13,10,1,Coastal Bio-Swale,1
396.47115977924074,867.485253331746,558.9655151768221,1.5555456318231204,26.38395427746081,7.538940587118287,8.288305302930665,3.413126539059352,23,27,6,1,Industrial Basin B,0
496.5021873079125,628.5648186037245,411.25524406424137,8.607361663655348,27.3020619735319,5.987896249368549,8.009592229247797,1.0,4,10,9,5,Tank A (Main Reservoir),1
334.09400548763074,1089.8513917842965,698.1225870613611,3.1200021672960054,32.006121697497605,7.393421906702231,5.570995020318417,5.184387638418871,16,3,1,0,Metro Reservoir A,1
319.26861496223506,914.2267537243798,582.4945887548844,11.01123852454435,26.135156871224275,6.536514073955042,8.009443001927012,1.2982029625140241,8,9,7,6,Coastal Bio-Swale,0
108.01387381208863,1263.7021176759984,814.6615047455913,9.0337672889904,27.64699414907485,6.616313376209504,6.573601353096961,7.571027777042641,16,28,10,4,Tank A (Main Reservoir),1
401.41316670361743,826.1832406856648,530.4806190808905,9.813106281079321,39.916219855205554,7.43638938734015,6.3581756655878685,3.3150776670589113,23,12,11,2,Metro Reservoir A,0
527.0966493197462,488.80138586908413,338.92931029439586,4.6018879576426635,27.55482836957877,6.602891106426965,5.8722751893766825,7.243045467610128,20,23,5,3,Tank A (Main Reservoir),1
260.17275885973993,1153.093809064546,765.035451371238,11.212166372051126,35.06495944119762,8.720453595035124,5.7605428674759285,5.16346521661044,18,14,12,6,Effluent Plant C,2
237.77623911240312,626.9630109610243,390.8306876317181,18.689767954200047,30.00795062955533,7.03192076846683,6.255749587181821,6.065161256724865,6,1,8,2,Tank A (Main Reservoir),1
222.41853378157597,888.6272381002286,558.3096156362379,63.50885016757667,25.785164027696602,8.455978033010135,5.153128536158939,14.179777185355489,22,18,7,2,Tank A (Main Reservoir),2
276.7879391183898,855.7150068106894,555.3572249507434,19.22905837530272,25.11706405129828,6.285686587134861,8.251644164676037,3.4771089644515296,8,17,4,3,Tank A (Main Reservoir),1
545.4502937701529,813.6887989963592,548.0136694676771,9.153120115549116,27.970909620001173,6.259078351798071,8.512515573538963,1.6279902122250682,6,27,4,6,Coastal Bio-Swale,1
354.5524910131499,749.0540083468403,493.5460028437111,3.1496408414860175,23.49410750101377,5.204333382143377,7.652625557565343,5.982069302767351,12,9,6,5,Tank A (Main Reservoir),2
393.47478194172925,304.35676043335496,197.5030372896528,12.439628847172825,24.5445361344172,6.609410910249556,8.283160873328866,1.3018163552489856,10,9,6,0,Metro Reservoir A,0
246.50425972217397,499.36882261087084,320.02899196994974,28.750523233420935,26.30775759589688,6.920872916412891,7.05482625013698,4.478716155247337,13,23,9,3,Effluent Plant C,0
482.6332090246759,1136.6396966691427,749.5874275993508,3.3808783764307826,29.173374167708918,7.292433625015047,7.971315464617888,1.0,18,10,12,0,Effluent Plant C,0
184.1604447798126,928.640215332278,605.3960337620138,3.9570835777736058,35.30398884696419,8.03682089356568,4.817390788031107,7.851176044435501,10,19,5,5,Tank A (Main Reservoir),2
466.51874030524976,1372.789115187939,909.6305087039639,2.613531897207914,26.06018229280695,7.949754467363402,8.219859567837359,1.2533279626785727,12,29,8,2,Coastal Bio-Swale,0
397.7694304329349,488.6885533896574,300.7705110790191,14.345434172501678,29.84607218551245,8.562769521209768,7.996803764005628,3.471705289360426,13,15,5,0,Coastal Bio-Swale,1
561.6009967882344,790.8031683942687,518.2585173416065,6.218216986487219,21.488408613671794,6.1352383595565625,9.872929243122964,1.0,12,5,2,5,Metro Reservoir A,1
332.9159351335895,1148.9580556884132,741.1897595220098,1.6474722439339033,32.241154563549266,7.236989045313078,5.607270830913363,3.0084833059079448,0,15,6,5,Tank A (Main Reservoir),0
600.0,630.2529468938965,413.80716765616876,21.790415536079728,21.113269700292175,5.999798938261506,7.990832373966178,5.7502084599914784,7,20,9,4,Effluent Plant C,2
295.15946926661786,654.389886766724,427.8619889143346,9.157033752176194,31.193545888405737,7.697081303161835,5.028341726226687,7.393634544528641,11,23,3,3,Coastal Bio-Swale,1
431.9846264499639,711.9980406083788,467.89538848544646,5.021121734816497,27.676300186872787,9.365106164493472,9.117881270689013,1.0,18,30,1,4,Tank A (Main Reservoir),1
301.73767927837093,666.3956615010347,442.9330014434345,5.215685392483961,27.51738822904084,5.764286153878552,6.571211369568936,2.718802740487449,11,25,1,2,Coastal Bio-Swale,1
331.7264564429802,959.5392195441867,637.5984185013397,4.428442028146227,26.798941128324678,8.02505725754547,6.236264849920058,8.711059605474583,7,28,3,3,Coastal Bio-Swale,1
238.94083939823696,265.9369490552217,192.37624858993027,7.0785092293352525,22.79498950243161,8.458368850944773,7.153355196998938,7.831030337763446,7,2,10,2,Effluent Plant C,1
316.66086403739996,1292.81777221939,840.4894949531772,5.1104316933753555,23.006917960524788,6.128726434755263,9.062281763986158,2.4776273420957233,20,13,5,4,Industrial Basin B,1
261.318583924167,512.1010020333669,327.44215158558535,8.939543099016664,31.346080624155928,7.7235938338838634,6.468503932427818,4.74553490393075,12,24,3,6,Metro Reservoir A,0
178.01382814356498,164.84849360146507,94.89330315413507,15.850865059282379,28.047747120725553,6.768080194222964,5.978355252602096,11.489192223852786,11,16,9,5,Metro Reservoir A,2
600.0,796.9281806548327,522.3521808292771,12.222738795355372,26.76977305927495,7.054600928636394,8.61291250074925,1.6403270694080505,15,15,8,2,Effluent Plant C,0
400.77200648293945,686.7797107839551,454.7559854838384,4.487874078608153,29.773591802544228,6.728337724945503,6.826235113031521,1.0,0,25,3,3,Coastal Bio-Swale,0
296.1953042663276,746.6060753502162,471.80947148732946,8.523474667461755,28.405241132885006,6.930149546456922,8.047840522413095,3.2440644394915776,12,10,9,3,Tank A (Main Reservoir),0
422.24983270350214,893.7729726006693,592.3990820329225,19.333702742290786,24.82827380024048,8.586635731628949,7.430950923616927,5.683236605459354,6,14,6,2,Coastal Bio-Swale,2
374.4889172109639,993.4523868662676,644.7305483592359,1.7064377069579624,37.84398490337033,7.105030632904999,6.604942491744827,1.7640574044864774,4,10,7,3,Effluent Plant C,0
383.09593895355295,1305.995406100369,836.3388461228167,1.8153252279965715,30.96302551401243,6.47799698747107,5.515176532903222,7.112262323049176,7,25,4,5,Metro Reservoir A,2
480.08948732192647,592.9577487353316,376.9396647330191,9.12313826075089,28.508274293438223,7.282797073394981,6.1038960316740605,5.544280896169625,13,14,4,6,Coastal Bio-Swale,1
195.10376164001755,1032.287317449308,661.5543287156124,11.191962867207366,25.94555479114424,4.653439904790636,7.193426631860453,3.305912982827258,22,26,12,5,Metro Reservoir A,1
118.7286946138087,1012.6809353206152,648.9880554774093,3.3751256258973554,31.81103875677676,6.219724694186233,7.352324791039707,2.7205515974644086,12,30,2,3,Tank A (Main Reservoir),1
569.9252183522101,100.0,70.69901396442641,14.673553485591096,24.849728521095617,8.698309363499224,8.460149969474504,3.228311668368468,14,23,5,2,Metro Reservoir A,1
197.10018764226947,550.041679239238,366.1653687923902,11.392026456958131,24.512901036122948,7.025585622614714,6.512924724894198,7.628404288657921,22,9,8,4,Metro Reservoir A,1
84.1024523152025,413.90583071577163,286.0302457804836,26.67713661704149,34.77330254296153,6.626359184841902,4.13525599013359,5.250111705858075,16,25,7,3,Industrial Basin B,2
355.01965146390955,934.3678575673772,600.3568850954102,2.8507037356171394,28.122700704282835,7.407563769546992,8.62529726384054,1.0,14,14,7,3,Industrial Basin B,0
137.14953473999157,901.3477747795965,589.3056162812908,14.91806586992902,24.94660325313955,8.083943919480685,5.478664084300415,8.37751072853491,19,3,6,3,Industrial Basin B,1
291.87542840271504,907.3783099954647,583.3256434940655,1.873493510963721,28.02274279215871,8.794489716119099,8.474964446996328,3.35814190138237,17,20,3,3,Metro Reservoir A,1
454.517217024346,708.3223197456751,460.61074686464593,9.330816797133329,31.400746215393504,6.658768657661513,6.697143633433187,1.0,17,16,5,2,Effluent Plant C,0
161.39593679199442,738.5730322759537,465.2686671061133,9.027280103377887,30.48501781582077,6.686376893149558,4.897676896520742,10.041193169936063,1,2,1,4,Metro Reservoir A,2
108.03553018474697,791.4257745166781,503.19478203244296,5.9165235239222005,31.897049052345807,6.932193310832557,5.808610609723032,6.423293162284285,3,10,7,4,Effluent Plant C,1
316.7888148115021,679.6660186211211,449.8135169903165,19.615671933437568,23.001776389042078,8.434992992963553,7.751976018794066,6.100314379540261,0,3,9,0,Effluent Plant C,1
248.0955971105225,1033.1546816314467,656.715883539383,1.0438022397561475,31.796596646699378,7.268450021614752,6.7621698658636005,3.4688420573593235,3,11,1,3,Industrial Basin B,0
313.3747645397325,479.10091219625997,317.56390260434586,8.3434299889887,27.283764895795414,9.79905568966943,7.410469637107328,3.9933238768711288,17,11,2,3,Coastal Bio-Swale,1
320.72853599651154,565.455840992353,360.78480612451233,3.4481870673726505,28.356403066815506,7.006790200566359,7.078901628677934,3.44260272813717,4,21,3,0,Tank A (Main Reservoir),0
383.52393115069975,836.3957696769672,524.4018864429632,14.606212308241389,32.83797797457912,9.316182728901293,5.928710587027171,4.639900600291068,18,21,3,4,Industrial Basin B,1
299.8263747026482,689.6212345565123,422.8681090674183,1.4402234592155438,30.810902693085158,6.128363397709777,6.799438165108442,2.374906462387866,14,22,8,1,Industrial Basin B,1
366.3272757340363,467.3655261768468,318.42220548048385,18.811441408114863,29.404209923818716,5.532183520731297,6.505767943644625,5.571094809560906,7,13,7,5,Coastal Bio-Swale,2
186.7553502171184,959.577596410656,604.6712729867677,19.207284065230986,20.064013267412182,7.078285328183813,7.882566494439705,4.092293828994878,19,7,6,1,Tank A (Main Reservoir),0
374.0133430423881,628.3137882217093,407.76023618397045,18.889594673156637,27.817992578478854,8.567264316619395,6.626335552720622,6.559322325732712,16,23,10,4,Metro Reservoir A,2
471.36372399289866,546.5837087696277,358.81891864402786,2.655453004983511,24.861298449718,6.6276247328127145,7.719870122683256,4.195114068932013,0,17,10,6,Metro Reservoir A,0
329.14159340784704,747.6860877788298,472.8639347657747,10.953515761695021,30.84418121758945,6.460155687446093,7.353701487778877,2.9939282569653143,11,30,11,3,Industrial Basin B,1
236.31480467413766,532.0251507444807,340.28109430037694,1.1447156903960276,31.963832748142647,8.430017635337947,6.299198480833765,3.854009441175733,18,2,4,1,Tank A (Main Reservoir),0
161.23331621322743,789.7456013508532,518.1228799781328,19.836286784764688,26.791875908868946,8.046119684285685,6.65900509635331,7.612446464491133,14,12,9,2,Industrial Basin B,1
410.6442122719678,692.0903492080012,452.7918888334055,13.836482226840257,25.331834096845252,6.249101817960143,8.909645798876445,1.0,8,25,1,2,Effluent Plant C,1
374.88214698560563,646.225968875972,415.44112410463924,8.574803487022919,34.22520318206373,6.178936439966652,5.107804207726046,6.592075272063551,6,10,11,0,Industrial Basin B,2
352.2212745822545,648.0999312406323,423.63400160316417,14.115262155731626,25.587409731945222,8.195150533610258,8.539243590912903,1.732385400303702,1,18,2,4,Industrial Basin B,0
475.55927215046364,1098.6845492075731,713.1226103430669,1.990737595108404,23.221849971854994,5.241755300240422,7.837569874465032,2.8224233317935283,8,22,4,4,Metro Reservoir A,1
308.6000197574237,910.7652233833035,582.293229403522,8.521667345629933,24.669315387924225,8.495428219260203,9.436919663405604,1.0,9,27,3,1,Metro Reservoir A,0
257.303463213321,287.2410421449939,198.71158196198334,4.442898028630201,25.780002447543158,8.030194549574082,6.728843943827018,6.141274934558544,1,11,1,3,Metro Reservoir A,1
310.61753730765264,1064.895861638537,694.2565159146635,36.9792285460155,24.55454778820181,4.462905470150592,7.356768154974199,5.477214823116664,18,16,5,4,Effluent Plant C,2
320.11247594221237,954.9671134399505,602.3083119635771,20.45735818619059,31.38156553311229,7.218681929775125,5.833378020284757,4.54630479255184,10,17,7,1,Metro Reservoir A,0
292.6445589836545,937.2544705535108,614.4321523514996,14.215397227147518,19.208346217703955,4.825358207831885,8.06616887427071,5.693520122057273,12,19,2,1,Tank A (Main Reservoir),2
552.2206792058535,1066.3732658755255,686.9874643191553,28.142841204091642,24.469758354217884,5.753893000363495,9.627817428860928,1.0,9,18,5,5,Coastal Bio-Swale,1
447.4188671423035,804.5090110732391,520.0364952911244,5.259382161114815,27.810010218180548,6.596434786912047,7.0933091310847765,4.712113010227671,13,3,6,5,Tank A (Main Reservoir),0
218.70675605657496,986.025104483587,640.998266256299,24.114230225756238,28.840984880009174,5.678653722886016,5.576562009324218,8.356162652677849,17,21,11,4,Tank A (Main Reservoir),2
230.52142730743603,660.6584180430962,421.49849669815154,4.9339558686072165,34.76733935009833,9.861793086533071,5.390554620142631,5.015999613937934,18,27,7,1,Metro Reservoir A,2
244.25240332332444,1054.2740954627534,703.3085406797333,14.19745560790037,34.180950851054746,8.236869664337014,5.893341053066669,4.238193952420668,21,26,1,0,Coastal Bio-Swale,0
437.5817677940118,865.434066512167,547.5989659802243,14.333866353787334,21.59705137622183,8.840926851795672,8.37476478914395,5.556846014588227,8,16,7,0,Coastal Bio-Swale,2
302.2326837114293,386.91150366923193,252.05935215798516,1.185203237820347,20.367808237721682,7.03165618998218,8.855744658200175,3.892043209443025,6,6,4,5,Coastal Bio-Swale,0
130.3188213599827,1110.9154903791632,725.9085845580053,5.479442535044627,28.099885049483994,7.236560888164806,6.440554993042721,6.823551473819756,2,25,8,4,Effluent Plant C,1
122.74565923664821,761.3286053688846,495.275721240055,1.1962396911317121,25.307259054147647,9.09687245087822,6.111565345627855,7.884654619703673,19,12,4,3,Metro Reservoir A,2
317.9683000056288,719.5631872946457,465.80621365674,59.40295775123069,23.23189463206726,7.720478872833623,6.59438288730958,8.707795495406568,5,11,6,6,Coastal Bio-Swale,1
179.34810320751717,667.1997618070288,429.90971234470084,2.303328127729006,28.064483589842617,7.934690161737332,6.987888624913418,4.924916303674322,20,15,9,0,Effluent Plant C,0
313.6267163933347,689.1909143215271,439.94229485101295,8.826581785967832,28.922789273337738,6.106584497827682,7.335873880953454,2.8799094874199334,1,15,5,0,Industrial Basin B,1
292.29872093072845,868.8905945221476,556.5697548576675,16.63300018438242,24.64412624142329,6.101025834989371,6.789210499808541,6.913423477361157,5,16,12,5,Industrial Basin B,2
134.89276010020086,503.7260014504094,339.0073354554439,3.247243028700021,25.503661019850025,7.513247979104289,6.933986361712454,5.705097177784511,2,10,4,5,Effluent Plant C,1
363.24608542898295,329.4161976552658,209.70306124095353,7.636906516946932,24.9518338904494,7.647563204651489,7.948422821245137,4.263308794556062,15,12,8,4,Effluent Plant C,0
258.2951128645683,480.6603382701135,333.75107654363757,10.35037257391126,26.35403503511488,6.003490650881586,6.981665115690632,6.592088199313164,7,28,9,5,Metro Reservoir A,2
138.53278971201178,914.5153552520106,601.1243841017647,2.745971720907052,30.16577639755895,7.630148359473425,7.176298333798636,4.284175717269863,1,13,4,2,Metro Reservoir A,0
341.9957369876762,751.4185560310215,461.7457642740997,16.075831041958942,23.688376555393653,5.733996477308143,7.721200028219735,5.463388572874451,16,4,3,6,Industrial Basin B,2
408.96161355994167,1133.9579373730933,745.9052494547864,4.5572747462866285,25.437260026009596,7.216596239668436,7.330050652806245,1.8146333345288779,8,7,8,1,Coastal Bio-Swale,0
364.52805645234304,780.5261801764937,506.81041905749504,3.3701820614172595,26.402871427657992,5.475015245391395,8.44269918248636,4.85290667471703,11,22,5,0,Industrial Basin B,1
401.6007743172257,1052.753932470859,670.39053863222,9.170988828627278,27.97299037937944,8.793588705820742,7.445995487188139,3.183352304945445,2,2,2,2,Coastal Bio-Swale,1
283.3143785657558,592.1556175849726,397.9437034284918,6.281644556931688,29.103937971649888,6.8265334576382655,5.803038160151502,7.237209748954413,10,26,10,3,Coastal Bio-Swale,1
371.6635991805499,669.4573371793342,430.78809983203195,26.293093553644802,36.16903136204317,6.367717788578366,5.507200810590277,4.099708562498488,0,27,9,2,Metro Reservoir A,1
162.7254156390909,802.8572473800823,516.6478871942358,22.2078615772755,30.28850287043356,5.825114060337539,5.6360608084168815,7.027305328402894,22,27,3,4,Tank A (Main Reservoir),2
177.04642487732445,755.9069053858586,495.091388670231,7.603909003425011,30.383725388156666,5.7096175680622085,6.320346418576672,3.978521506927792,12,27,12,3,Tank A (Main Reservoir),1
200.05303604467082,727.8904905101882,484.5571222271847,5.4513741178503095,26.933547946881852,7.72369228642485,7.317336455437751,5.344102137689125,14,15,2,3,Effluent Plant C,1
260.27946682369895,538.3656342475408,351.07181424288314,4.9381026289097205,24.08053681721027,8.404562267562639,7.813946832657201,4.318908876101756,4,8,1,5,Metro Reservoir A,0
586.6478316780941,324.33138624021524,211.2335945350933,4.113787993123982,25.887143940600872,8.284479341158093,8.190639852193666,1.95737204835295,20,7,8,2,Coastal Bio-Swale,0
152.4817785173093,989.3049715965482,636.0795713932238,8.864646253476568,25.158670039140432,8.875909875026696,5.266516129425533,8.167820415929986,16,15,11,4,Tank A (Main Reservoir),2
292.74640576309946,955.7781063073135,632.5133375900748,17.346460071270805,29.568922702218263,9.297816549683112,7.051029511418136,3.0731394604120705,22,23,3,0,Coastal Bio-Swale,1
275.82582878441383,615.8392330778847,401.5260093662129,4.721608166520229,21.39487430550507,8.349512238403486,7.262755856792668,6.399883684116009,23,14,7,6,Tank A (Main Reservoir),1
346.6202968432398,913.6651363408508,591.6279073473831,3.108371981715031,30.370134878348978,6.5965285694840015,7.364754798351379,1.0,5,8,1,5,Tank A (Main Reservoir),0
522.3108682518075,750.0661971590188,484.0479593837745,7.4527897685269044,27.5310416422559,7.4033772569047365,7.448377836776012,3.8785129391644446,20,28,1,2,Tank A (Main Reservoir),0
43.629906972353865,1131.8515255376992,745.9717475553751,1.7153296994764218,30.933392930756153,4.491641538627965,4.878838265784825,8.759091340359744,21,12,12,0,Metro Reservoir A,2
549.2443911049078,406.3221220023894,261.4861433385619,13.0824527209767,25.104367243382907,7.965096165338174,7.396785795823083,4.481899876003243,10,13,9,2,Industrial Basin B,0
340.3376714646022,761.9820975311738,505.5823395766162,8.305547323921648,24.394521140631017,7.379118612471958,7.633392404110779,5.119973195794793,17,30,12,5,Coastal Bio-Swale,1
314.12126994838445,738.0359796653167,475.00763974889054,7.859229541807588,26.373325123846225,9.114273655084137,5.5939516962370455,9.593755269818217,3,11,8,0,Metro Reservoir A,2
331.76847580111564,848.3347876568533,558.6406668147821,4.573114029358294,26.277402988984697,6.307968886049262,7.008210209617513,4.028842259057582,2,17,12,5,Metro Reservoir A,1
317.6335086397245,1261.14134326454,821.8128349253747,24.50446782412826,31.22539364429972,7.8186187608181115,4.725928869615448,7.227465260182779,12,29,3,2,Metro Reservoir A,2
187.99692234203786,762.8848489584541,486.3676019371556,1.9484520895453463,31.18721933222826,5.995987123504696,6.128215466781283,6.008761862603201,22,17,6,3,Metro Reservoir A,2
204.86171717649182,1022.9396539574602,664.0410140960819,21.38867966265453,35.620092334141674,7.067959890888348,6.0177922292418735,1.999790022466751,8,24,11,6,Metro Reservoir A,0
600.0,755.6551204772687,469.2697991462133,5.727356817703065,26.018031421928416,5.237680936812158,7.028773151892613,3.1162001278719966,20,4,3,1,Effluent Plant C,1
534.8869952359695,1121.2738830123762,721.3876255477261,22.25473048635665,15.0,8.82725561595773,9.638305756090187,6.615085050431109,5,21,12,6,Coastal Bio-Swale,2
301.55318067799976,1025.8544993600813,651.0273605314563,14.047566177197474,26.36230970787673,8.463179266377313,8.5965508070499,1.0,11,8,4,3,Metro Reservoir A,0
299.3768828636605,700.0055016475989,474.978577002736,2.1000542731245515,28.922631700833428,6.63277873387561,5.125672676678385,8.319419062890232,1,5,1,5,Coastal Bio-Swale,1
344.1529889495491,678.4096817589971,425.305986983182,18.810349025847845,30.858122764208677,7.514202384685845,5.030973785155812,8.15027854674212,2,26,5,6,Effluent Plant C,1
341.1823482705388,946.0881918289035,640.815230960967,12.46260131688293,29.214417085134876,7.246182634009113,6.559709323041254,7.068710811738713,2,16,1,5,Effluent Plant C,1
233.40408539705462,603.3781881186177,397.33861760378636,1.3283513386204722,26.0148898676412,6.465127458334423,6.28146045838809,8.092824479421065,11,4,1,5,Coastal Bio-Swale,2
454.16103345361716,857.1897786893633,551.9846844685559,2.4352710614263016,34.85665742966223,7.347832393637757,4.8955038618144355,6.413265047394223,14,28,10,0,Tank A (Main Reservoir),2
417.99469982340685,693.2610266210368,458.6832683098822,11.095801084256042,23.865056797751095,6.668674131976564,8.27635354755633,4.419908900481417,8,22,11,4,Industrial Basin B,0
306.9257821576349,910.4307944470438,585.3348691989829,11.864875993286558,26.901420605752648,8.376406404261317,8.235807436677085,1.0,22,29,11,5,Tank A (Main Reservoir),0
336.8702113536446,751.6947273012742,474.50608394175214,14.729890026420096,23.68036063655677,6.947030010592547,8.849957046594879,3.4293532976288157,7,15,7,6,Tank A (Main Reservoir),0
234.8023335904402,592.2256467828602,385.7373730909474,13.738424914426073,28.07830704836069,10.0,7.152849321810336,3.417130492225152,10,12,12,6,Tank A (Main Reservoir),1
228.4234920861872,1131.5920722210835,742.5355739069668,11.773987591332155,34.35602303509148,7.106582662146812,4.733481628709656,7.033763689541592,15,5,6,6,Metro Reservoir A,2
284.72727546703186,871.8668711730145,579.4975752150783,15.534556327807504,27.43629630440475,7.335324894102081,6.782195026483495,5.796138907725895,21,30,2,3,Effluent Plant C,1
484.33983380398337,783.9243874043418,514.5281529084122,9.558677913172485,27.460800591626082,7.8337902260540195,8.690178610856808,1.0,3,23,11,1,Tank A (Main Reservoir),0
374.7463405612329,925.9966235662414,596.6043500813637,4.021751049407153,21.216151966490962,8.204461205082627,7.782254767864974,6.997571378420664,0,16,12,5,Effluent Plant C,1
241.48246920369957,298.6438001310102,207.98123090596488,25.347073501247056,26.852031256836003,7.293569354182479,5.524526521915871,10.522799323767932,23,14,2,5,Coastal Bio-Swale,2
248.21326406780582,1427.055447429818,939.2157990917422,1.1838194848900294,32.60194820013341,7.807655398433594,4.512417455306792,8.544998810994832,6,10,11,5,Industrial Basin B,2
492.2842887840345,807.4063291656975,527.5042892354188,5.5659271075728105,26.9990553373717,7.4193647570041525,7.772987912002049,1.166809666497067,1,7,7,0,Coastal Bio-Swale,0
276.39138482901365,211.04812703560253,149.28906004137662,14.051579493483132,26.728839144350758,6.265700825104612,7.22615944549897,6.369868647306349,23,13,1,5,Coastal Bio-Swale,2
137.31216017490325,1159.128357877687,775.2815357303447,6.571419224774133,32.422858303373175,5.942219640263836,7.559440175724211,1.6380311334353976,4,20,2,3,Metro Reservoir A,1
435.7030284019378,574.5834491951376,368.0434025759022,1.2514798392317545,26.74574354811774,8.039097146582472,6.187338222398893,9.94270208606115,6,28,12,2,Industrial Basin B,1
224.70384846795275,1113.1140059828392,714.5273270660155,1.6825839461993386,33.16821452890849,9.020677230012295,6.483885060340285,4.2599910386606625,3,29,8,4,Coastal Bio-Swale,1
427.8231463268711,836.4702463137947,537.9787681996869,11.459364524761911,22.86144161844902,5.2428561440492345,8.440356931375748,4.035377094300359,4,5,6,6,Coastal Bio-Swale,1
255.90038097643617,328.8755525483043,200.27260885673937,34.4854609281765,30.71141589936412,5.478525145838523,6.337551228117526,5.785901234757118,23,29,2,5,Industrial Basin B,2
408.7977366114744,878.3785125815552,576.8581810241778,9.026577085846608,34.58531683078183,5.466934415691911,5.378304326990022,5.904763095454135,0,3,7,0,Industrial Basin B,2
177.90029419168127,856.3128344383774,540.5043103715085,8.06754984227872,32.03142758981966,8.130173460733717,5.968671199651433,6.35359788658416,0,15,4,3,Coastal Bio-Swale,1
355.3809206427584,1145.531440816062,757.2455788711574,4.832025868574025,20.5309057934589,8.230323547949398,9.572973525145247,1.0,14,4,2,5,Industrial Basin B,0
203.6969511864017,956.6491611165252,615.1001383640065,3.9664300039843376,25.446787034276465,6.028392816894276,6.6141076906518474,8.58723467955535,19,15,12,0,Coastal Bio-Swale,2
370.26351502082656,428.1765058834726,291.9018068126988,1.2120829617734312,27.032193901368867,9.846943623212876,7.392156878897378,5.533947486851199,18,14,6,2,Coastal Bio-Swale,2
231.27674830612295,1100.6807817855538,689.8721251774056,4.187667231010631,32.03982198682832,6.738040165429862,4.387582133692663,8.585239965536028,9,20,11,1,Metro Reservoir A,2
300.3946936925736,675.7806701599033,435.40555932689887,6.9622092706145,22.673527535154257,8.922773664119063,7.064949183425743,9.828340885562458,17,19,9,5,Tank A (Main Reservoir),2
361.9314100730215,1316.0795926564806,842.52163106915,3.205840584236562,23.924253318429407,8.170248909986631,7.979541177812946,4.02234119047625,2,13,11,3,Coastal Bio-Swale,0
409.46275320197105,693.5660337948929,464.3514711925624,1.9140061943416775,21.57939427928003,6.050279023605366,8.38458453535448,6.762121793987157,10,10,9,0,Effluent Plant C,2
462.4092055910672,736.6125926620232,495.58843321535335,13.648836636311298,24.696798999648745,6.698360766377833,8.604613284432853,3.637533375602103,14,21,8,0,Tank A (Main Reservoir),0
475.2785375171285,553.4239002278742,336.2847461746245,23.50184967516718,22.99357337211075,6.153099416856744,7.401799640463397,4.947032337864393,10,5,3,5,Tank A (Main Reservoir),1
183.67846692929612,650.4205892977477,431.43199862687385,28.61009140123058,34.39162344078564,5.586816842872095,3.648549226507786,11.578145039256981,16,27,3,0,Tank A (Main Reservoir),3
383.8563775369636,571.1177950003655,381.91344028682664,10.623313418391886,25.410490917408136,6.8961344680600885,7.131478989315238,2.8450200921315796,16,23,2,1,Metro Reservoir A,0
480.1691750640231,1152.9346476098817,752.6643661985314,1.542181809633588,30.763701168520033,5.761679817644471,6.231133945565548,4.743624434051141,5,20,5,0,Coastal Bio-Swale,1
483.74048000703345,400.54751013366416,266.2375146810019,14.503969716396917,28.07187802887548,6.990063166804931,7.745356125271367,2.7271269092165893,4,29,12,6,Metro Reservoir A,0
431.03328146988605,1041.3738907212926,682.0535791165959,2.166409065538301,28.01584512369835,9.519548028903193,8.145360633623486,2.2498249860154678,7,20,4,4,Coastal Bio-Swale,1
211.16484380581335,1048.5980364553195,690.2838085159589,12.078996359375772,25.634224721842244,8.036025789544668,7.80001193150635,3.692537279798792,1,25,7,6,Metro Reservoir A,0
32.73267340618838,1213.2642568839724,777.6970965698187,16.112493144705596,31.080089948522833,6.5314441336819105,5.01955576106543,9.95268679808136,15,6,4,4,Metro Reservoir A,1
324.13254185669734,813.1284585319805,540.5384414901876,13.941335383437398,28.617376930569364,6.433532015368302,5.8446743509001475,6.935438541549054,19,4,9,0,Effluent Plant C,2
278.80041440714376,491.991872577715,321.8881805344691,31.34136479971158,28.386975651756188,6.718655632594909,5.415181330425295,9.659712948096768,23,2,12,5,Metro Reservoir A,1
328.3144937389168,748.4725857920114,488.00051916250544,14.399692688113484,25.626317559288307,9.685359112512922,8.279657285248875,1.0,11,22,12,4,Industrial Basin B,1
349.995457676295,978.4095589942436,641.6324628386691,12.81591080863313,26.28089629538792,5.893974658712394,7.269439043822625,5.385536391142372,5,16,2,3,Effluent Plant C,2
262.78457351555977,825.4189815500414,523.8146501192316,4.034635097494714,30.355644470301698,7.19787717256891,7.6469411883141465,3.255979529560384,0,18,11,4,Metro Reservoir A,0
299.5203860984495,910.0183256557439,575.9774898287395,26.871877309204336,28.920222446182002,7.758435508478195,5.738240078292332,8.164156922657458,3,5,6,6,Tank A (Main Reservoir),1
220.2686510904859,1209.58584076741,785.0204748757877,2.978948382473096,28.49388925803416,8.65858646594974,4.160432822076945,11.517472443993935,16,22,7,0,Industrial Basin B,3
470.2017078790868,974.6010063285848,648.9260434273881,24.52790678868159,24.98383003332981,6.800795041784639,8.801372122048933,1.0,12,4,4,5,Industrial Basin B,0
308.3633756766688,859.5324585592566,546.842271776512,4.749299040795659,35.77643081410198,6.044789167092616,5.495448511349667,5.673277330667888,17,30,6,2,Industrial Basin B,2
159.1528704201083,246.69150133379412,162.10102027363092,2.3945012395489482,26.081173041768707,7.5474008669605555,5.06861008512097,10.853806951318344,4,13,7,5,Effluent Plant C,1
318.94443341365684,564.8448246035848,359.98229691296933,18.52633148632519,27.87898935309832,8.777596477170453,7.748141824553125,4.323269608021066,23,19,4,5,Metro Reservoir A,1
435.34667235921415,678.5974645417434,432.57856765960366,1.0249857243485025,27.251865484501117,6.872540036688447,6.885852509061526,4.552015733878915,23,23,8,5,Metro Reservoir A,0
254.41918885479595,206.86604616366344,139.47041366614965,18.84317138288958,35.81884478904515,6.192698627208339,4.081905356752059,7.9140269234577065,2,2,9,3,Tank A (Main Reservoir),3
432.6557308986117,467.2194240598498,311.28638063279686,4.042340938789553,26.836741549169652,7.332248255080949,7.44234154659286,1.0,10,13,1,1,Tank A (Main Reservoir),0
287.2163844671675,719.4642316409708,459.7762358769988,22.604023679106422,26.470632236097387,5.251695497238194,6.7225866573209805,7.058955361323056,12,11,7,6,Industrial Basin B,2
438.64271333383044,768.2845925896709,513.2574877429539,12.759659573350568,28.473244592466678,6.9376093712978815,8.345215311354652,2.893771766305676,3,30,9,0,Tank A (Main Reservoir),0
290.5073596143011,951.7430796930979,622.858038065439,11.971633374568723,25.22583644215126,8.613630819830746,5.736066819780708,11.340469709217235,13,22,12,1,Effluent Plant C,2
263.492946346815,738.412221784582,477.55116451484565,5.546336558402567,28.446398867606057,8.249816192543589,6.7638726342408955,3.9325200350315503,21,29,10,2,Metro Reservoir A,0
401.82662965936316,874.4121928687414,571.8431057237347,1.6124047117167026,37.48641432067108,7.027362871330296,6.150259881302281,2.0302197611643855,10,4,5,1,Industrial Basin B,0
221.94209879327096,674.6631652762804,458.89453257614446,18.723869238484177,29.198782222204365,9.191195271737481,6.036735596259831,8.412281786947883,9,22,12,0,Tank A (Main Reservoir),2
335.9994489380433,812.6039688660425,535.7278872739345,2.8741908133579828,29.052983686906327,9.491849841490797,7.044298710390522,5.751457227541401,18,20,2,6,Effluent Plant C,2
348.3383132166404,935.2918432255124,600.952728743995,5.6562704749838435,25.12838042836315,7.996903474524267,6.180806073395306,7.253430863603353,17,20,10,6,Effluent Plant C,1
35.29571730293054,1241.7890751989173,806.9758239265261,10.171778390100677,34.836828617411854,5.4386743912136915,4.584629353499134,10.748449360131843,5,15,6,0,Tank A (Main Reservoir),3
217.6723457568213,645.6071575696361,420.9573411319785,7.582699995159452,35.756130803191915,4.9441059535536,6.054702475796535,3.0026480051989335,14,4,12,2,Metro Reservoir A,1
156.89961140182803,843.2545974526787,554.7690562206907,3.214707451989966,31.410721503308043,8.860188197325026,5.750879504762374,9.478578246106688,20,9,12,0,Tank A (Main Reservoir),2
128.4985396767268,1060.7382611654582,691.8753469662402,2.5153984073170705,30.615332892249516,7.493673501792021,4.989562343899506,9.883883948610094,9,7,7,2,Industrial Basin B,2
370.8424340567129,368.12191765093485,258.23248556262934,2.3152913818906984,27.060938594244732,9.162665014018677,8.298385916066948,1.9260262782898383,4,19,2,2,Tank A (Main Reservoir),1
485.9594963534095,1399.3478375081393,907.3092300932789,20.87831884000127,29.56535032337849,5.593580710145395,6.39074581505471,4.07290051959227,4,19,2,0,Effluent Plant C,1
469.3071640480334,1153.7092257775842,732.6119397811618,1.3206828389153613,24.65936958054997,7.00657771413682,8.278425661856357,4.273735848441718,9,6,10,4,Tank A (Main Reservoir),0
214.43887777429185,286.5534543905179,188.40503104880915,38.72881237925775,23.49554409688504,8.435028708244296,6.580279892218005,7.273849332356381,4,6,12,6,Metro Reservoir A,1
332.9559763747273,911.4145524810319,588.0082071207097,3.213061034377383,22.050560333097028,6.324255015013769,6.889735758349796,9.448471653408482,2,20,10,2,Coastal Bio-Swale,2
368.67399136426656,630.6639698407653,394.891270495009,2.1689601316614078,29.642695893099194,8.417742071589023,7.368654362924383,1.6251219016898557,22,15,1,0,Tank A (Main Reservoir),0
353.96772704716005,680.7955904245666,435.48189395929717,9.60316092196992,22.486502110717247,7.052664567264794,7.750359363386896,5.694292581190216,5,15,4,4,Metro Reservoir A,1
299.13543470409536,905.1504490466314,584.7639121985372,1.8336634594759265,26.001458387550066,7.233672967660695,8.776248614212063,1.8869069835393786,3,25,7,6,Metro Reservoir A,0
171.05629840141884,1115.1198607623317,736.2259516580206,10.22442774852447,27.755082499192092,5.779640524062604,6.667118082319547,5.34784720936873,17,20,9,2,Effluent Plant C,2
225.41254931240388,660.2381173480144,414.3222930972306,20.0130636766151,31.981161598088125,7.50166324662902,4.428685066405122,12.426400359752968,8,9,3,6,Metro Reservoir A,2
224.4841248097307,664.265538264918,435.2704525479495,1.4908312962041532,25.68711933351632,9.831347618717249,5.773632345164723,9.618206881438148,16,4,12,4,Metro Reservoir A,2
310.02494763197956,911.6500287098326,614.7773248766031,17.087811507919703,32.45308925095757,7.665626166358357,5.521528422427881,6.84435574152763,12,18,11,6,Metro Reservoir A,1
447.5359644653188,971.5868965917499,629.7828664278707,6.016634598409259,31.756635652576726,6.249930871333086,6.776289629360186,6.490972501752534,14,18,7,3,Metro Reservoir A,2
293.0255775276676,497.8605884587758,321.5669776015526,2.7374718262769147,23.7147666893161,8.874649896093661,7.611442342214536,5.688217717974586,19,5,7,5,Industrial Basin B,2
305.2972137350855,1317.1018705075865,863.3139810247081,2.9370184363119263,32.4913019755411,6.286114167488487,6.4493022322155715,3.3816860872650834,16,20,7,3,Industrial Basin B,1
341.2418776800854,607.0057018520536,399.7755221629709,26.104034731081327,26.865675511433857,9.265323886966438,4.988824048441768,12.360048483111285,12,23,2,4,Effluent Plant C,3
252.6864533603259,1089.402271905926,722.2870989778921,2.1721466814105264,26.004195505096327,5.6700490459414254,6.181276174467487,8.175866544495156,15,30,6,2,Tank A (Main Reservoir),2
188.92862729363816,935.5113949672032,606.4112954496952,21.157743033663596,26.8825868983467,7.527250088749536,6.077137053513614,6.81889259338157,21,11,2,0,Metro Reservoir A,1
423.2753032929431,981.8971766024862,645.2550939081123,8.857990629337484,27.985977092965303,9.031574994823378,8.161800303612061,4.235261247237112,3,5,6,1,Tank A (Main Reservoir),1
319.4465783810763,612.8145751276196,405.510481721693,1.398393304265933,26.33982159824946,6.159817045687026,7.423683873239674,3.683965643753098,4,22,10,0,Tank A (Main Reservoir),1
213.38894763413123,282.84493435698835,180.4936484005294,7.245098442738419,24.64123335855501,7.299792100079156,6.588264207391976,5.740834315972669,4,26,3,6,Effluent Plant C,1
317.8273862423977,793.5795506272406,514.686906007886,18.00728511208874,24.994977625221306,8.588747090824844,7.214625568029967,5.6955856742428335,8,4,2,1,Metro Reservoir A,2
316.92245942385705,794.8159591816111,516.5183817534495,13.953675474765518,28.555771238816064,4.493374833201974,5.82311396796932,8.813894803088044,16,29,12,1,Metro Reservoir A,2
172.20239766200694,512.5934276944135,320.80872985496467,7.709599823098053,27.358145792731822,8.312260500665971,6.56206086047794,6.208040596298668,12,12,6,6,Coastal Bio-Swale,1
223.52209403759966,1075.3829574686333,695.1121384200752,20.664692034013015,30.109238773598253,7.0944882108994305,6.992209740377613,3.2052348528682293,1,2,2,6,Tank A (Main Reservoir),0
386.51725855644514,784.5411685440678,524.9134048213128,2.282479594625829,28.20945158881305,8.930344984274923,7.976158227224805,1.0,12,13,5,2,Tank A (Main Reservoir),1
111.94640683246246,557.2782014172643,372.60799707793296,25.07290860739063,28.308055983935034,6.20700325734438,5.7072504944035956,9.47968901719137,21,10,2,4,Industrial Basin B,2
236.49963194326386,975.5214033152243,628.289552997741,19.736717786600643,30.37124893933715,5.53586896477011,7.58384081707592,2.5046610800798335,20,9,3,0,Coastal Bio-Swale,1
303.97576333408995,983.4860003338131,639.1084787316521,13.319499594541572,33.675672287650734,6.548356206084429,5.882797623856225,4.286119722925266,22,10,3,4,Industrial Basin B,0
436.9897419702513,585.0956182592299,390.0260507627749,18.03131980558809,33.836089393167555,6.523300236462947,7.182327991247562,4.484257680955664,18,7,6,3,Industrial Basin B,0
461.20725548951697,1170.0175797228144,764.9454836952516,8.848579610350082,33.36162568045687,6.952216828240723,7.49730791466672,1.169375903992087,2,4,6,2,Industrial Basin B,0
264.0680016065231,1472.973188969106,965.431682354827,12.244300034239457,31.48179667896523,6.6377043485396205,5.854396029652551,6.155054412159434,9,19,10,2,Effluent Plant C,1
404.1374939470843,472.9908513579062,312.78533457058575,9.223407282988425,36.34164248836859,4.79052171148312,4.70718577659036,4.550894700512033,1,10,3,3,Effluent Plant C,2
530.4933363030548,744.8918100870221,486.33379058386566,5.391695713745499,29.75129506497429,7.086052356596255,7.319160635352067,2.6257222720580513,12,30,3,0,Industrial Basin B,0
234.91768400294853,901.1029402696972,584.0579843468395,9.413242650637523,29.302183261288288,7.478156051429556,5.187440621021829,11.196885170256493,18,3,12,5,Coastal Bio-Swale,1
332.69359745889005,1484.0780690896781,952.6996593056888,3.9768571920254283,36.9756851020122,6.968109069049244,6.715638066187678,1.0,16,25,1,3,Tank A (Main Reservoir),0
555.4558009031844,579.8668151577863,383.83577870724366,6.803171389135757,17.0961245996021,7.544193894002252,9.027378062011092,2.0902228536076977,20,21,7,0,Coastal Bio-Swale,0
517.7447145901612,518.1246534215754,334.56350454395,4.295816018323778,27.144414045422725,7.301937694039955,7.818996541354346,2.699338125425745,13,29,8,1,Metro Reservoir A,0
397.4938167234102,516.0742558145746,318.96939734090506,2.311203466320097,33.009982916599995,5.5416077385902955,6.857710068724385,1.0,11,19,2,6,Effluent Plant C,1
303.0676289625385,1166.4270780175857,752.7210107793164,4.884042601589806,31.921051810886734,6.838976701244952,4.985749515235747,11.262127356564932,20,21,4,2,Tank A (Main Reservoir),2
32.254827313028386,587.6506165298194,390.49579763891074,20.104566453307296,38.26260629934252,7.336679902683821,2.5835601641652013,12.752527371879513,11,2,10,0,Tank A (Main Reservoir),3
133.65966467050882,544.9597391847144,335.06218665740494,5.797805005018555,28.429942873325675,6.915395242648882,6.413986161014224,2.52640203225836,10,27,7,4,Metro Reservoir A,0
136.4818900612115,869.2901986085462,554.7433839435971,14.783406716107452,26.276729590447218,5.408651855245668,6.14345256833786,9.284550043000063,6,20,8,6,Metro Reservoir A,2
296.74454005363475,892.4663934751941,581.4744897720683,2.926117447286502,26.67166101330322,8.667735534081965,5.866056154965451,6.082236737342075,3,10,1,4,Industrial Basin B,2
207.95897817585535,1121.3061416338508,742.9061784959457,6.523755900816944,29.27227265144499,6.033413215926189,5.484387309551773,9.620720268722767,18,2,4,6,Effluent Plant C,2
432.2036955332203,827.577811102168,547.9253379057475,2.220050136780302,34.486590383805286,5.709364086453721,7.226163781443251,3.900390877383584,0,2,6,2,Effluent Plant C,1
140.46668257591,874.6796317880802,583.5581068485519,2.4922075914250725,34.536564035541964,7.248982279667323,6.109646372085216,5.544046327772299,23,28,3,3,Coastal Bio-Swale,1
80.23488973406378,768.4188153262099,501.55004844929863,10.60860312461576,27.775941312665314,6.821091795336974,5.793676170415949,9.268498379123326,2,24,5,5,Industrial Basin B,1
299.1246054169,408.7079229420759,263.56834556767905,10.351724178619698,29.012033946711167,7.921729912332729,5.232675856123472,8.78395721757333,12,17,10,3,Industrial Basin B,1
196.24162744506816,740.1185982908961,489.510155633412,3.3999970560596475,25.553593683188545,8.247184722755456,8.087892690509793,4.794904043830486,14,16,9,0,Industrial Basin B,0
365.17281803793446,818.8500718758022,523.2588739208988,7.432589419498375,25.97113780957782,8.064677822145658,8.549057844157849,1.9155326459768482,1,16,11,3,Industrial Basin B,0
321.2490133864337,666.8529560926004,423.6805889578439,20.90011649495527,32.18502885374869,7.197860387697087,6.289591685626053,3.7999409090462994,10,14,3,2,Effluent Plant C,0
300.92810206713995,330.66380401280946,203.38057485664595,2.914044924590174,34.4088455549267,7.8639569092815975,6.548851076269179,1.0,3,7,5,0,Effluent Plant C,0
341.7700611886092,459.50285967166405,309.5657049962322,1.1939745312530632,25.210865278120743,5.327984285642301,6.560097327359742,6.4812004512143035,18,21,8,1,Industrial Basin B,2
90.04015431876292,788.1856106314555,503.97484113567447,11.555388356947287,28.971825408525405,8.51323302873694,6.655367691640067,5.7920306745647645,16,11,6,3,Coastal Bio-Swale,2
495.4361775068636,1079.825928771578,711.8928877866884,1.5498241513717708,27.02768777568317,6.714204430706003,6.879248697516474,5.022773695786871,2,24,4,3,Tank A (Main Reservoir),1
206.2385709070743,1304.6852288369648,849.5299015805376,40.09039389462536,31.455486638208026,9.563925494477898,5.412764342223914,7.933540827244572,17,1,8,5,Tank A (Main Reservoir),2
382.64443905651626,744.8508259039635,495.17043333302223,10.406353822450345,26.44593591057418,8.549759972373467,8.691520907314224,1.6105861869667544,7,11,11,0,Coastal Bio-Swale,1
594.6208826444885,584.9377187862577,369.1556953974169,7.356263877591319,20.294180242161808,6.9632573003886735,8.018266438713352,5.673477758162412,21,23,3,4,Industrial Basin B,1
136.36686172193615,688.2471504398586,441.10549121908804,6.621058305625293,32.01476284444801,7.225692754085148,5.976239617220215,6.477859006635331,23,21,3,3,Effluent Plant C,1
281.2903890867858,486.0754291418865,320.48891958602167,9.511367560667273,26.786065480573043,8.620873937290177,8.549967997186972,2.346611698248731,18,4,4,2,Tank A (Main Reservoir),1
479.28364475578326,1036.3236623934295,669.3007814887277,1.949971092082749,27.20222513644778,4.487857404156696,7.524159729588275,4.1099518430294895,4,7,9,3,Metro Reservoir A,1
161.27569787561453,1441.2834888137672,911.9007672441219,27.595323428546102,29.742351666767355,7.007723059841377,6.956967082323797,4.8144863058283445,6,26,5,5,Metro Reservoir A,0
372.74483814740734,592.2395346934992,371.2331030266766,10.825429032769918,29.41133457261048,9.241708488528445,6.988277654027015,4.43591726786632,20,15,8,1,Coastal Bio-Swale,1
329.23654892192013,442.3875367514204,276.4193319482133,3.033145733981871,29.824486635009556,8.213824308030052,7.743233690342647,1.0,7,18,6,5,Industrial Basin B,0
204.26536758609603,1101.9449989970853,705.8727880445014,9.268638560960873,21.48106733901522,6.19474335015353,8.88567441175946,4.122270964321853,4,12,3,3,Tank A (Main Reservoir),1
286.2475639957073,895.415464453688,588.8378837132435,2.4301220045384087,30.22523604814597,7.577369533344896,6.022008879419532,9.125169944227576,16,17,8,4,Industrial Basin B,1
457.86922503878213,900.4787077686464,588.6816469580676,1.1770859322618519,20.363774598595462,6.02796816543265,9.571150358749215,2.6119680838101975,4,1,12,6,Tank A (Main Reservoir),1
339.77850986529006,1276.4521784512863,831.3161621271177,10.956505077532826,31.07826057512403,6.790239752566033,6.771669033391387,3.052897085789186,3,11,9,3,Coastal Bio-Swale,0
536.2261091229478,390.0541038093901,273.6218575584952,11.45498177304227,32.47352512844232,7.600605142892836,6.4342199458973095,3.291145619829014,21,28,8,0,Coastal Bio-Swale,0
268.92644076927525,381.67503042232835,259.84101433019174,9.763409163196181,22.525919429099133,7.811790217928783,8.108079650281736,4.405694652266218,18,1,4,3,Metro Reservoir A,0
305.6036026772382,751.4857051458185,496.4839012467926,3.027077964953971,29.313731962326194,8.07530246905384,5.707065856849862,9.679671789472735,20,15,11,4,Industrial Basin B,1
234.47490140076746,819.0210532581477,517.4110240177818,10.249023518999445,32.22871651845773,8.680544732351526,4.518537042775845,9.2419993878303,1,28,6,0,Metro Reservoir A,2
433.80639656686657,693.5155199778026,451.3804873478816,1.5817051034518699,26.203985518513868,5.76752850686909,7.128643832561598,3.727910439639697,10,21,1,2,Industrial Basin B,1
296.16718563400923,1538.225878612514,1002.8337877213468,10.396575099247531,30.694545462834494,7.228825233299814,7.162192840226829,3.1111992171673277,21,10,4,0,Metro Reservoir A,0
303.31598427345523,706.9273825442219,455.3505263611361,9.074744871242856,16.858376509097276,6.179583482430925,10.339146178851632,1.0,12,7,8,5,Effluent Plant C,1
295.9899243659428,634.7824153183358,429.6723677647423,11.649497749931236,32.392784472973645,6.721372323466927,7.532801969352571,2.4309979786069036,14,2,1,1,Effluent Plant C,0
367.57580535490945,837.303075464339,544.75903815756,23.58334797043494,28.119976954772703,6.294674868235487,6.947683085885965,1.0,11,10,3,5,Effluent Plant C,1
319.6785669423112,1091.2660736040057,697.0394601902248,19.99510207456832,26.96868249345587,7.799284183941238,6.244347281686637,8.219862172500193,21,24,1,6,Effluent Plant C,1
146.85583104576125,582.3716770449814,368.5678163717471,40.45279501190518,31.93616581161792,8.463623051927934,3.795318760520166,12.051948036084234,20,4,9,0,Tank A (Main Reservoir),2
278.9457206110935,755.9040049505057,514.1610266000944,38.397952591942804,34.91715870289591,8.528417068778888,5.4074772779723475,6.7141018053304204,21,12,2,2,Effluent Plant C,2
438.62339961518296,1099.7853920703524,710.6592750730101,15.798127978993751,29.942863365415988,5.873792302777134,5.851981723283114,6.731496897432599,10,19,9,3,Coastal Bio-Swale,2
300.7879741135153,1116.4419299283868,704.9019650214452,32.33148279877912,34.43485553219558,7.052042344297202,5.635148029902181,3.9661854442613316,6,26,4,0,Coastal Bio-Swale,0
377.9739711021682,865.2884300368552,556.4440347182908,21.195429123796366,21.786866989892083,5.8405177287098,9.810566638460369,1.0,4,11,2,5,Tank A (Main Reservoir),1
347.25086313828064,1525.5173660763503,973.3200930147894,14.004192790838173,30.66379535133626,5.800526126405571,6.8365014779908755,5.567442198573996,16,8,4,0,Effluent Plant C,2
135.65721717456938,1394.1953140086862,915.4000620903541,1.783770382022067,27.47198458858291,6.405922350873509,6.858241696857531,5.328403457317592,23,18,12,0,Effluent Plant C,2
63.52427787068439,378.1651456820784,226.2588239020395,1.502936765613226,24.84712358113473,7.611957229108985,6.212661083497357,9.262214991757425,19,11,11,0,Effluent Plant C,1
193.9074250118748,292.41163409372757,176.0455112575548,19.17690188116297,20.285274260548633,7.822698051414775,6.946063316699027,12.107240446063038,8,11,11,2,Metro Reservoir A,2
243.83348994036342,1038.7143343596074,675.204202938856,7.726699923442831,30.44714819601065,7.985075407796085,7.308901730355085,3.936965696473822,13,13,10,4,Industrial Basin B,0
174.53175245399905,1209.609693392348,797.3401023751907,17.852756803024988,31.501160213666115,7.91083008936537,5.6589947976030075,8.521620011619476,11,3,6,4,Metro Reservoir A,1
372.1456442838189,732.5723045424782,475.4776572678175,4.753020282682634,33.36809100397299,6.182578831571082,5.498844541145445,5.420572728676987,5,12,11,0,Industrial Basin B,2
348.32762739523434,649.3412624828513,409.49536623586295,6.069163720622187,32.705961750540126,8.619310823063428,5.7454542689766255,4.613730183158767,16,3,7,2,Effluent Plant C,1
329.9808619136837,553.912821828292,361.86896409534324,13.045954014724295,24.913161251766518,8.16393604316609,8.278040676832923,5.192163117391554,18,10,3,2,Effluent Plant C,1
282.9261782894497,449.5964228468885,287.55970021071624,25.689553934156887,33.16282206124852,6.704771808382946,5.832058852924267,6.1341070421479476,18,27,3,6,Metro Reservoir A,1
264.1844900168795,1140.9028387735548,752.9138669349718,1.918537819621553,33.58539001564738,6.750096393539311,5.7463587116839925,3.8860806510449972,15,17,12,0,Metro Reservoir A,0
274.0523187371258,685.6115117586272,454.19536265723815,20.767271653317717,26.960064298989177,6.410950099364079,5.240837648651204,11.04656830945354,11,22,10,5,Industrial Basin B,2
364.95355356919663,890.5402271032939,573.4795529923343,16.750979604534763,28.113713054846876,5.649788078987028,6.524093513350778,6.318833021590136,11,2,12,5,Coastal Bio-Swale,2
327.1844071142086,252.25827743210334,171.76560843489847,4.7912400730901155,24.263383171801834,7.999229826653926,6.1830877637950525,9.704708871479134,19,17,8,1,Industrial Basin B,1
447.1537749880441,1100.681310702683,718.1551080987356,5.3884085445474,33.92354516261333,8.18647414116722,6.515988187401883,1.8439125576846285,5,16,5,0,Metro Reservoir A,0
438.89942611014055,976.3334683668945,648.2848491056843,1.4757545331248303,21.952851416124258,6.088737045744883,9.924730606407856,1.0,22,2,4,1,Metro Reservoir A,1
287.63263123012206,396.5932399250141,265.1574190182449,1.1586581007929453,30.139882689455078,5.721769546713627,7.418070790350772,2.7271824635112307,3,28,7,5,Tank A (Main Reservoir),1
386.3111603581849,877.7086464451144,575.9805774381008,7.481855288629332,25.61268324753715,6.076155855568428,9.332108121253794,2.2400373255662,5,22,7,5,Metro Reservoir A,1
439.2419376792731,801.4230078582765,534.2045498945894,2.0041680650300027,23.568588721773956,7.3322935585430145,9.628974183907351,1.0,10,30,9,0,Tank A (Main Reservoir),0
209.38600121846375,664.9535240471815,432.373837446244,3.156737876135426,20.501086877754368,5.541627150392811,7.502651097813802,8.217624400721268,0,20,9,1,Coastal Bio-Swale,2
557.3054275279655,100.0,57.268995440609295,19.757969422859006,27.138375488116026,8.5533719759487,8.690891920629646,1.9666217573156581,23,6,5,1,Industrial Basin B,1
464.658580280509,601.9012214745879,393.24419134542325,9.463645423151023,22.94165954160838,8.481549293109952,7.579664759251934,6.694722104411461,22,28,12,0,Industrial Basin B,1
195.19269684301926,890.7293437328365,575.4199303850583,11.041181797575662,28.225677813095217,7.709213932633682,6.22000000360011,11.146701146821114,14,25,8,6,Tank A (Main Reservoir),1
468.6291674885316,635.4305148328624,419.0718001328576,3.0761392612571132,35.077349293602495,8.171682899753753,6.527058386032717,1.0,10,29,10,1,Industrial Basin B,0
366.7431013389927,733.4914889723123,477.38890818178487,18.64115923927045,28.798029305755552,7.270506465526901,6.915525423935614,5.17130391157928,18,10,1,6,Metro Reservoir A,1
116.53296695775546,1249.0270357971422,815.8969419923477,21.24800129042855,35.9891220091386,7.758184793792303,3.4469461435816915,10.182924623134141,17,28,9,3,Effluent Plant C,2
395.6175025808437,776.7475966561142,492.84479049751906,8.409258033073405,24.070906986087387,5.639781308028351,7.916868794761308,3.5947281048023507,16,10,8,5,Tank A (Main Reservoir),1
199.44264471259785,170.96015575160823,116.2069665921016,25.36776953721442,22.87623680000261,8.868575372645578,6.993871826609597,7.533945420887822,18,8,6,4,Industrial Basin B,2
193.2910718703366,744.544891804841,471.10195180460454,19.632251273843544,23.891937647086888,6.615176472947929,7.475398606471812,7.881107390550648,20,1,3,6,Tank A (Main Reservoir),1
344.17655309015674,829.8182268684288,548.9994492798322,14.142497438674614,27.739597844978782,7.045439005452894,6.77558617148464,5.935034193201637,13,13,3,6,Tank A (Main Reservoir),1
313.0523759933957,552.3936029114282,368.6883856583187,14.24544408278479,38.89179475089721,10.0,3.768281865013516,4.079604583147305,17,24,8,6,Effluent Plant C,2
600.0,1020.4245787223025,666.7555174955645,2.113712930746779,21.351541145794236,6.935991061072949,9.215902191340422,1.868730060360704,18,9,5,2,Metro Reservoir A,0
359.0377198954904,361.3313082436858,237.96621944192108,4.158566582651252,30.4786524726497,8.087282178027845,7.07787258594887,1.1315160882082735,14,22,10,1,Tank A (Main Reservoir),0
246.76307145833437,758.6776702827265,490.90392497764304,1.6918634000543133,25.200138655837865,7.817438959610169,6.952019346899609,5.958727784321245,14,10,11,1,Industrial Basin B,1
480.5262180236,357.87232959698065,226.58472752173367,1.0871911043476354,27.10478779579615,5.600617643592743,8.513835978185368,2.135061558372655,3,15,7,2,Coastal Bio-Swale,1
257.12239015514444,711.2936847627393,462.1911030414868,2.7234294679677613,22.967920354934652,6.000308338025752,6.37660521997873,7.860271616879718,6,5,5,1,Tank A (Main Reservoir),2
96.0617152869039,1012.4389581485841,677.9121720126714,22.24331655177717,31.516553296158158,9.643066372200906,3.7850624730818305,10.99183338490263,12,22,8,2,Tank A (Main Reservoir),3
322.5167583049978,751.4960218356514,490.7656033610536,3.7427114763577403,27.82429946817951,7.894995531013722,7.30490444146241,1.0,2,16,10,6,Effluent Plant C,0
172.4214467051242,733.9839477884916,463.63207502202386,36.11703198097037,32.34981420277666,7.179749993130776,4.38844163566321,9.82628074573886,15,13,10,0,Metro Reservoir A,2
268.82865504097254,808.3310235605946,508.33157565199514,10.095410611415787,28.700980776130244,6.557222312966731,4.059050990047439,11.186498148524588,8,22,4,3,Coastal Bio-Swale,2
438.1098570894063,823.330240691759,520.7839129347412,3.708360831230369,20.2735040912925,7.584093074612484,8.600989830251702,1.804835874764963,7,25,2,6,Industrial Basin B,0
138.6417139504213,1008.1255762120309,651.5056587351355,7.874251893886967,32.386171183900856,7.698177279515803,4.891060865061491,8.389351037106472,19,20,3,3,Coastal Bio-Swale,2
510.1219721724759,1009.9447169315047,669.1220568491415,3.4730154842143164,19.94799747076128,7.471825848290002,8.357327707346853,6.033093628271993,12,18,8,5,Industrial Basin B,1
114.65486271015237,1226.5087649854545,786.9958593768584,42.335153072039404,20.520389268334352,8.482752697181603,6.105868821511077,11.11496854408621,16,11,11,6,Metro Reservoir A,2
284.6468764313889,850.2850956588135,566.9027770241837,19.790507800461754,24.331189279473456,6.159769701398357,8.201363181350622,3.709838806243008,16,27,7,4,Industrial Basin B,1
343.58605195006203,301.78265146699476,197.95320737091234,1.2658916841783987,24.384577832190654,5.999158275864541,6.225777068650664,9.842143899088612,16,9,2,1,Effluent Plant C,2
444.9140104295814,1057.384579887303,692.1344136095303,30.522137221887608,33.58408546152593,8.451684590364433,6.040298240977031,5.043202342977568,0,16,6,4,Effluent Plant C,1
292.41466833207943,1204.9473377613774,787.7761654287323,13.767768839018949,27.315374452998544,9.735224864572693,5.826981566711069,7.298709411190369,7,2,9,0,Effluent Plant C,2
204.89855162549964,1538.508505155447,1005.9371813180844,1.859732818382934,32.98954116789865,8.211110931226578,7.195188691616885,3.996266562035924,18,26,4,3,Effluent Plant C,0
282.15132153484933,1235.5117642330472,798.9689918712592,12.105970589596303,25.72833008565619,8.757304454144691,6.2384929924470285,6.820556677791629,5,25,9,6,Coastal Bio-Swale,2
223.94997979447885,652.9104769218255,401.04765410703516,11.410795891179061,29.27058547604254,7.110191236648091,7.1759321237966756,2.190820212094976,2,2,2,0,Metro Reservoir A,0
600.0,856.1552082465753,550.6173151356176,3.4690967379508715,29.896169246048824,7.519338029834574,7.978253396905448,1.0,4,12,2,0,Industrial Basin B,0
302.7409166429373,718.8119760379227,458.348992569288,15.206651263386547,30.784261668308197,7.503187614838709,5.987524389006908,6.381757703418021,12,8,9,1,Industrial Basin B,1
449.1814412244114,678.0419224690518,443.83287444192644,1.910902698064479,26.14029530233665,7.133488022694642,8.268600596325529,3.0893326310035127,14,9,12,0,Effluent Plant C,0
308.98287573864985,765.954382749011,500.06273796176055,7.7225726463760385,26.488580444860425,8.893556239151566,7.476811116387374,3.5683859567236076,13,12,7,6,Effluent Plant C,1
470.43583311875295,1185.7229306399192,767.9961086850952,1.0997277033965027,26.807477682936625,8.539016729923976,6.30177663114521,5.744427797658744,22,26,7,6,Tank A (Main Reservoir),2
314.2327556208938,323.2486146466009,227.66684932099147,35.65335627552439,21.39035043881278,6.7209189368434785,8.035008550500619,3.081303754649634,15,9,1,3,Metro Reservoir A,0
159.87871461639762,499.2363102831434,318.09631555777673,14.92568529723875,27.664392546926813,5.225307529280709,6.622962116730809,9.113217202504448,17,10,11,6,Coastal Bio-Swale,2
354.3354606750574,1165.8479067699886,735.5438060266038,2.7298774405951445,26.46526297969488,7.123710867353679,7.165993297040723,4.631526400279624,21,25,6,4,Industrial Basin B,0
352.11392639804296,1236.1004522221856,804.6598606784785,5.180550903037436,30.320291576310215,5.8144173781157,5.81028128615545,6.806542527061486,21,2,7,3,Tank A (Main Reservoir),2
524.4241506046266,602.1512875047148,403.2902865990041,2.75023108748921,28.365204684238673,7.228410067596321,7.47053442591227,5.857067814592148,10,16,11,1,Tank A (Main Reservoir),1
399.77279264469485,1295.2245032915653,844.7675359155452,15.550763868191545,33.34552721381275,5.90896088941324,4.894077294239729,7.30256927060541,2,20,6,3,Industrial Basin B,3
515.6294910852166,1092.7646249923255,706.7306213036212,1.6070197057472029,28.280353900834267,8.707819963206841,8.05605010609092,1.0,21,7,6,2,Coastal Bio-Swale,1
150.1367755498797,719.6716591863224,470.19105352250966,19.351262963629928,25.751177215118943,8.02130726405247,5.504732864927684,9.429190581321105,9,28,2,4,Tank A (Main Reservoir),1
170.16135625844078,100.0,83.38906564309505,29.50703163367431,28.230788888663138,7.992157895341008,5.366853833552427,7.769445509067198,9,2,6,2,Tank A (Main Reservoir),1
257.6430710000896,299.59545689968814,185.98576670519046,12.28951738807417,30.896668963508656,8.486623004916321,7.624363448104448,3.803970677334922,20,1,4,2,Metro Reservoir A,0
367.1063875200938,602.546993717107,391.96427775816204,3.394831306407183,20.907170368843815,7.66932869308908,9.581299006499716,3.9636135167163946,15,19,9,5,Coastal Bio-Swale,0
130.0374208865726,1027.9810945879483,674.8871392437726,5.464278872467819,25.139005924729638,7.856162146006306,7.7928708009822,5.632836224894159,11,28,12,6,Tank A (Main Reservoir),1
464.4520477993176,1028.9300073643744,671.3433766934994,7.486325717723665,25.223293056458594,8.921638479553664,7.862302200670619,5.289319044266305,1,4,1,1,Coastal Bio-Swale,2
173.2965994972404,660.0652424279392,426.56373698570786,10.279200212003188,29.643960811510002,7.038581846612061,6.40249816068142,6.819646293455963,8,24,8,0,Industrial Basin B,1
73.89999937693739,730.6177203912272,470.63825958987957,12.046195657149823,30.1091461587678,7.926138401446732,4.559085075537078,10.164789915096964,23,22,5,2,Effluent Plant C,2
340.94628733434814,790.2555950174345,510.81419201441463,9.079178673658454,28.404910911339577,5.936233788120509,7.924979638244562,1.7980085132313104,2,27,1,3,Tank A (Main Reservoir),1
175.925874285556,734.3785961147541,482.66641072881686,5.328063785615323,18.085447523488305,7.295132298524125,8.095931299617355,6.783629904041958,23,2,4,0,Metro Reservoir A,1
357.0934409618621,849.090129100638,556.6463075340032,23.156487906673924,21.39232726723285,9.911140464327863,6.628532915897819,5.9937517777560245,14,25,1,3,Industrial Basin B,2
176.55024533134076,790.9876529755513,535.0891602725939,1.8489586138207277,27.044272714171516,8.177790455745734,6.867021282121821,7.612530040120911,2,14,6,3,Coastal Bio-Swale,1
280.0164985671287,297.7318552724092,178.15781078720283,7.278390573485889,25.994122306566105,7.096806821225624,6.197065707762506,9.60478286722982,18,2,2,0,Industrial Basin B,1
367.39671568371114,737.7315301342192,497.10456148578845,15.941684262870114,28.02148151534401,7.517448738883402,5.882333276713104,6.18253594245174,17,29,5,0,Tank A (Main Reservoir),1
240.4419806650501,793.2206500865293,513.548659261999,1.6280420224921115,26.122407350258097,7.174802092398869,6.787806580210572,6.02522718477043,7,15,7,6,Coastal Bio-Swale,1
143.89797764409008,1096.9398037782532,712.1050022419835,13.219168969265876,34.12656986459615,7.478040743734027,5.0097477990902455,8.970111406235139,16,12,2,3,Effluent Plant C,1
190.83956870376488,550.6081605079146,366.4826356817378,18.131976142635047,18.824233660613913,6.721191779725631,7.658748908813438,8.807914931754524,7,5,6,1,Industrial Basin B,1
99.9652325391196,861.1716054034712,568.285627613856,11.812576509226545,29.210510526119258,7.793845440241949,4.623037407849583,8.951569443342658,6,28,6,6,Tank A (Main Reservoir),2
282.9900584442383,968.8519988964813,641.319979621863,1.130213026619181,31.31204162465389,7.836371923497552,6.16536705886267,3.2187689927074414,6,20,5,4,Metro Reservoir A,0
374.3789136250748,755.4958463576537,504.82007302168444,2.986180589464329,30.806153833433598,7.207965612457326,7.943020282168946,2.747970150694072,2,29,5,5,Coastal Bio-Swale,0
244.446444607143,273.56063438862657,177.41610239976745,5.187222148445169,31.14909195200474,7.368071167339497,7.470051886266558,1.110199505267982,0,7,3,4,Industrial Basin B,0
270.10498925558153,1103.0207061780839,730.839767823595,3.6616853787753847,31.724463633563737,7.608921210872925,7.05032190391112,3.7801455485017605,3,24,10,1,Industrial Basin B,0
311.990209045523,1024.142369607981,659.4009783839706,33.87479670984283,25.584080453571104,6.567308366717265,7.661860096298307,7.134976881006949,4,21,10,6,Effluent Plant C,1
335.3075603262928,868.6320140074046,561.5578393475939,11.543865660558772,23.59406497209217,7.782324401217846,7.634684684574113,4.72358172304443,0,10,11,5,Effluent Plant C,0
62.84657182690515,812.0991202667432,526.0442774835547,4.523570755803842,19.86127330922131,8.136189260707996,8.42505836141437,5.9290424407242694,14,14,12,6,Metro Reservoir A,1
292.9942412241775,265.57253013451066,167.3558484584666,27.549478999371306,26.54958866528122,8.95783932780578,5.213845692015956,8.309723695237071,4,14,2,0,Metro Reservoir A,2
437.90028306873177,1032.3969907670225,671.6566072420235,14.493616460398073,24.88986750418058,7.582046940070356,7.14257371639815,5.253076801161201,12,5,7,5,Tank A (Main Reservoir),1
232.92764651439185,1245.9188129985127,818.8114756681074,4.349235330397928,32.64643525462855,6.533236934188781,6.1160166857098925,5.475236241742492,7,18,1,3,Tank A (Main Reservoir),1
99.00353502274601,465.87634387343763,309.333083292251,5.762335057337465,26.84976755939546,7.076475289825082,6.417063945683597,7.056466415052624,7,24,6,4,Metro Reservoir A,1
322.11903797371104,1203.505596881474,776.1467946408753,3.2242987891889268,23.878377051089767,5.828443135297731,8.872443475517626,1.9260707834062034,4,14,6,5,Metro Reservoir A,1
147.6309893585103,1139.4373389036068,733.67906313628,36.43014374378371,23.245858184155598,8.072823098722633,6.682964134756534,10.44267592111922,8,2,3,3,Coastal Bio-Swale,2
448.88764087304423,457.04140299498835,288.52344198934975,8.283526769471214,35.955280215135176,4.728329727745765,6.190797167183217,2.994255734854131,0,26,2,6,Effluent Plant C,1
87.99264059446776,681.7569201941312,444.0299163493633,23.63909600542568,27.91165474003369,8.429586228341321,5.378735209466399,10.681150683920606,3,12,12,1,Tank A (Main Reservoir),2
291.1022008235559,381.368707067099,232.08122501819017,5.254123955228915,24.873982146904225,8.574389118838674,7.6133905903071915,5.024143780460767,2,22,2,5,Effluent Plant C,2
446.60352831266306,780.4584992813335,498.3920205443454,20.721424485798952,28.496167231088087,4.0,6.137329437260714,6.264447764725292,1,24,9,3,Effluent Plant C,2
373.5108069842123,934.4952687290471,602.8337139471296,1.5539310654091931,35.58755662466028,8.730337191861757,6.120637547324005,1.0,7,6,11,6,Metro Reservoir A,1
245.33307182490975,403.85956069391847,273.0624240296705,41.2241379194931,26.441277430801776,8.432743403687622,6.36072734401616,10.096081195034888,22,4,5,6,Coastal Bio-Swale,2
261.67668034582795,915.7408325374096,593.9098384376077,25.30809075251725,30.748042837792788,6.85193786005894,6.201804107316927,6.8159803092232885,8,13,7,6,Industrial Basin B,1
382.34517216787697,991.7377290435481,654.6881137229649,5.513042687978554,32.7458441493213,5.769821170816431,5.53413599738871,5.073747542815223,1,4,12,1,Coastal Bio-Swale,2
377.77396882943333,996.0435968656201,649.3040858945628,15.904208177178198,20.434304432600374,6.194689080165379,8.351830577992562,5.311183789663234,13,22,5,0,Coastal Bio-Swale,2
444.85993691373034,936.3507716256885,603.8850098985018,14.953671001237165,25.446350325321845,6.289778644340643,6.003497345842036,7.370954080153043,13,14,7,1,Effluent Plant C,2
405.7859167071042,431.4527970857278,276.11289911135674,24.15212454638403,32.24434651263545,8.779267152251553,4.644695656277368,8.89162708062381,3,16,4,1,Coastal Bio-Swale,3
341.61513391922875,763.5577944349866,484.6519851969579,4.670932856348909,25.202786243589976,6.661151768721023,7.4515452135021745,5.919163716889853,5,29,8,4,Tank A (Main Reservoir),1
228.01448240676805,905.7056330942162,612.7404807682123,7.264609773075688,29.658501597069133,8.286387715290342,5.595102160312834,8.677664716538484,10,4,11,6,Effluent Plant C,1
364.81927357722657,1238.3076867017292,816.0051218712484,21.024776309630326,24.96607360350076,7.051127186476452,7.8812973416586996,3.944583535563064,2,24,10,3,Tank A (Main Reservoir),0
279.2376427588852,800.7397488462559,526.5180925046417,16.07691463262626,26.217792385952293,7.266090765977654,7.165890157680243,3.8291430376398736,7,25,11,5,Industrial Basin B,0
307.365571190963,927.6623882827342,589.9474555476971,5.999956778088955,25.730544777571573,5.314325286620432,6.564633938515111,5.820106729653766,2,1,10,4,Effluent Plant C,2
106.06233537974677,520.3919559064396,333.73851045212444,19.69020064496594,30.546680614783327,5.823515825170496,5.9793499347667876,7.954355503234462,13,13,7,6,Industrial Basin B,2
240.84165485829183,453.53178915023847,285.04232617075274,1.4809214903271075,28.80632045679837,8.751717025489311,7.376085636735143,5.698178751411567,12,4,10,2,Effluent Plant C,2
463.58796001832496,415.07840308088356,271.07664433311345,16.23472637665691,28.39543778004408,7.0131329742391895,8.06762707188878,1.760885115488064,12,20,5,1,Metro Reservoir A,0
408.9625066766834,673.9195177667434,428.77461400907686,3.316368417016136,38.029980951435334,7.560791338663161,6.007853451659915,1.0,1,18,11,2,Coastal Bio-Swale,0
308.14984171780446,1418.615345902058,915.3970690318432,4.370416696707448,34.95878962848027,9.367628591247069,6.455954292165598,3.8826815434265654,12,6,6,6,Metro Reservoir A,1
462.16764175016596,679.3771221680449,432.5835798958397,7.796681198267354,20.07502551778488,7.046848585619418,9.263916041754513,1.0,18,3,5,4,Industrial Basin B,0
471.15987993279543,909.3879061826152,588.7046057710585,6.973543919026892,26.226361307125806,6.978904825375143,7.637245163430468,5.48004565007405,5,23,7,3,Coastal Bio-Swale,1
237.82530409199543,967.1293875712986,629.3483517257122,8.35157603627326,37.70585469842797,8.64730306487971,4.777324318934074,4.6106503066074325,15,13,12,4,Effluent Plant C,2
233.18290197345806,472.5412672891522,305.0192042978191,8.869647852872978,25.701639877247832,7.21481962798286,7.942838587585155,2.1435788108736316,1,27,2,3,Coastal Bio-Swale,0
384.1905583379932,669.4679448163583,450.4832287847492,5.027603059330794,36.35098394350058,7.584008432313569,5.709147707584429,2.84753236867847,7,16,5,3,Tank A (Main Reservoir),0
380.37638762394084,987.3245416797572,649.8720211363736,2.926477040338956,26.29469274052696,8.396179547446586,7.303915822576753,4.621829568946824,16,27,10,6,Coastal Bio-Swale,0
484.12997218099866,928.4982242508269,595.6935177770484,15.630943257506976,27.064009717813747,7.200137572524432,8.71991025972603,1.082523030498909,22,5,3,0,Tank A (Main Reservoir),0
212.605266427084,201.80161199622762,134.4271046119822,6.107858730346316,31.45428543654325,8.145106168033342,6.216801305880149,2.80058577451739,1,4,9,6,Coastal Bio-Swale,0
179.065745745669,978.3231061871755,628.9034080010312,8.048976728992766,27.639171299968655,7.0609844731820965,6.965540702793894,4.014728609462862,9,21,6,1,Tank A (Main Reservoir),0
349.7334602095084,634.7028827468647,408.6056345026552,11.34783539721756,29.978498558297144,8.377366984286022,6.838510996044557,4.235379946773795,15,8,10,4,Industrial Basin B,0
298.36799695324055,642.5548411121404,422.45261875565166,25.039305941391113,34.299794797230554,7.705592483418721,5.711729398229459,5.690747569831251,5,19,3,3,Metro Reservoir A,1
155.55368779855772,921.4597078890829,605.6053100337431,13.294712479066561,31.035203735903075,6.929515207513343,4.118547347656328,9.40663371665035,1,14,7,6,Effluent Plant C,2
405.6697105903173,1256.880777345138,811.0981851314499,1.4652491864636303,28.5661285285988,7.289099498701038,5.793917707633415,6.992187817609087,1,7,4,6,Coastal Bio-Swale,1
288.8687386183853,739.8696119916916,469.8665519267445,19.236239733581726,34.69410736687037,4.266801023349284,4.988550524915232,3.994216597273061,12,14,3,4,Metro Reservoir A,2
403.92787975266174,1153.7150646617797,750.7918270074001,46.42666401729213,31.506749903500396,8.6325283899163,5.689595465501794,5.531082308428668,23,6,8,4,Effluent Plant C,2
439.69511534675314,367.72316963544597,243.36628434885932,7.395780261132945,25.065827347610607,5.694438618019356,7.718308086035691,3.499527135831935,14,12,4,3,Effluent Plant C,1
45.592042910375,839.2230037736391,539.1120641466981,35.929948413001625,35.920300933776076,5.917058807161415,3.6849728175559116,11.274475370070439,1,16,11,5,Tank A (Main Reservoir),3
275.11913528695777,637.683378221576,422.65974101968044,8.925891174839553,30.569462368200714,6.674377725848295,6.440616807172645,1.0,6,17,1,2,Industrial Basin B,0
195.43937850920145,884.6020960268182,581.3842924500863,7.154752733933061,27.145292924520554,5.048459307258968,7.4077050665658275,4.9662355012812265,2,13,6,1,Industrial Basin B,1
413.21892544923037,711.1077791644694,455.6913460978691,5.025764314460833,19.916729661656213,7.761139535933095,8.68845097593686,3.578415412234022,7,23,10,1,Metro Reservoir A,0
262.3412416835571,397.6815743108586,269.79464516064974,11.716438555278868,22.48969447974133,7.633216805617509,6.7015863745330275,8.76675088674847,22,14,11,5,Industrial Basin B,1
382.124113712146,533.7771911596574,358.56244709695227,3.6113157122864203,34.80053964159975,6.616153158532423,5.334167356163278,7.304575049709543,13,29,11,0,Coastal Bio-Swale,1
442.122506251196,307.03967604302414,220.25247048420195,2.108580645416037,34.9586610078818,6.3863521642193115,7.380711849443105,1.0,23,7,1,5,Industrial Basin B,1
118.21911070971561,407.92963131538465,282.27185753483775,1.2761490848957886,28.34113627493296,6.36792415567879,5.6889432027938005,7.717572513308013,22,14,5,0,Metro Reservoir A,2
372.49940879414015,944.0973124625143,604.6371208753922,4.458482118275516,20.919023296098054,7.937758092432062,9.185267793598543,1.0,21,15,7,0,Industrial Basin B,0
85.55244569028837,724.6888610428332,480.29758488649964,6.03801736065739,23.652098985397576,5.287528972853876,7.160279243284371,6.440632702485981,6,12,6,5,Coastal Bio-Swale,2
319.45480120395496,869.2593230384263,573.8148529408702,9.031332582793972,21.504926591801688,6.709200984928083,7.262839369746173,7.009284709859444,20,17,2,1,Tank A (Main Reservoir),1
509.74639659682254,1344.6732444785216,870.5527769168104,4.463708216276475,21.35955496034496,5.364686735960773,6.159982278675792,9.501872217771078,6,9,11,2,Metro Reservoir A,2
210.9992115778086,711.2084620363217,466.83474760426947,42.38896779468675,36.107209475747624,8.122493345533947,4.086567742817476,8.920931373603429,0,22,4,1,Tank A (Main Reservoir),2
347.07525069364783,990.2851799546714,624.9091304682984,4.449513181855936,36.23967163365789,6.796533102948563,5.686578987507136,2.4516577330825964,16,15,11,6,Tank A (Main Reservoir),0
400.39444958560154,808.4406536603765,506.4325682003151,6.815617789722784,23.516611385737722,7.8560992247569486,8.848664111415058,1.656472294323236,8,12,2,1,Tank A (Main Reservoir),0
290.42830642218064,1628.8053598194506,1041.5770644779695,2.0900734117430493,27.9650600964096,8.699445167223223,6.684426185647693,8.589691880391191,20,2,11,1,Effluent Plant C,2
222.51778558751008,100.0,68.89256921426727,4.01952091030381,22.860815360272788,8.719712445152272,6.527026147978037,9.493286532449776,12,5,1,5,Effluent Plant C,2
413.58593661698865,584.7013172083635,384.42094750463696,1.495391913987416,27.939047813999654,5.973478447243035,7.19310488589066,2.804113498431995,20,13,3,5,Tank A (Main Reservoir),1
207.0920595657849,996.2071922694442,644.7958338433946,9.198644329746504,34.55721553347639,7.571351995204147,5.456514926550833,4.986434248794714,18,27,3,6,Metro Reservoir A,0
127.73978345911576,574.1283813716182,390.39513917914445,14.905621878801115,32.31487620321206,8.545672823964363,4.727226083307185,9.580479590694946,20,20,12,6,Coastal Bio-Swale,2
135.03377209925773,969.8214671929943,640.2547077045391,3.177951474791103,31.234651061989148,8.035771757001578,5.682837847540937,6.625000339497476,18,23,7,5,Coastal Bio-Swale,1
328.2598095232229,781.9762421309933,492.3014255372474,5.587249735866327,27.223281050948543,8.154396326146262,7.074412646724613,3.998388561350831,21,8,1,1,Industrial Basin B,0
232.06545712867097,1059.4846514034912,686.9452813534151,1.1675582477818225,33.04786846398546,5.0600118177737095,6.010723539072398,1.8377784701941966,16,27,9,2,Metro Reservoir A,1
487.72355006347675,460.36315087170226,289.83919490479343,19.295987646848808,30.586674986333325,8.017376357478591,7.177783711413941,3.405717539812242,22,14,11,0,Effluent Plant C,0
181.55640475743996,851.8526931849063,557.8442092574043,16.139619506072357,29.61566232526288,6.248482444357398,5.088043181371783,8.47402653937432,22,15,6,4,Tank A (Main Reservoir),2
173.2187255818213,939.8054690040153,610.5677656049563,1.6534314435927695,27.53836264720086,7.997623260314602,8.304265154311404,3.0643347481517114,9,11,4,0,Industrial Basin B,0
225.6587884757748,839.536747463401,536.8691021121463,5.539218125611158,29.273491758058665,7.9713695866115675,6.960615859690997,3.334064977367513,9,1,3,6,Coastal Bio-Swale,0
231.82006027245185,844.8237454762666,566.0801598648527,32.074823557395014,29.153006311477306,7.907900679412398,5.198181264491683,9.043193354250182,3,21,3,6,Effluent Plant C,1
385.55545002440704,1160.729271733868,755.0479957066017,5.976248981360266,25.834273419702956,7.0672210218829985,7.145570577265009,4.839430295183465,7,3,2,0,Effluent Plant C,0
340.9718330576768,296.02827604853144,188.25798403684303,8.469883004770924,24.900333865090936,8.779309632291291,7.290436139470954,6.015308353628188,21,17,2,4,Tank A (Main Reservoir),2
268.1499243373885,837.4901572375055,541.8372027097755,5.388815617893189,24.01237215867844,7.812369607516121,7.694280384546993,3.5667813292538053,19,28,12,1,Coastal Bio-Swale,0
286.9444230855039,437.2555601362162,300.4027945506268,10.066656720551366,24.268547552825627,7.585819135473067,7.6357426402561765,3.9098317150729294,19,19,10,2,Metro Reservoir A,0
238.26764436163324,1027.2832810778932,676.8468790989712,39.238690814150374,27.247588497819795,6.078706978754066,7.145495475193108,5.720549081157895,17,14,5,2,Effluent Plant C,2
213.5225141094354,548.6199252890852,354.9794403562542,60.924664413152364,26.589260404017672,7.675309205831726,4.507478390790987,12.21937116052623,13,22,9,0,Tank A (Main Reservoir),2
322.2870105476047,100.0,55.07910319900378,15.90388914052081,25.517065013589775,9.574452821085623,7.417036284200788,5.8455485765225434,17,30,2,4,Metro Reservoir A,2
277.2032576171868,1034.440224274235,664.0241943966571,6.180367247383294,25.220874101059337,5.531781017530461,7.720306204477577,5.497503392737409,13,23,2,6,Coastal Bio-Swale,2
317.8802072774594,719.4886118123094,462.8461715679541,7.820731265261521,29.167520104465265,8.076127317599399,7.983456871513273,1.7228634845011466,19,8,12,3,Effluent Plant C,0
206.80591591085255,906.9888848304806,594.614432731968,5.411928008219136,33.51042978869722,8.227487183518729,5.426232214495197,6.628315048641454,20,13,6,1,Metro Reservoir A,1
206.2064435161539,1228.1026708097183,805.8320550361841,43.38766810372639,27.956337275706204,9.270623285477399,4.724144576043787,9.275005471725372,23,27,10,0,Metro Reservoir A,3
383.25336049078294,911.4203257796706,585.1678001670355,13.30180942982804,27.694676799836923,8.070888090324345,5.599379085373785,7.5210921829003405,14,20,2,2,Metro Reservoir A,1
317.70650866318186,850.8284251726847,561.0460781959601,6.958960591175783,24.26045322914652,7.2128146358820135,6.750827215584199,5.731313988079753,21,3,12,6,Effluent Plant C,1
279.74979202601895,785.8188862311707,501.69611717058,1.1218925819218013,27.10772075283717,7.707133887976951,6.898195744753947,4.970237724383309,3,5,4,5,Effluent Plant C,0
336.81363570987423,455.8080548752965,290.15749912928754,8.349767958732109,32.761345362437474,6.878333077887537,7.163351489001479,1.0,12,9,6,5,Industrial Basin B,0
315.1563328742804,735.4256425713825,463.531432464344,42.30689201424927,32.14984441403589,8.663109586915976,3.4813057028610213,11.643948328297931,22,29,5,4,Coastal Bio-Swale,3
462.25828471195956,1392.1695735327748,890.1171453344697,8.40366488014488,31.87189497709734,5.341224405996949,7.239282336065867,1.0,7,6,1,4,Tank A (Main Reservoir),1
352.07380177158325,687.4342309598306,437.6379765159246,3.014146988729789,31.74347531687937,6.614554590220596,5.769614966623651,7.412640578552692,17,25,6,0,Metro Reservoir A,1
393.7817152977821,753.1959021730235,489.32001885357175,1.223414694771461,29.74693022225934,7.73538688555472,6.380074699961255,3.90392097071679,11,22,1,3,Industrial Basin B,0
377.40204722295624,1177.1254676316037,755.1917401544346,5.380457778977,29.604828653931982,8.605116934314498,7.369805432556584,1.0,22,2,3,2,Tank A (Main Reservoir),1
412.4182932091789,337.6134017294126,234.42955474117525,26.03821073380369,28.979001306739097,7.183459905615924,6.891052483120267,6.345423349863378,13,13,10,0,Industrial Basin B,1
157.94855462744522,986.0372152870809,631.5992200733131,57.70572533093149,26.332458879789943,6.261195034720297,6.6888969958044004,5.269870402583376,1,5,5,3,Effluent Plant C,2
358.22495722329813,323.33602405848507,212.00787966302948,30.071350262750336,28.33479759446204,6.946952696172683,5.404853284007089,10.331082559435966,17,28,10,6,Metro Reservoir A,2
420.0973750090979,919.7566150644379,611.0442294644114,14.071874508762438,28.86239873482347,6.759646086566198,7.689155407991249,3.859975032586019,23,27,5,4,Tank A (Main Reservoir),0
406.9868662303025,793.2771654805396,516.5552836050883,9.167683640768288,30.532674413264207,6.814829796720971,6.764753786995366,1.7932140085539454,1,25,10,5,Tank A (Main Reservoir),0
183.13827707777395,983.7200482394042,635.7788731139225,9.93273048957269,28.40102594818064,6.67778547276146,5.673708562773573,6.975817450592563,10,8,6,1,Tank A (Main Reservoir),1
375.4054429724094,496.2576889536827,324.03758368542935,8.743399022788003,36.420645523889675,6.67830832416921,5.175943530182099,4.7472894341813925,8,23,12,6,Tank A (Main Reservoir),0
407.8844208519711,639.490074592529,410.05120184453745,13.277509603127694,23.160751211768353,5.140873112937321,7.335174237812311,6.888252226500811,11,1,10,5,Tank A (Main Reservoir),2
238.74843660616904,999.2158859916749,639.4822339541618,6.427863474731014,31.017902799082798,7.560184489832372,6.185288233262291,4.3010957713094715,16,20,8,2,Industrial Basin B,0
188.77448418722904,647.0502450494598,426.70972214249355,12.06253422785471,27.835025173443785,8.009680266370529,6.815772319637924,8.676213051434837,14,12,5,2,Metro Reservoir A,1
256.4633599878447,1026.6545781585507,661.4943610321935,2.296670003952987,28.00858512850617,8.99807394890262,7.760057985374406,3.0251276016865813,16,23,11,5,Effluent Plant C,1
456.7570388050421,862.7509432066255,570.1556457196109,4.088312228270144,24.749696870756768,8.232481148106665,8.347904493624203,1.0,17,11,1,6,Effluent Plant C,0
323.0898022646527,666.2744726209517,441.04103519888776,19.0790738065052,32.07737306899474,8.171232086412601,6.1140227064548345,2.624995738870288,21,7,5,5,Effluent Plant C,0
456.4993031583031,705.3937465907975,460.1691003777696,24.40795196716377,30.61136613728463,7.555214463765773,5.522317670611897,7.746359421509581,5,15,3,3,Effluent Plant C,1
194.7204869541242,801.0514495005857,530.3923010662623,8.743751050394986,31.334549587214767,5.084937376750032,7.082213794649024,2.9009847962508535,16,22,4,0,Industrial Basin B,1
179.00630496231184,733.9453657875795,471.62389558173834,1.3214683403795595,28.676981619275857,7.5361693460746615,6.790139507945183,7.982304762761984,22,24,8,4,Coastal Bio-Swale,1
357.8562070031872,1019.0749261198849,670.2364710344754,27.169338594074603,26.7004207414391,7.334852017953474,7.736354432871929,3.2048960088963754,23,11,7,3,Metro Reservoir A,0
307.46091796940243,688.6162011427748,455.3862597155821,13.108774466924801,27.73375380582217,8.435848008615098,5.822143137103778,8.365538734395857,17,29,11,1,Tank A (Main Reservoir),1
393.23130459361994,628.0907221363336,405.24475449616773,6.344831420001514,29.733862600222558,7.880974360964733,6.564340681212815,3.3353351977850387,7,22,5,5,Coastal Bio-Swale,0
274.6108982385805,1073.0755044598582,693.2018840079161,10.122462797069707,19.97769530832104,7.044152828259133,7.509197881140434,8.934847920659585,8,26,2,1,Effluent Plant C,1
319.6882693801232,673.3612507781627,440.9750984640804,6.6172396886043305,31.49173147030183,9.549782672295256,6.356414500578949,6.178617122619771,5,16,6,1,Coastal Bio-Swale,2
261.77422394959484,637.8885139204973,434.30997859994096,7.26122801850716,37.704771258732265,8.218147747764077,3.9742711768483012,5.303637612906739,4,3,11,3,Metro Reservoir A,2
342.2884844449371,100.0,62.677645386764965,22.786862694792642,29.921340187813907,7.607837559941646,5.571511499583437,8.271887016566414,11,20,6,4,Tank A (Main Reservoir),1
189.6000974512865,488.14898941882115,312.7891193893,2.756449910455127,26.876293503168903,7.746376545396404,5.727984633000019,7.955606586292773,10,14,10,6,Tank A (Main Reservoir),1
277.50737235241724,548.4117564010367,368.2515896764416,2.094456657350118,27.355058981282923,7.273418648573095,6.63309926888937,4.057034872087794,0,3,10,2,Metro Reservoir A,0
471.5624668993144,637.9608222476076,415.3558600179384,1.0273247432300192,30.830169403736676,7.219805346373355,8.380958436141437,1.0,10,1,11,0,Metro Reservoir A,0
418.622258451406,583.3582350113411,387.84306340721776,4.76878198795945,26.966845346739525,4.595737199637473,6.6271746844285335,8.077014858307775,18,26,6,2,Effluent Plant C,2
262.253442849623,1094.9150446036854,726.4410902675468,2.5948092125619797,31.47470108535671,6.10189949926696,6.368224496024054,3.4457467087059483,8,21,9,4,Tank A (Main Reservoir),1
190.69882742037117,567.4557066646753,349.77597047134066,3.484427634946221,27.303437131479026,6.5508873256861575,4.850134002354956,12.028140542800235,1,15,11,2,Coastal Bio-Swale,2
301.18973723511976,589.8120889284271,383.0020618889884,1.1130261727246846,34.85673386649735,7.7407612079121675,6.179042501880705,2.303227556301276,11,1,8,5,Industrial Basin B,0
367.71259808670203,846.6962591299196,548.05453140129,3.57729062726306,34.746384544088755,5.217979813810805,5.523307084788012,3.2153415012194,3,17,8,5,Industrial Basin B,1
112.25196440844616,469.49543602139573,295.5487257394564,5.045329156331718,26.679321328236234,6.574599159590223,6.372374587900191,6.737869335332594,3,2,1,3,Metro Reservoir A,1
257.8103913216699,1269.1976464540328,805.792129286514,1.3207649026204604,27.6759046530448,6.4208183938603005,6.931756718516782,6.416825046644179,17,29,5,1,Effluent Plant C,2
222.89240927612528,1040.6470373488437,660.505592736475,10.362488882220774,27.91052455248664,7.340105781406182,6.243755346607885,6.3041200409236,14,20,7,4,Industrial Basin B,1
320.0588115438017,449.5739143676455,293.2667321576638,9.411840684873011,27.96413469694504,7.743747730452583,7.660765363417059,3.261406555947575,18,6,6,4,Tank A (Main Reservoir),0
152.69008145298187,1104.1001257600512,712.3247214508451,2.020723481772765,24.210283819757294,6.4250250566904,8.578913555889908,1.0,12,8,5,2,Metro Reservoir A,1
563.5735979781393,1166.512441855986,750.2147513371932,10.038923541877644,23.65095726290259,6.511277504780661,7.7859188239513495,2.9726360838327754,18,29,8,3,Coastal Bio-Swale,0
31.15613059631559,457.36557892441596,298.231900098018,67.10557580700433,32.999030286191825,6.383644997928847,6.149221966107497,6.160583794548668,16,16,3,2,Metro Reservoir A,2
150.07630506108507,450.4500152723527,285.87103942326854,29.90813005839453,32.359148056816665,6.731846170831861,2.5086441174490934,13.181149619205671,5,19,6,2,Coastal Bio-Swale,3
267.6927303844488,616.8760562305598,413.8712429376499,1.0267456683500507,32.290082856709084,7.138625241814039,8.125833549632983,1.0288041912187014,15,1,5,4,Metro Reservoir A,0
203.725155251739,375.4384640765275,237.82615925787024,16.86592425854809,27.722486532238683,8.77815040227012,7.5131458950430465,4.804429934096213,23,3,8,2,Metro Reservoir A,1
264.4696597548632,565.9134396731681,382.8969509872849,5.363449343031284,35.56804707995878,5.985007235755663,4.99363904737452,6.613693713435772,11,28,4,1,Metro Reservoir A,2
395.2153464950768,679.962624584377,441.67554865936603,1.6576740426216863,27.910124093301732,9.301009285980033,6.940606018139545,4.181431650288981,18,3,8,2,Coastal Bio-Swale,1
236.7511831723545,951.2457084129443,611.7907145296633,4.509530789552484,31.451504695598963,5.719418637871167,6.722646488845617,2.6769450285481344,4,5,10,1,Coastal Bio-Swale,1
246.54565541641142,824.367650945075,528.5933255388869,4.882194475271197,22.44551194186006,8.345570546527696,8.399393745541177,4.042450917654791,16,27,2,4,Metro Reservoir A,0
230.71887831293037,755.5935480395915,506.27374877704494,8.407509513214523,27.0810586740086,6.629044866349673,7.771680283300115,3.014982553470975,22,12,9,3,Industrial Basin B,0
339.5808208604358,655.0480115225262,432.73954128919854,11.820023032242576,27.37671577770473,6.106850189468067,6.719479612402556,4.418631724199432,0,12,9,5,Effluent Plant C,1
175.2686845881853,407.6132750109869,257.3544469280073,14.82523926982267,27.73804984791354,8.78025580616218,6.490031917524387,6.654163638262226,23,20,10,1,Effluent Plant C,2
543.9506844452372,977.5153180345961,636.5757224047336,3.822343284763664,22.698004128017256,7.298103295757387,9.20810253855255,1.2721723870768775,22,13,10,3,Effluent Plant C,0
126.03159170184124,970.8122470471137,607.4411724938205,4.882696563195203,30.81552371129703,7.252184314324563,5.3676907686812765,7.729591744658185,9,20,6,3,Coastal Bio-Swale,1
379.69176700638866,614.9454227024855,386.3984815704957,4.687210750597309,32.11444124521351,6.867508934332859,7.290670156413869,4.686781256905918,14,9,4,1,Coastal Bio-Swale,0
524.2271964188037,469.6534576626731,297.7718607889971,5.505726288309411,25.024562443508337,6.50224492888749,8.088067976511635,2.8001087415368504,22,7,4,4,Industrial Basin B,0
191.8998519240638,1266.831331258125,815.6921926817761,80.75767433041918,23.41063393471468,6.9877849628499815,5.097537676026863,11.128865870415101,20,4,6,0,Effluent Plant C,2
49.91311446120446,874.0191353260795,580.2425851627518,16.04822537047761,24.92423350042431,4.0,5.777852600419223,9.107173790677743,20,19,5,3,Effluent Plant C,2
241.9959530198438,919.0904873975128,578.2669500809753,37.88498137572212,29.981994676560724,4.975570521876383,5.282247632691077,10.243724517866767,10,22,6,3,Metro Reservoir A,2
269.66471909530406,932.0443582099275,591.5507675456091,12.812693543272342,25.613586580366583,7.670781862805441,6.7157144472704955,6.001184125985268,12,19,7,4,Coastal Bio-Swale,1
346.82452690044886,439.2548904256121,290.03962360955154,6.213317901733852,27.463739001454496,8.6193328445665,7.1643801917511905,2.8199223409637897,4,6,7,4,Effluent Plant C,1
475.46269669918985,1249.78297520506,814.6616570158398,5.93877038622944,23.70615702118922,8.836267853130876,8.06686668004201,6.298608172039314,0,27,9,2,Industrial Basin B,2
292.1128138216418,678.9506201167308,437.8201947200614,7.705663473777367,35.917145622005854,6.051601817591682,5.457551325768701,4.813044785933248,23,13,8,4,Industrial Basin B,1
254.75648852442467,1046.6126011786828,700.8230800541129,6.393447614217227,28.29279451265113,7.43138586043432,5.077926254305098,9.876351847440683,11,11,6,3,Effluent Plant C,1
184.97187799024766,1237.5298110280332,810.5684480869015,18.621593829420817,32.59886131690652,4.567829873538007,4.370992059381457,5.749524509170107,10,13,12,1,Coastal Bio-Swale,3
182.93523501636173,824.41280960546,548.0965733001101,7.254922947599249,29.97267933695535,6.77833263850225,5.382549745554919,9.776945584753541,16,13,6,0,Industrial Basin B,1
425.410541401481,445.5564773794651,289.1037091123212,4.504292890114557,27.832479780139725,8.188430686611323,6.930768653138911,5.0349221603601615,3,28,5,6,Metro Reservoir A,1
394.0482866315513,100.0,59.5641785645319,15.910340415209324,27.62535070044289,7.179003185213873,8.381151236159965,2.480498753081094,14,25,1,2,Industrial Basin B,0
112.94291293126523,788.4752572094186,507.1876234121445,20.270323273676553,25.09902529344886,6.801902649480074,3.6577368879314167,15.917184939700073,8,22,9,6,Tank A (Main Reservoir),2
500.58617081189664,875.0433343197662,578.0548164215735,6.4546702861805105,26.1981473964651,7.184053262552825,8.27374869191393,1.0,20,28,9,1,Tank A (Main Reservoir),0
579.1307119939637,625.7674598943144,414.4763323083514,12.020438855841777,23.96879067360598,8.739417063655225,9.055551598817932,1.0,19,20,9,0,Coastal Bio-Swale,1
311.846676161177,840.7056360370751,544.2725820992576,1.6060443927642747,23.532536112268218,6.906358011925713,9.621465760265513,1.0,18,15,11,0,Effluent Plant C,0
63.515131802525815,929.1034514513173,608.6330839896465,8.53884619179323,36.34550167020541,7.287173055651967,2.938255139962075,13.072931025443872,18,21,8,0,Coastal Bio-Swale,3
331.3926351800076,1098.1783372383907,723.4420997451261,1.4602418764463223,29.11564946032777,9.02327351632961,4.667751415243714,10.517995508598188,11,13,10,5,Coastal Bio-Swale,3
510.9808583003095,731.4303826621372,469.7904539325663,1.2962537016644167,33.86286896681624,6.926013730374663,6.5078112391966325,4.561660490174721,4,22,3,1,Coastal Bio-Swale,0
268.00378931056065,786.397497961981,507.72441892804477,10.491364201079982,24.82375097185591,5.236172188320282,6.973639490923104,6.351562492135951,9,11,1,2,Coastal Bio-Swale,2
357.4608017582115,746.4199011699337,489.6393407770108,4.614511639325391,22.993585630141023,8.84208962227041,7.927032820117353,5.214215657244333,16,19,11,2,Metro Reservoir A,2
455.2697094357532,810.0783899980548,508.6643509224089,14.568798895089103,24.088887156164596,8.418713771701325,9.25755868398377,1.0,4,8,12,0,Metro Reservoir A,0
238.26018136923528,646.0446857228408,424.5849674737985,23.64158547344776,26.311712459641218,4.540001380783789,6.2970642284861915,10.740641187380277,21,20,12,1,Industrial Basin B,2
272.95610969401395,644.6103846516547,407.74625942810246,2.501152026812995,28.14599972730464,7.043777773821397,6.0851343097523785,8.233694985205947,15,8,8,5,Tank A (Main Reservoir),1
547.1581514639978,663.4931482183094,440.6870802513062,13.892505524785323,27.39625353262403,7.173404778442975,9.305599166282434,1.6959713746812226,6,10,7,0,Coastal Bio-Swale,0
127.60827297037419,846.879872485849,571.949765388207,8.226171832182764,24.907236126053487,8.842380944279897,7.233878777614691,5.799666464731455,8,26,5,4,Industrial Basin B,2
270.0349140041758,545.8057916446589,347.802081420866,2.1891783573153356,28.350860037271055,7.182741982188475,7.277008513426831,3.998675153554126,2,16,10,6,Tank A (Main Reservoir),0
377.94225032346657,664.701820062077,418.559745691725,11.543828128762744,28.701544498159787,7.39910180531525,6.594095523275808,4.520905872650845,14,19,7,2,Effluent Plant C,0
297.3044760145218,1342.5769901364224,870.8759572806593,10.40242302064618,30.809105710206314,7.436383259987294,7.098589261683418,3.0029502113562474,15,26,10,6,Metro Reservoir A,0
331.84440258523244,1068.9198021513148,692.145273567157,8.249307025018314,33.88172921205015,6.640691514917869,6.025840710266872,4.4879613508971214,17,23,4,3,Tank A (Main Reservoir),0
435.216165910089,512.8756768200151,339.9764281775997,27.100781747884845,26.544424841964307,8.756676424214145,7.67510427566454,5.129540673083604,13,11,9,0,Effluent Plant C,2
394.4025171891506,1059.4018791780704,690.9518345746889,8.362210755893384,32.86192237453853,6.249278416843544,5.241189083087638,8.028944961109918,2,13,11,4,Tank A (Main Reservoir),2
257.2394999937106,988.2176222251054,639.3781516198317,47.580558475419345,28.263750373711947,6.617462239223789,5.48109105268003,8.675131954731292,11,28,10,2,Metro Reservoir A,1
536.5344823402488,768.8241465563484,500.64183127887424,8.117772757907447,21.890724050328874,7.192876288237434,8.929814104344231,2.734142407223924,8,9,2,6,Metro Reservoir A,0
309.8329822581951,587.6081158980793,370.7237511826663,2.2313085286340164,35.13308324158335,5.594336519358098,5.392951405777336,4.147491711870974,6,20,9,5,Industrial Basin B,1
266.2316614915944,553.5457662544287,368.0968984992614,7.357678209387043,37.09014576759876,9.318491056167817,5.5631564583099635,4.311871133521999,8,24,9,1,Coastal Bio-Swale,1
169.41718776530033,867.1520518349708,579.82844512228,3.0129493338097055,30.476385912206204,7.198973280515955,6.499798648867441,3.751139982062236,12,19,5,2,Tank A (Main Reservoir),0
154.40572659055175,546.1299013410478,343.00846449388735,10.091500007312014,28.359139857676528,8.189528750306433,5.517045996320326,7.040416281752357,17,16,11,6,Tank A (Main Reservoir),1
318.0332973939835,1129.1663989015474,718.1656295116809,12.8133816219298,26.91437975934201,6.051015770106481,6.716646640820245,4.451415434276705,4,7,1,1,Effluent Plant C,1
352.84560534250664,1214.2419765365028,785.2364004812483,7.319303176015691,26.144208122062366,8.054081241599775,7.2780518281519955,3.0186924092962055,12,19,7,6,Metro Reservoir A,0
395.2923301190168,787.1586507295723,499.43841820298877,2.028115090075367,32.84280501259006,8.15591316326753,6.867406991348005,1.0,3,12,10,1,Tank A (Main Reservoir),0
494.6155868397064,1141.6342435766387,729.3000814938036,7.323181534400328,27.93090704780731,8.329043085927957,6.578210797729485,4.706533407257229,1,15,10,5,Metro Reservoir A,0
299.7672007137029,676.5353155091756,425.72777012448535,1.8496352770258153,34.695759188979075,9.485999808492297,4.673488476489619,7.921023463869572,15,23,4,5,Tank A (Main Reservoir),2
391.6010450063104,585.6944650147641,378.76537829952264,12.461000611634713,28.13944966131666,6.530115679699018,6.713725411894034,4.874671486679853,8,14,9,0,Industrial Basin B,0
525.2600767776166,1130.082554043572,730.4394354317614,16.624027390990967,26.350613226306372,6.976022474710093,7.740866837951279,4.1570056597977345,8,11,6,0,Coastal Bio-Swale,0
288.52449445057835,1273.9600866816522,831.8066255844257,33.802281533671525,25.59479814195307,6.1857011956115215,7.539847781676498,5.108520606702433,5,26,3,2,Tank A (Main Reservoir),2
354.7694974379431,1388.947396097665,897.1856655143556,2.6111063587768064,25.02513565882201,7.0845261258201715,8.533023895472143,1.0,10,10,6,5,Metro Reservoir A,0
368.2620800149753,899.7965214431324,572.7013079826293,8.601855394943705,30.056583305624184,7.996940224493343,6.0929801298349044,8.389542142808807,21,27,10,4,Industrial Basin B,1
343.7911626509896,1058.6331185568874,687.9426972628256,9.382593552686286,22.822026580567954,7.932283207205596,7.054665852376074,6.392364605941481,23,11,6,6,Tank A (Main Reservoir),1
248.43584355623938,893.1851685398445,569.9847991274561,26.571745985316106,24.726650066654987,9.168902709927309,6.868072340751146,8.966065469564994,21,6,5,6,Effluent Plant C,2
269.6712341270244,1221.013597009577,798.780549249097,10.869187983046046,33.297930503364285,7.788236570215543,5.666454070405131,5.84012748123544,0,2,2,6,Coastal Bio-Swale,1
373.4671680340257,929.9852400317777,587.8281780122694,2.572500645479213,24.181802756702087,7.200674226563052,8.414089715196488,1.8411772745976793,3,11,10,2,Tank A (Main Reservoir),0
327.21259194003693,1041.52513659861,655.3424806999759,6.733241364044756,31.450819687960067,5.889900684930797,7.157708663401341,3.722794479069788,12,19,10,6,Industrial Basin B,1
379.40041991707403,459.37446343914024,282.49567423208725,11.635227755662317,19.74795275399674,8.239584437788515,9.230414546526115,3.661904249816428,22,6,2,3,Effluent Plant C,0
269.1558740373201,730.6511673896982,470.74006460388927,13.049213609612274,33.80034816870301,7.0122043313139715,5.485823987808605,4.054340848825969,12,14,7,1,Industrial Basin B,0
395.52598078611857,1044.0908445926707,675.7877504229372,20.88314634777464,22.919072643889812,8.266850126081238,8.141337383693338,4.85612796484507,12,20,2,6,Industrial Basin B,0
350.4249370579047,1017.1918232208104,662.5441029282078,2.990695688706457,24.494425026100966,6.690274039059808,6.998587592737431,7.613398673038101,1,6,12,1,Effluent Plant C,1
83.68352604328356,1069.6709629607328,689.6391023844968,31.270608641106776,30.7213703119453,8.640849301420424,4.401756254817794,13.192205822573465,8,17,6,0,Industrial Basin B,3
477.3622317483581,836.1963941572659,535.0625766245207,1.6096030341776666,29.081632536832196,7.663580361550184,8.013111707263455,1.5441380180115765,23,10,5,6,Effluent Plant C,0
121.14367642814321,604.3933990594161,407.18845509488926,42.20409391859265,31.579949744379228,8.390702550906363,5.698628209401606,7.712780176882383,7,28,4,4,Tank A (Main Reservoir),1
343.70078095373447,782.3160399443138,520.1942801494747,20.502893739436164,22.886949482969698,7.662975243850369,7.191729172419032,6.7006355890844365,6,1,7,5,Effluent Plant C,1
428.86367665181234,814.110309202551,539.0337252902734,11.796122856303016,26.852778362665845,6.089596354273768,7.853115387340076,2.2382535977244964,3,3,8,5,Effluent Plant C,1
299.6634601984728,872.5222425597726,570.2284205965452,14.280084730058178,25.531687163158253,6.761547076972012,7.091659568666137,5.586445080488608,17,8,4,0,Coastal Bio-Swale,1
315.67695431233614,509.6403719344739,335.15130499600235,1.7546952039870447,23.559244807390307,5.663501035900091,6.9196868089785,5.230382222397279,2,8,1,3,Effluent Plant C,2
315.91015251556064,720.2400242938106,460.1040369337558,1.423647077389829,30.383589834081462,7.421575028391906,7.394110350539607,3.908330843060079,5,27,1,2,Effluent Plant C,0
213.0977721637863,773.3997171517614,504.1533990308992,2.0732443906172415,31.772205786427183,5.4448392565211705,5.259454794515525,6.08841043681938,11,20,1,2,Tank A (Main Reservoir),2
338.08726867651797,127.33350237679122,73.36810434469947,1.914135775596987,26.652535179837866,7.552651454220176,7.546133736649162,4.192399748564093,11,22,11,4,Coastal Bio-Swale,0
314.6957648443539,1049.7514344121305,671.8056993616831,8.927050828098555,34.09084519718468,4.0,6.716284805001106,1.0,20,15,1,0,Metro Reservoir A,1
511.45653160430123,849.2047869921834,535.8082137525034,3.4263730988277747,24.85719911648663,8.171919618140125,8.471002797090382,1.4611267049881511,7,24,5,0,Tank A (Main Reservoir),0
-27.11516907770354,879.5956611344657,575.7978955570032,20.675827733625784,33.99386929654816,5.875596874839372,4.430555980086769,10.364804546275838,21,7,4,3,Tank A (Main Reservoir),3
256.4727498840575,645.3511066915157,421.11493697178247,6.901369461731903,30.248956239033063,6.055300629604895,5.684755182334573,6.2509831315752695,21,11,9,6,Metro Reservoir A,2
231.06669064117506,975.8751126590759,631.2899744495975,12.891185978699607,23.105731258099958,8.846247103794843,9.307143658948151,1.0,0,7,3,2,Effluent Plant C,1
263.5718648198963,550.4222528199687,353.4363984621014,11.58064839586065,35.92609706833068,7.583740248671607,6.747841395958796,1.0,3,29,7,6,Industrial Basin B,0
220.00574283513603,597.555726730659,370.1101574877524,4.854463849413646,26.22208986723589,8.21560226159506,6.372512521720425,6.65090707862553,20,4,11,0,Coastal Bio-Swale,1
486.13533826973753,988.499013722539,645.0883545120887,3.786134153411848,32.820470958457804,5.993598112968298,7.09644231886554,2.6501497612757383,10,25,8,6,Industrial Basin B,1
523.7120197277368,907.148520843215,586.4911379191262,5.192440308994706,28.58259648771853,8.354275078428287,8.66719548958686,1.0,2,12,6,5,Metro Reservoir A,0
253.23359668520828,416.7199204495119,279.8279203963191,16.92867826969487,29.49776489780733,7.035043476313185,6.451497372284966,8.871039528538574,12,26,12,4,Tank A (Main Reservoir),1
257.10904466915997,1273.2112610264107,829.0494332261428,9.825582448365056,31.60482712196923,7.341148780889811,5.401767041245128,7.154170869559563,16,6,10,2,Tank A (Main Reservoir),1
470.1324743863968,572.4507039280559,379.15079640527665,3.924114550643911,31.383404737876013,8.988356270003159,7.24753824138148,1.9044741363970639,21,14,1,3,Coastal Bio-Swale,1
338.834063302799,760.2219336135983,494.0718528628974,18.02905228188332,26.63141374750616,5.804525620502639,5.938416939037503,9.537982135358277,21,12,8,4,Tank A (Main Reservoir),2
321.24757284791986,1324.0362159805854,862.4403191089365,1.563157660253323,30.12666238375438,8.295643181575514,7.772927930800086,1.782083742892587,9,11,10,1,Tank A (Main Reservoir),0
423.37264499774955,182.06552923697336,127.65385678091108,13.01254419119567,29.82639939479401,7.662492212318457,7.879228008393696,3.432539950679409,20,19,3,5,Coastal Bio-Swale,0
256.1627531049856,288.1217540091081,185.35524746253617,6.782140789982249,28.85424479875698,6.9442915176796065,7.506226496338726,3.221127859884756,11,21,8,3,Coastal Bio-Swale,0
366.4470688102346,932.5801061265553,610.8956178642759,14.14123984566031,27.186733864681084,5.887037520955554,8.519683067500242,1.0,14,5,12,4,Metro Reservoir A,1
295.89171304628456,100.0,60.564755851996,27.23634794075882,28.84625933277699,6.930817842131349,5.2948855666936625,7.961758095746207,20,14,4,0,Tank A (Main Reservoir),1
193.25414833219895,186.95194925446356,120.2076979191563,14.864307622097119,35.87016298478344,6.217977045497917,5.736265509733542,7.046746009644144,9,21,8,1,Tank A (Main Reservoir),2
313.00519477789925,1152.5473478882425,765.0910161134525,6.833342312725729,26.81989059154337,8.62422454860585,7.40602521921445,3.307751304024785,13,24,11,3,Metro Reservoir A,1
72.19375624569075,677.337989478773,446.67475998077344,2.636674493988929,32.82634967921683,7.310109992106624,4.1901897491302,6.382427570183449,12,16,1,0,Effluent Plant C,2
429.23931323569286,1458.8268677890446,942.8228749768425,17.417079120499956,25.521454304334142,6.387635650726444,7.457860723669243,1.0,4,25,3,5,Effluent Plant C,1
204.80534929814237,489.5690665839301,322.4490848818271,7.1749352501591215,24.474741350709024,5.474876956666134,7.2348696492060816,6.775734840815826,5,13,6,1,Effluent Plant C,2
166.91129903422888,704.4554603388558,445.0962364839983,1.7829924546596896,40.0,6.6443444879699385,3.8170950504796934,5.154493728436967,23,25,9,2,Metro Reservoir A,2
476.1728634441647,962.1892178535757,623.2110694586319,13.695977741974458,30.160096787956974,8.683482148711848,7.00561294334992,3.297534206667735,1,29,2,0,Tank A (Main Reservoir),1
205.80225005309117,941.4585452525718,602.4138114059466,4.451021194557689,30.270053845158454,7.333718799269175,5.492381113259201,5.687448521331034,21,22,11,4,Metro Reservoir A,1
455.1628329575294,723.5301153533464,474.81363695600857,1.5012369390555045,30.38091108733681,6.983770572403319,7.624729969965183,1.5053614548643495,16,22,1,6,Metro Reservoir A,0
306.3867090022285,605.4619967172746,391.66098214954656,24.304807332894867,33.62919882613836,9.23842578454031,4.632553806686226,9.745813444702062,3,25,10,3,Effluent Plant C,3
371.80093101822166,869.4086973023873,567.9504380023169,7.599079595583669,29.631240058471015,6.702544662854656,6.259351338374174,6.341063027346202,13,20,3,1,Industrial Basin B,1
257.12519346232335,1213.0657658527548,796.2345429897229,4.298397546794774,31.26488749022877,6.2300165536829715,5.742625187132067,5.520767808247312,9,22,4,0,Tank A (Main Reservoir),2
317.5695819871539,1028.8426068719884,664.145551876022,13.601430872983084,23.76572688697391,7.684907537060297,8.494227697624968,3.9730265793896877,2,4,11,2,Effluent Plant C,0
126.41077572998509,610.2594751069595,392.423815654182,22.707008609163672,31.93569414897781,7.703478379185964,4.834305520063195,8.59624634827538,2,11,5,6,Industrial Basin B,2
81.81365358980813,502.46820617619807,326.23396220853743,1.0030712219094777,27.052957767849836,6.495853431034706,6.181798714679209,7.711438728376244,14,17,3,3,Industrial Basin B,2
267.59387842020203,592.1633036870126,376.3011846526036,12.642784374737476,30.68696992876749,6.242801557143068,4.582270818122445,10.084956538920382,5,7,10,3,Coastal Bio-Swale,3
428.1431354294793,417.87713439025526,271.50800747184303,15.56767015596206,21.139520181221215,8.936484362081657,8.461866131858997,3.920905804067969,16,14,11,0,Tank A (Main Reservoir),1
331.7110433242374,844.2228446981733,549.1604769801482,3.3563047353715394,30.520718369460454,6.680416909424165,6.79410829602042,6.791241630842605,11,26,2,2,Industrial Basin B,1
-18.12962228139432,1044.1358536202852,680.9777070048309,7.726072396759994,19.032414580900685,5.457751659752197,7.503362833657308,8.958928711438656,21,11,2,5,Effluent Plant C,2
319.2447339703,778.598000449879,510.2842047115605,1.9352626074426373,26.896338118255294,7.431443611797758,6.946600773524805,3.4643940728100224,19,28,7,6,Coastal Bio-Swale,0
295.1670330547786,1315.9300378788548,839.3233620619536,14.733776719456436,21.177793636401578,8.273509779083076,6.377917059203017,9.689663716553431,23,22,9,5,Tank A (Main Reservoir),1
398.17006344313256,1332.624372546407,853.3546271695183,19.8030232165152,30.532146905002104,6.971269757088936,5.818409823315708,6.456896341010973,10,9,10,1,Metro Reservoir A,1
414.50746129901876,892.3205806485264,568.3365348830655,2.144984253898741,28.2770795247035,7.844552650484765,7.599702833419594,1.1585370814818947,3,23,2,0,Effluent Plant C,0
382.24445122876006,1010.581322143005,657.8039394052182,17.953240323965964,24.916850387838895,5.943196926796106,8.391831138649819,3.6654282102954037,5,13,7,6,Industrial Basin B,1
286.8238612140111,529.8626066091657,341.56693570515114,15.765262076462644,33.737632180139315,7.953911361464892,6.170117956681253,1.2462828988706112,0,23,7,1,Industrial Basin B,0
376.4156228030155,691.7580518482466,426.9654880200099,5.260454178884661,24.413334022666472,6.053741435404471,7.735000768526093,4.409330116626848,19,18,11,5,Effluent Plant C,1
352.299259284075,1181.6811133299648,787.5631717491974,12.721173854500599,15.875224670039644,7.566207819754734,9.892803423683276,4.791566686745034,22,28,7,6,Industrial Basin B,0
232.57476519385784,626.2182148134675,387.1521489512955,1.000481250523035,30.05454013546061,8.12120338651724,6.274479315201583,4.665219069771944,15,11,3,3,Coastal Bio-Swale,0
106.63560014528511,1246.2139421049355,810.3432991686328,27.852763227299565,20.933605122344204,7.318444762098405,6.771693501208265,10.870382682526934,14,15,12,1,Tank A (Main Reservoir),2
235.01399125416617,1133.7692306224499,742.5837303222413,8.993596930826516,24.53996142795663,5.717462601452577,7.6168240129656475,4.850059765480375,16,25,7,2,Coastal Bio-Swale,1
368.84520477065996,1025.4871883139072,659.3688026605474,10.684761716366479,25.930613708242888,5.76950608250902,7.517973286463413,4.267088239708928,7,26,1,4,Industrial Basin B,1
210.63913535327447,448.19153310210805,297.72409342298556,11.926085876194051,22.304024601215954,9.11174526781204,8.41691381073423,4.5940929715115315,11,25,10,5,Metro Reservoir A,1
356.90024624448085,706.4040547789035,449.08086081243914,9.240968053162467,26.02508965576712,6.278230327808174,7.565551166843791,1.0,21,22,1,5,Tank A (Main Reservoir),1
413.33227208242636,993.2626516532383,647.3317375939316,20.432608742611347,22.37887245098044,8.118148768732446,7.69780948893959,8.093656708811395,20,29,5,2,Tank A (Main Reservoir),1
156.66235182067757,504.2755776493909,305.9736572471892,10.408442990201237,28.649532740532187,7.342051062398864,5.9450597344024,4.588466874138842,9,19,2,6,Effluent Plant C,0
352.73337054767785,742.9768258350206,494.66722770569834,24.833613080568167,23.085018976991243,5.995150966775728,7.9336471914503965,6.724356592614495,14,1,9,6,Effluent Plant C,2
384.78950116985226,1025.6392847382913,666.6742909422956,9.730675159565262,28.12058559512806,6.560690952646537,7.281657179006096,4.3707727003755465,8,4,7,6,Metro Reservoir A,0
276.9435068433778,629.5483316233112,393.2592915097241,2.8768280903471384,32.648030817084845,9.239799616516542,6.306012856736283,4.669838108515707,1,14,4,1,Tank A (Main Reservoir),1
428.96696961112616,546.0636526194056,361.2289173478921,25.483343155652115,31.129491081168652,10.0,7.797466559502955,2.6130586821392607,4,14,4,0,Metro Reservoir A,1
302.2710179179202,259.76766236354615,185.17050297475794,12.445331929367896,27.673157231433688,6.8192252005368035,7.484707110972876,5.241291521171803,5,3,2,3,Effluent Plant C,1
448.2130374777993,684.0097406857075,435.3422267997717,13.014393310663964,24.045050726320728,6.736346111475363,8.551274668492582,3.4893424597301834,6,30,5,4,Effluent Plant C,0
128.51966809143238,1031.9544538430412,668.6682755790118,43.32348839636249,28.636708463690322,5.2340449029571285,5.594252783283993,8.437136240900585,20,28,4,0,Tank A (Main Reservoir),2
590.6303149507364,538.1288974020507,344.63554434772567,1.781740550865139,25.217123502131656,5.220101529566696,8.436232395188771,1.1332868154004676,0,17,12,0,Coastal Bio-Swale,1
438.9195725852926,805.361631940312,515.7828916138895,6.5965285103880085,28.804493834806102,6.171297719458872,6.831235551100151,6.095346472239946,22,3,1,2,Industrial Basin B,2
133.81464630614377,732.7372184617799,467.52357099582434,3.732472811283,21.138859130188003,6.665995820954718,8.667412823784641,4.437463245742225,6,16,12,1,Effluent Plant C,0
499.9497217917031,600.0129332095858,383.5438244910277,10.954055454407648,31.22904422534257,7.169469821425341,7.542087301624465,1.208967749169213,19,14,8,5,Effluent Plant C,0
178.95204457469188,1051.3116798127662,677.4287872734243,17.440898339188998,28.13286625205259,8.028160532066927,5.770024885516372,8.583096522513042,11,30,3,5,Coastal Bio-Swale,1
396.9380642609315,1292.6816843497688,836.6784606893193,34.90575263412025,36.834066720036695,7.465051471303831,4.645017725209002,5.947551481700188,15,20,6,2,Coastal Bio-Swale,2
407.8522301180145,1101.301383092511,711.555132500428,7.0622867063264785,33.2242458473709,8.04805016424277,5.571040608972642,3.6303688225434922,15,29,4,1,Metro Reservoir A,0
137.87339801453857,591.2190792647856,391.9041116528473,16.427995536367874,30.264747745684225,6.46326136871971,5.857594040070101,8.037450414348768,10,13,9,2,Metro Reservoir A,2
269.6723771981441,1397.7096991537835,915.2300676148853,25.8953645530117,27.504028105169724,7.115049089778336,5.465449908246837,9.809676800717062,20,15,7,5,Industrial Basin B,1
276.2253535271895,1100.4208730690198,699.9385613867431,12.498806334802236,25.08158254519334,6.763080107808356,7.704667928396525,3.852247099140979,3,14,9,0,Industrial Basin B,0
339.6373382012499,662.7928793107128,424.87946795805766,3.780387886664309,31.769637180136538,5.679935157442111,5.3260450205276575,4.712493240119664,12,24,10,3,Tank A (Main Reservoir),1
278.47952280162696,567.4020853664258,381.3169279532808,10.361214448896028,27.082120834721152,4.8311856539448215,6.50531810929554,7.082028026370028,6,25,3,6,Metro Reservoir A,2
73.43376235552526,1136.311779153477,741.5429060458692,36.04960767317594,32.6734585317932,6.3970286991992005,3.365197447316581,11.394745034311047,3,19,1,1,Effluent Plant C,3
89.7425454586348,852.130760587182,557.2297014322531,44.863422424528196,29.603292654941143,4.222830519238078,5.236314319782148,8.752374192628285,14,6,5,4,Metro Reservoir A,2
304.99416392676665,544.7705453936817,356.4906386865307,11.282278922082464,29.631988508999054,5.8405477585831065,6.506922632336952,6.543437135634515,18,10,3,4,Effluent Plant C,2
381.2205823027488,755.567306158435,488.5021381425582,22.802591287218462,30.378104507871846,7.854203353466692,6.89448888684135,3.538429071797823,8,27,6,0,Coastal Bio-Swale,0
394.87557794909753,677.8409546355916,440.1861426067369,3.235803515082797,24.321492246249772,7.41619457587978,8.783011678511466,1.0,10,15,8,2,Metro Reservoir A,0
222.68513609880287,552.7822643935887,355.2694827471885,3.8246716700840944,23.911455024505507,7.22568485448097,7.04025236072175,6.047160948032003,7,21,11,2,Coastal Bio-Swale,1
281.68728063326154,1104.3758759784403,726.4016719057481,31.552193164620043,23.773162206547102,8.616631549478067,7.55126475307068,4.734440357991151,0,22,4,5,Industrial Basin B,1
276.5540161564755,1034.517256494294,668.4884341537544,2.4529791947763155,32.18998765950396,6.325831180938298,7.913016197017906,1.472226523902194,22,20,5,0,Industrial Basin B,1
383.5758993692084,1051.5624432677782,682.3860234717647,3.120879380620745,24.21711364992611,8.018344657571786,7.675541035468757,6.236347244662225,23,26,5,5,Tank A (Main Reservoir),1
122.31460818018739,1047.4011179958538,688.1641012298301,6.456734836018494,24.715361167218653,6.23146399012551,7.564880903983834,4.203326760260282,7,6,4,5,Metro Reservoir A,1
384.3777103501675,525.1898765877207,338.0954997427468,9.90584700657049,30.15006850789257,7.532943909187105,6.21523295432482,5.673295549102342,12,23,4,4,Coastal Bio-Swale,1
392.21316841054363,618.8938184609008,401.5737815105834,10.258796059555795,26.991803501460577,7.384258265112206,8.372460534769338,1.1761519045176556,21,25,4,5,Effluent Plant C,0
444.66833700234844,1237.5972568812986,800.8562370599664,4.4527729979695,26.480823031632177,7.449023565259346,8.409257822184708,1.7120640409582097,3,10,4,6,Industrial Basin B,0
245.16626438543028,832.4036367316995,540.1690146410406,26.33431963207876,26.133780124692322,6.735954550469468,5.303499276607439,11.525288903556964,7,7,4,5,Industrial Basin B,2
352.7979949776809,358.8587918887091,230.01499431855896,25.66280097418817,18.69747328863461,7.583186263287525,7.997637317327093,4.592262544352408,2,22,5,4,Effluent Plant C,0
310.4082817671395,865.083298278724,556.9455766154766,5.976923326429833,24.132473896143928,7.677007134109173,7.9614211346964545,3.9878148174003147,8,17,2,6,Coastal Bio-Swale,0
395.7663061216493,996.43737850044,640.604766718927,6.696768273846114,32.72625254752837,5.483216983534514,5.793974711598237,5.381765843798526,1,18,2,2,Coastal Bio-Swale,2
231.52001044077488,957.2124312110626,620.4635726669078,13.123313626952179,25.84240759386411,8.218195282680073,9.22943345813136,2.10244878912997,1,17,9,1,Metro Reservoir A,0
411.3373910319383,518.6391190515083,347.2978094944667,11.876601718460515,20.398041175929038,5.716900349716076,8.492450500069719,9.24605970893321,12,9,2,3,Metro Reservoir A,2
231.52763011826772,1366.016467777266,894.1476747308026,5.817475437858283,23.96802304452604,6.147178795428874,8.146200793419638,4.6042564672308925,14,10,6,5,Tank A (Main Reservoir),1
290.47249040284817,349.82162386737417,211.59223875208247,6.348523877644594,29.439415859019984,7.490363001666485,6.5958703237085,3.925608496928554,22,10,2,6,Industrial Basin B,0
400.1065517193184,833.2689290490237,537.3333089451994,5.277704480134817,29.36013843682295,7.917496208878726,6.14784725660068,7.7321103135221465,11,25,5,1,Metro Reservoir A,1
479.4905918244475,1320.9658558298247,852.2444206007872,3.6838284890515727,26.8228775497546,7.4640372048832715,5.655043392763755,7.103782688137394,3,7,4,4,Coastal Bio-Swale,1
219.00949884486255,977.4971251806335,619.7498997514116,7.127445922803841,25.243183811659865,7.5906724885311885,5.500907412393127,10.613717239392383,7,16,12,1,Effluent Plant C,1
205.78911548449395,1050.8658707154066,685.8156012560225,12.597458354042129,22.391216056975825,5.835974860264615,7.523969663827826,3.9486489584158226,8,29,7,3,Coastal Bio-Swale,1
250.28252868904914,484.0507552489594,313.67207872013626,14.546666532172404,29.472740145648032,6.571590374333382,4.770378696108354,12.03449916239907,22,18,7,1,Industrial Basin B,2
230.08815738231,904.1139372790612,607.9034799944557,16.090210134896118,31.351481670671156,4.739553460367148,4.860135596834951,7.5474417952958905,4,6,6,6,Coastal Bio-Swale,3
85.84786345904371,789.0192011915159,509.52227743210926,5.695749426699515,33.15552000820738,6.097457629346678,4.333165458114521,9.640785271713208,23,27,10,1,Tank A (Main Reservoir),2
278.660352936952,460.98674925069054,291.87963136397,15.466220027504447,23.557650565239825,5.590057229105524,6.71519187873295,8.504033733783352,19,20,5,1,Industrial Basin B,2
219.0959026135046,1059.5214468424886,679.959557501045,1.0653763956283568,33.462091921624754,7.215985223427918,6.638938679814751,2.1805947189263906,17,1,1,1,Effluent Plant C,0
386.4918163004853,554.1539784047993,355.6841794306488,7.482693026823014,27.773551650942174,10.0,7.534711788367972,2.247141834806399,10,1,12,0,Tank A (Main Reservoir),1
307.917657812797,589.7226103494419,389.222962971554,16.79415140817222,28.106287853617225,8.11214497086653,8.247100444760585,1.0,14,12,3,5,Industrial Basin B,0
173.36140812738367,929.7737966254545,611.4016486245162,10.94373147247075,31.574368162525843,4.506167680092895,6.758007600156134,1.0,21,21,9,4,Effluent Plant C,1
216.85434962640707,757.0263663064954,521.328711484405,7.425740813442547,25.83618438608107,5.378835114256308,8.830669808547047,2.9057767854100933,8,28,1,3,Tank A (Main Reservoir),1
193.87191084024957,850.7864070968038,540.9453493258477,11.346295655379967,19.344787994603884,5.641405418281423,6.933316534587387,8.935644561404185,16,2,5,4,Tank A (Main Reservoir),2
352.7219142545356,738.6501023690491,480.98491529285394,24.745753430137206,30.819446192783047,5.093800944012024,6.361901425323649,4.980193862368444,11,4,2,0,Industrial Basin B,1
483.0469812080848,1223.9182530512126,788.7040491190312,9.355908569750955,29.394282977180293,6.86102674706013,7.561732781339514,2.906307198737397,6,17,4,0,Metro Reservoir A,0
409.3953825710263,522.4908058284152,343.1240215063839,17.083694407538516,26.558892612492095,7.474506696260618,6.687396036483439,7.807278271609045,9,4,11,6,Tank A (Main Reservoir),1
149.8227678394581,660.5573659381962,443.1938595511622,40.49866379259139,30.490125375748775,5.648422377317775,6.650075113547429,5.46526687471036,9,11,1,0,Tank A (Main Reservoir),2
138.65560781246887,944.3514672737681,622.4495675182867,13.227078887058063,31.307773841860783,6.9323470640418385,3.6887410117318478,10.844403243024153,12,22,3,5,Effluent Plant C,2
284.4932783184768,503.62464990769433,315.2799773643367,9.517344700089442,21.951974751753696,7.464255822173763,7.900889455436015,4.166732005272021,18,26,10,0,Coastal Bio-Swale,0
262.830555724137,490.3329852812372,325.56301584283466,1.3820661253752553,28.09005189759091,8.038770982013721,6.3708367909761705,6.930272514273638,10,4,7,1,Industrial Basin B,1
516.9505540627487,841.3231682009413,525.7265513982292,5.691686151743809,18.889749572603662,7.387326422978647,9.271943370119702,3.9689663983629164,12,1,10,4,Industrial Basin B,0
343.5152347384032,1060.2060136756631,665.3347152673708,9.33427544377053,27.50522724195287,7.596481333206942,7.625371014380968,5.007158971196483,20,7,3,2,Metro Reservoir A,1
314.98706014034815,1099.3633447382765,712.0956684678829,16.95567412652251,26.509031023885242,7.155107222191365,5.718136871334706,9.07682488930895,7,30,4,3,Metro Reservoir A,1
509.5721961565303,827.5219627961847,543.9960780596447,6.764399049216281,29.96763606970896,5.9829623157839436,5.944628433208189,5.36449118700984,7,18,2,0,Industrial Basin B,2
25.378714192942198,598.360202450802,392.41610012320115,33.20333781289674,23.70777908150429,6.245384767566161,5.444514283175495,11.801716824894052,3,9,3,4,Metro Reservoir A,2
356.43026812220097,882.6989592902775,592.8122058823071,4.171709640736431,26.314053856593926,5.61264389731297,9.24670940792871,2.067319627672703,14,29,9,6,Effluent Plant C,1
508.6619547190905,969.8414926137111,631.4902400285368,14.6479589887993,15.135771202971455,8.998430780793923,11.252747539355966,1.5677074497235512,10,3,3,0,Industrial Basin B,1
413.04016355450256,878.5581977870821,569.9942415537123,6.430585977474104,30.230015284135348,5.436911303111554,7.569250957769328,1.0,10,8,11,5,Metro Reservoir A,1
357.9897953622151,1170.2509576374125,772.2150508671307,7.65509629664469,27.646400332823706,8.342505324981929,6.55399973870606,8.530406815549409,0,29,5,0,Industrial Basin B,1
195.53632779458786,495.7516204235098,318.49722646037105,17.22026992746848,28.34896575128244,5.448606124768384,5.515926744346879,8.42679234041351,16,24,2,0,Coastal Bio-Swale,2
395.29776029072934,590.9071947069313,387.9771595954101,4.512827389727137,22.026277055861094,8.120926952401426,8.975693209480243,3.6543689510358877,14,19,4,0,Tank A (Main Reservoir),0
215.15974779245522,1128.604758319617,738.082854351968,2.018246149903674,29.59224869941202,8.366553758280112,5.862663739894132,5.0980905509549315,19,4,12,6,Industrial Basin B,1
332.6077902278056,358.0940508454209,223.04345247212464,8.345017848362385,34.610998814056906,8.582382679016947,4.843195899629085,8.042831611504306,5,18,7,0,Tank A (Main Reservoir),2
345.4455134760457,638.1842818755499,418.6944511467417,8.524612116586729,27.26034912449524,5.950240266070042,7.773135670633603,4.281764889940307,23,20,7,3,Metro Reservoir A,1
523.7092694829107,580.5379115820915,399.1999118148038,16.953761058145467,30.60035563232658,7.397134517201142,7.41661217256589,1.0,21,27,12,4,Tank A (Main Reservoir),0
530.6585000634464,330.7385295959094,226.34654130109658,35.520446565449355,24.51751590749646,6.479227995548802,8.710166104430556,2.3101285506477978,14,11,3,5,Industrial Basin B,1
264.45229968244837,743.855358607726,475.1130877279371,1.5688858871133304,27.69257523981178,6.136065374969461,7.880706194650801,1.0,8,27,5,0,Coastal Bio-Swale,1
490.6834923965214,1023.8881579665361,688.913812083794,9.957273002960722,21.87463754416733,7.25262611723969,8.18614206610077,5.302340828557436,13,14,1,0,Metro Reservoir A,1
442.8934315972449,846.8983746563308,557.376640217868,12.434376933854406,31.15248721877385,8.176671376246796,6.803161441861369,2.418563284844453,17,25,10,0,Industrial Basin B,0
167.42175150396235,1039.8811355906232,680.1652336636553,43.546084420347455,28.639362308661585,6.485820266080262,5.2451753492007445,11.455070320339821,16,18,10,0,Metro Reservoir A,2
443.116042698777,1157.586790292892,751.459198102999,29.57540507206554,23.122854456695748,7.595005226718001,7.8022222293535455,3.136743504099207,17,28,10,1,Effluent Plant C,0
301.3034990032254,684.3104717163442,451.6288630930927,13.463611802311528,24.792551292647673,6.110700059332672,7.5540893933564695,3.2659720951918576,4,28,11,1,Tank A (Main Reservoir),1
545.1842700365726,1594.0538068966189,1037.2528207961009,8.377040812596636,28.244344690393252,5.948107908990739,8.703985513529013,1.0,19,29,1,2,Effluent Plant C,1
326.78940589568117,696.3753727808501,452.840436867161,2.761692279997535,31.6954600638567,6.810716496062263,5.548992394155306,2.9405940915587236,19,16,5,0,Industrial Basin B,0
379.9835631789932,736.2406922468926,477.2253613253066,5.847949721223027,33.918108814074074,6.882631459083708,5.514026241845555,4.606159078567945,8,3,10,2,Coastal Bio-Swale,0
183.1657811034916,587.7138389393668,391.7516646699794,9.797715613753283,27.46349848381937,8.001337872715425,5.972345982972475,8.213047313730298,10,15,9,3,Metro Reservoir A,1
350.7502647275164,963.6168442774022,634.9803458927337,13.917131618509732,22.541405304522478,5.698170294941587,7.94272295140236,5.751666313365369,23,27,1,2,Tank A (Main Reservoir),2
344.0361875796879,712.8489743069075,461.85789116346564,11.089532030222173,28.95386056129518,9.790361899002086,5.770828396452795,7.331654180626874,21,27,1,4,Metro Reservoir A,2
233.2411450129121,776.3323334255011,489.4261708910216,13.521929373910671,35.13952959612941,5.0492805530593685,3.8989539276141887,8.367532610666327,0,4,4,1,Industrial Basin B,2
389.78004674753504,738.4360981322111,480.34412438976045,6.606331882774972,21.50900637870994,7.473680241183829,8.560101695095764,5.837457452903671,17,5,4,1,Metro Reservoir A,1
310.90575800312513,731.6286358319378,468.3798496949683,14.005838953755102,24.181617402844275,6.857909108513102,8.877080799244744,2.7107487250606623,5,17,2,0,Tank A (Main Reservoir),0
320.03652177236756,847.4858088195726,546.1299825345421,2.5518267751007038,30.44385737698657,6.421990579027207,6.0808851830178945,5.468994782639077,1,7,9,0,Industrial Basin B,2
138.61849419957085,664.9329340890106,430.95788297359024,2.7743707941546893,28.614396541016667,6.9898418932327875,4.759530148428304,8.740850124377006,14,16,9,3,Metro Reservoir A,2
357.9547635910156,679.0113254248722,430.7542016258565,2.777306859815151,25.819921086940795,8.006601098702818,7.989227670004055,3.332907206633383,20,14,2,5,Coastal Bio-Swale,0
199.44080455268417,1121.8554471862976,713.1030591159819,23.151692373115665,28.880455493205808,8.193017057677451,5.921047555252824,7.979122054951041,13,26,9,3,Industrial Basin B,1
254.1488284346985,711.9432608355764,465.68285154379254,1.790800730726204,31.910180807417262,6.9389235764929555,5.554760004217129,5.765581574321903,4,16,6,4,Industrial Basin B,1
128.04843757528096,915.0657211121375,595.0610140321376,17.170083597620046,27.606654631230004,7.598145638051532,6.118114030826677,4.610078405221894,5,7,8,0,Coastal Bio-Swale,0
270.16918368303556,533.1524778534658,346.43501981620113,3.6601308076919308,27.255969222831613,5.603649172422316,6.259628959626983,7.178000298071443,5,9,10,0,Effluent Plant C,2
330.3534370435626,666.5929918541383,438.393110591129,7.31920275202544,30.356096679702866,6.978876632344671,7.23870494180423,3.5778454007808937,21,4,4,3,Tank A (Main Reservoir),0
113.3140003935483,430.2318312527958,273.0553115916862,25.764218929462757,26.917940472383215,7.673248614470936,6.694322595872927,7.935576591732043,17,30,2,3,Effluent Plant C,1
343.8684383274292,1356.3300300085484,884.9392538163776,9.81737697537536,32.57009424351252,4.460387553090157,6.184804091651755,4.263615870191323,13,30,2,3,Metro Reservoir A,1
368.1378634850762,1212.637903300416,801.5888575609976,3.3587131453256767,36.1069587139374,7.297098270632545,5.126844980318088,4.4667552278306415,9,22,9,1,Coastal Bio-Swale,0
319.2257741524961,978.6376979836061,633.5674442806264,4.342009025009485,24.42823212748135,6.998153651241463,7.31110903451252,7.234920908845843,13,11,1,2,Effluent Plant C,1
484.198729775486,1445.3308160869487,958.4588680661961,26.313270850710584,22.999897868863805,8.723776720571696,8.53151524091065,1.0,12,2,12,2,Industrial Basin B,1
209.13614676235443,1031.0858154149375,670.7057242909125,6.57120772020331,29.486876954760174,7.400539919069971,5.472797015910089,6.508111114897557,2,12,7,0,Metro Reservoir A,1
267.1838895312429,748.4072769053535,477.94093756989184,9.842725365342286,22.85798190788839,7.775794045823387,7.252440151117988,7.105777481260512,5,12,11,1,Metro Reservoir A,1
398.90474139177803,911.7559001275013,601.1381753321596,7.16060585501205,22.78969008418585,6.874186580275338,9.317878083115328,2.9913580263498867,7,30,3,3,Effluent Plant C,0
387.1153183363937,1208.2359066437425,784.2277340269709,5.755197560152578,19.803176918704633,7.958458172545267,9.486904531428657,4.4814538938871795,11,4,3,0,Effluent Plant C,0
146.0658848377384,535.9051474976095,358.8638508194296,3.52674229876696,26.4709910097125,7.874746701480493,7.619695922475798,1.424056522056316,12,18,2,1,Coastal Bio-Swale,0
261.9662353194268,448.15466382003154,295.4339943699025,12.589723532775578,27.868038788691,5.6320703680162385,7.349185191340811,2.8619270310370966,10,26,10,4,Tank A (Main Reservoir),1
421.080078562027,921.8237499889813,595.9071478016979,13.667068257426397,25.93054804343107,7.573171614017068,8.176965294301104,6.179576623464843,11,21,6,5,Effluent Plant C,1
52.40343462409942,623.9450799353788,420.77445137142024,4.21425142351741,33.56133273412868,8.618688467830138,3.2544712745633837,12.29684339214758,0,7,10,1,Effluent Plant C,3
227.84664768698917,122.02958976245714,74.32552130240559,16.55948535711977,33.26354906818447,8.380550102343848,5.862807395459408,7.647841106986183,16,29,2,6,Industrial Basin B,1
318.5452721761127,427.1199959268295,255.9718074139612,20.278211481115438,35.71537585608703,7.232846974431851,6.300066714938172,3.482877986804332,15,1,10,0,Metro Reservoir A,0
106.93563220712412,706.5726951939365,468.07804858460224,26.342031547456386,28.186113863734835,7.586027244096359,6.269729734885003,8.961588490678892,10,26,4,2,Tank A (Main Reservoir),1
426.2290249754087,814.4566264243706,532.8961271232853,2.757977796804469,32.735276234043106,8.297889844268123,5.424477841348002,6.018463374755995,12,26,10,6,Industrial Basin B,1
384.7647790402424,823.3907298149895,548.0411662570754,4.62295974677898,29.235410595148615,5.8333740392316,7.6447877491954515,1.0,17,23,9,3,Coastal Bio-Swale,1
212.37269416097584,1401.5589020706336,902.19654776233,20.686399575456036,28.833529250078485,7.769259646778031,6.241686968232781,5.120996942997463,10,26,9,5,Coastal Bio-Swale,1
416.54488730740377,737.712422989672,477.04155836916885,3.2132046767639,26.130455698818153,4.834906693608377,8.00522095114546,3.893678754092166,11,13,6,4,Effluent Plant C,1
314.56078705889576,883.4376468608315,570.634052721216,1.0347448829330324,18.947412836979424,8.23482739736402,8.054947758904623,4.457717787989672,5,6,4,5,Effluent Plant C,0
284.9536691504967,312.2323917876512,212.28867541447246,21.46605089634078,30.549165820055958,6.738292796147146,5.992848636987061,6.052059912092661,8,6,7,5,Coastal Bio-Swale,1
453.0557156205523,790.6593385054173,520.437071828644,4.951922180224769,32.61654494611209,7.096251095312395,6.812379040004677,4.938493066421899,15,12,1,1,Effluent Plant C,0
355.80909132066427,900.2596829515298,587.3167976756658,6.352848690343403,21.897528286807002,6.533558091812544,9.368809384187573,1.8298498738683349,3,8,12,0,Tank A (Main Reservoir),0
464.428185231104,387.42215570564315,254.03684824855574,6.911937085867488,27.961205351269566,7.150742577957753,7.794337081817353,3.7158037135894606,2,24,4,0,Effluent Plant C,0
242.51873526481612,519.8024121089131,326.3618562490562,19.85682975312642,31.96658867365828,7.506460038462398,5.22816315780697,5.188320964613163,15,22,5,5,Metro Reservoir A,1
252.80002517550145,946.750590151061,623.0747049670568,5.123268127408998,26.56200489341833,8.10517676254387,5.792893493547825,7.9922134350640786,23,19,8,3,Effluent Plant C,1
352.1147023435261,636.1021207064266,421.3575886940793,23.282189514076794,32.77241469332907,8.759400920407904,6.766878886948222,4.235721380157095,11,5,12,0,Industrial Basin B,1
296.1928042371776,769.2374685470077,522.9154263017424,10.595613939353715,27.438867866570526,7.258258253617243,7.277286886063279,4.326102582141464,10,18,2,5,Tank A (Main Reservoir),0
234.92598997618728,962.2332556876938,630.1594659409535,8.492662561821238,25.899365877206957,5.206091713989989,7.165927350709009,3.781262014998382,4,30,12,0,Industrial Basin B,1
255.1988664834985,1411.0616515387449,923.514660361666,4.939533836875775,33.00114765176493,8.766775641739432,4.936139370838887,9.256080384527575,17,5,5,3,Industrial Basin B,2
405.881752941615,733.4644396764824,481.52789706633644,3.7933262137419135,24.264985055439613,5.433624867564685,6.9677746490761345,6.374829553201326,18,30,6,4,Metro Reservoir A,2
469.8328970065063,1330.7594236632328,858.0265777081136,10.78321580591671,25.100383872700828,6.693291933934318,9.56553422862879,2.2772285071968796,22,25,5,6,Tank A (Main Reservoir),0
374.53629156175447,212.36790161132194,150.5331503454678,6.922059034702167,24.417816461130776,6.611572084170381,7.65058858506284,5.884545876128504,22,10,9,5,Tank A (Main Reservoir),1
308.24102125758725,844.5088576045956,548.3732956617486,25.136955516244647,23.42961892205095,7.213869507325703,7.809120381090821,3.478833055885271,5,1,10,2,Tank A (Main Reservoir),0
376.47378729844553,699.7732378714308,452.923016090763,7.765628954266649,28.61213566949755,5.683818473926672,7.050598204072878,5.558282513518122,21,10,1,2,Tank A (Main Reservoir),2
290.9516115750681,640.2623047794808,414.82236284971856,8.170197087489132,25.948261592885988,5.6255413475115414,6.9431990826698105,8.915109190582879,17,5,3,5,Tank A (Main Reservoir),2
475.4122519051174,997.4202726670561,647.663741150257,6.39093558818672,29.95445238566583,7.174174806500812,7.706132334079411,1.0,5,12,2,1,Metro Reservoir A,0
392.66033828635415,735.613800384434,473.2848793632116,16.571443541858894,21.0614386578739,6.242651334814933,8.61399472029441,2.632503249440955,3,22,12,4,Effluent Plant C,1
388.5474145941016,192.51399953203486,127.28648582769968,6.53105621818948,23.509807637982334,8.81531226293193,7.784008831186305,5.120634668502072,11,30,3,1,Industrial Basin B,2
294.98208769862663,323.48922552482526,209.3019117425677,4.138097806240624,28.206316358105482,6.538943948154005,7.084600617162594,3.2257919766191,18,27,10,6,Tank A (Main Reservoir),0
320.26501239066016,1016.6080875069332,658.9781629592386,20.80725345620062,33.878722388814865,5.966013861551798,5.078332379293135,6.7225522488569975,1,7,9,2,Effluent Plant C,2
172.16519320083034,308.83162792278097,205.63880769827261,10.083925581400127,29.51400859567008,9.206203030493267,5.975257156697113,4.758398133513787,16,9,9,3,Effluent Plant C,1
381.7160421779576,1024.6463543542334,666.7780172087904,9.952883827894038,25.64243762059823,7.763923479695274,9.009119963462046,1.0,10,22,10,5,Industrial Basin B,0
215.50233630976763,837.4320463733469,538.7894706805723,10.437189887872044,22.041874586478812,10.0,6.9440869610976375,6.909661970850624,10,21,2,6,Metro Reservoir A,2
600.0,748.9146404522596,479.1591104232101,13.688304811195154,25.408615806375625,4.8932229750326,8.813054383875626,1.3643447318845616,20,12,3,0,Coastal Bio-Swale,1
373.91847521493605,775.5577480405182,505.0965528944855,4.755199571776737,27.83006350982872,7.449319054790284,6.754314088376038,5.092077175828815,15,23,4,2,Coastal Bio-Swale,1
291.3817034927802,954.427406054025,612.911495544747,1.3443035094779185,18.569232423827643,7.782735096179424,9.566326667587067,2.7709252484170213,1,29,9,4,Effluent Plant C,0
23.585416647517235,446.75420791806766,282.2041176262405,17.638579894682003,23.14651971900834,7.233387462753317,5.243223109441956,12.967068974179895,1,1,3,2,Industrial Basin B,2
175.810788875748,812.6873281993177,520.2019959488405,2.3800429989796124,25.04977614141211,6.765599353211395,7.925550221957777,3.8753436847596388,22,11,7,4,Coastal Bio-Swale,0
177.39033195295346,458.1491617756203,300.3468024789306,13.794859481294463,26.970365571260157,8.694741974661857,6.892505486030875,6.4324847234386215,7,30,12,4,Effluent Plant C,2
207.68038459286822,849.0934328008603,563.8461560306085,1.8590140954492518,27.78265408100518,7.7596772990971346,6.5136947414390125,5.847808186590745,12,21,3,5,Metro Reservoir A,1
195.69253897467559,993.9430358595055,649.5405797909475,5.704962978325633,25.55652888717146,5.172910892420759,6.348914057079082,5.5833608893441475,9,15,7,4,Coastal Bio-Swale,2
280.77620970045166,849.7837588436945,561.2276603726754,1.6509981978983117,30.023492728811668,6.156758099722486,6.938292218055975,4.085056418274591,7,2,7,1,Effluent Plant C,1
464.1589369752557,982.5806491791767,637.9804027752866,8.385916749475967,28.49882761212186,5.803194107995976,7.935589073578422,1.866866710322974,3,20,9,6,Effluent Plant C,1
288.3892406288182,589.9955494720139,384.91935916377287,11.588218516313102,26.519746861979282,7.054610340971148,6.532662422501514,4.82339400462399,14,7,2,3,Tank A (Main Reservoir),0
448.17894238957854,781.3459837038268,524.404846095974,2.8805774673320337,30.57510152375173,8.33863829453621,7.0944403040531965,1.0,0,21,6,2,Metro Reservoir A,0
172.4490649854689,728.6072560625312,481.8817663167154,5.64622323977725,30.247762466040534,6.744904910674489,5.968359924772557,6.027296339473818,10,12,9,3,Tank A (Main Reservoir),1
54.05014158924976,708.9681838589025,470.1995868223751,27.626872035802403,22.18480579701491,6.8962541084570255,3.7583599677791115,15.524158416842074,6,22,12,6,Industrial Basin B,2
222.29497949156618,559.8076506644335,361.23292662855005,6.840939023436747,27.87188972336542,6.0251734445090435,7.215325462646726,5.214165505034204,16,18,12,0,Tank A (Main Reservoir),2
301.5839287522449,670.4532351725172,435.7419250956114,17.22237321390197,31.561042125868802,8.113610828152215,5.42116049796733,6.740761361851221,19,3,2,6,Tank A (Main Reservoir),1
342.50418998226155,466.18862149804966,307.07924854573116,27.198297998549187,32.22995711720871,8.679177005258213,7.079061568531969,2.0641074854576127,23,7,2,2,Coastal Bio-Swale,1
467.1319842562495,291.7536014526259,183.57582332173746,37.630489516940756,29.483635162541148,7.161068805727695,5.977586432919212,5.315169666333499,17,11,5,3,Effluent Plant C,1
184.38529715810589,589.785001837772,359.7284605841395,23.8594451550995,27.066845753014427,9.09602251478864,6.874238734712662,9.070454579943652,21,18,10,3,Metro Reservoir A,2
272.09268220969693,987.7878946343492,646.0268012286155,4.8185404968763175,29.685279176929743,6.547102426778903,7.052649444119167,1.0,21,12,10,5,Tank A (Main Reservoir),0
320.53512159120703,870.219797316704,575.2565331363569,33.853598682726414,31.231093725167135,5.523620886786731,5.944119558594057,5.201416392934805,11,6,12,5,Metro Reservoir A,2
253.49867701861282,423.01903872582363,275.5143927097372,17.734178789046272,28.463327796038257,8.165242235925524,6.663767620869783,7.47702896591725,8,5,10,6,Tank A (Main Reservoir),1
277.908404362073,678.196593985884,434.86871168269414,19.150828590147952,28.914416582313685,7.084954432484964,5.139681189325922,8.342425857879974,4,26,8,6,Industrial Basin B,1
337.18979470187514,1007.7393024092983,651.7235851116161,1.1528927168133682,27.000787382658725,6.502512963568627,7.508922749953793,3.788096684167585,9,1,11,0,Tank A (Main Reservoir),0
272.9872266747085,665.4525890638699,412.26145248572755,31.8432009214685,22.65285919566528,7.292005446737662,7.517125401943545,7.552414298381425,3,12,9,4,Coastal Bio-Swale,1
213.629717613149,374.67014206132825,240.20333246623935,16.05484393451368,27.302543518991378,5.298739887999989,5.9962781087010555,5.966593692281824,4,27,2,2,Effluent Plant C,2
356.1121488429496,1477.2885639243027,949.0867184800438,15.608778158700401,25.291544216477863,5.102319033703457,8.049132664910854,1.8607693707396604,9,26,5,5,Industrial Basin B,1
194.4516672047311,749.9123508041149,480.44661180199995,1.850403000335834,25.304314489347835,7.311076264346735,7.844707211358273,3.9650382933663835,10,11,7,2,Tank A (Main Reservoir),0
412.4605908318645,450.926330000295,281.4452817636875,3.647061078387272,33.73533795664063,7.721234987807479,5.952476411021456,5.09038749175395,20,4,6,0,Metro Reservoir A,1
372.170788524297,851.3790577460579,540.5866131905524,33.7707886131609,31.806229510921998,8.87263016756322,5.094045950115433,7.11186363860163,23,27,6,5,Industrial Basin B,2
536.2522628693121,774.3190003061794,493.26622595143215,7.945022478600348,21.22600363665971,8.263966465336487,10.375082960237114,1.0,9,18,7,5,Industrial Basin B,0
200.88506886375077,337.5565685256896,225.73995590278923,6.072620113773537,23.66048489489464,7.9624373534056865,6.744114805226849,9.214200116439969,7,4,3,4,Tank A (Main Reservoir),1
313.06320265084616,828.0106582409495,533.1090305670199,19.322116393100096,26.545751821789725,8.724520026797729,8.28354768315767,2.6520935802686827,1,17,3,2,Industrial Basin B,1
392.7762288800546,1095.120653418694,700.7491724602025,1.9139232017447347,25.437471079456152,7.787874127691572,7.949167226082373,4.407777095601816,22,2,10,2,Metro Reservoir A,0
184.42314459577995,730.1269377529267,482.1226502533472,6.3946864006616755,29.269673094015165,6.786958082801995,5.682959436895405,5.604840807376192,7,29,9,2,Industrial Basin B,1
483.07557042676916,181.94043583499013,119.55100437086256,5.7112549737986225,23.025659688771192,8.294863888370731,8.375484774957405,3.206660845720333,15,24,8,4,Metro Reservoir A,0
53.84542987875891,902.576483176791,563.0380586648729,5.305543068876726,31.83412784519446,8.250725916986301,6.045831577763808,5.264080674053151,21,22,5,5,Tank A (Main Reservoir),1
325.986584515193,980.8700135744461,647.5217522459477,4.67724687624205,27.823977820232695,7.1906208994913055,7.6654499183578695,2.1419163016981155,4,2,6,0,Effluent Plant C,0
92.74414054215055,624.0763769516265,406.37037893992175,3.358172200354098,26.63795182115529,5.760232591141332,5.543004853068774,10.777112631664576,2,12,11,2,Industrial Basin B,2
448.1726120103535,626.2815195982325,414.7867270295918,2.8984273365662947,27.94272222913691,5.057916649024241,6.3053105646605765,3.5083194738117105,11,6,12,3,Effluent Plant C,1
369.09246664841595,1477.3568900772943,958.0297551666318,11.227799868732706,26.329967705939872,8.210877241328943,6.452106761033904,7.8198088062770115,12,10,10,4,Metro Reservoir A,1
433.7480107404352,602.5357103473692,407.69511802460033,26.181926266626714,19.877429717095588,7.774409241103828,8.870764176404723,3.340307143378647,12,25,1,1,Industrial Basin B,0
441.7397051918966,463.43571009972453,297.41432513022767,8.110090486579338,28.047703923085905,7.942918597214286,5.2399858219324384,6.974842784281111,9,23,10,0,Coastal Bio-Swale,1
380.0118716079791,807.5342252078033,498.53885668994,4.537856253948938,26.717014445461768,8.255686409063863,8.17715856179931,2.30216653399052,3,25,12,3,Effluent Plant C,0
463.58514144810204,972.4526977311198,623.2005508629793,2.733541219601762,24.182171949388987,6.121172263530286,8.272967472869013,1.0,8,21,1,2,Industrial Basin B,1
180.6485554588432,959.7301186130949,628.8459683915227,18.728005215682625,32.38971932566633,4.947965869846877,6.5285303999874555,2.6775503736184487,21,23,4,1,Effluent Plant C,1
265.3411268637354,100.0,66.59086525843867,36.57572510304689,30.67775205357291,7.819026393630396,6.20309733287643,5.113841572178017,23,27,2,0,Industrial Basin B,1
269.3800814950899,601.7805482333083,389.9322139532024,5.294843772019802,37.755426826317006,8.637290323952605,4.066666756853723,4.863843968847797,22,16,11,4,Tank A (Main Reservoir),2
21.132811869621406,1145.866413538622,734.9493080871384,4.438298332472051,31.33931400476981,7.62223131533589,2.94360268639227,13.071199485531192,1,14,7,1,Effluent Plant C,3
181.53275917103508,898.0068396025117,583.8886376034981,10.20030097031039,25.426259731878893,5.416376037712112,5.2193186834594725,13.227057211846962,18,7,2,5,Coastal Bio-Swale,2
132.4017463427381,429.2625765480722,278.87691862505045,15.931180843147215,24.376842485592853,7.488827786752654,7.43445392259625,4.627561670582621,0,28,10,6,Coastal Bio-Swale,0
312.68766878167594,1172.7227923688615,762.0233243463234,7.077088466618326,26.02277759485458,5.850304162962746,6.323200890117732,7.58596760686091,6,28,2,1,Metro Reservoir A,2
357.936227343647,1089.4693157318534,713.5317564077237,10.944499952164378,25.33348553728542,5.349100555333598,8.569788061259207,1.3331187786718093,16,19,5,6,Industrial Basin B,1
298.94239746824053,711.0195175931385,463.9803753893782,13.607162502415441,28.435133455415862,7.1907986375423185,7.133865307314556,1.0,2,23,4,3,Effluent Plant C,0
356.94368447708223,1063.8401560433408,688.9731446693868,33.3379374214188,21.844810491364,7.394998212298907,7.199520294387049,7.425549630750134,19,17,8,0,Metro Reservoir A,1
428.61705538823537,1399.926749587406,899.9267387318383,2.803682623403594,30.589146256184126,7.081653474799011,6.051089985568575,5.9192374130673056,19,9,4,3,Effluent Plant C,1
263.0661145243604,483.68594142637517,327.9958146327683,60.455332562422214,28.36478547748571,7.725763886569749,5.490719924028404,12.395301808378445,20,26,12,3,Industrial Basin B,2
154.55836090907934,966.6338546608788,648.1280195560847,5.978380868619045,30.12985723115478,6.251280934642477,5.162802937249504,7.836932637291574,2,13,6,2,Coastal Bio-Swale,2
418.75499472244013,1395.7834328264023,924.7013295630821,13.844605708693688,23.42341409188991,7.302817333968726,8.391819719063069,4.393124177070182,2,22,5,4,Tank A (Main Reservoir),0
279.95962874244805,995.9088659886588,654.33157176007,9.496007252164924,28.986755081344224,6.617578427057315,6.652034174936898,5.1657250331748825,16,5,11,1,Coastal Bio-Swale,1
346.9589560963449,573.6851421907091,356.14453441934336,7.668336716176598,33.196706323478544,6.897972611077136,4.623698701245832,7.230549980658823,6,23,2,0,Metro Reservoir A,2
261.1127036330844,871.6739721324162,548.6147321067378,12.975778580902572,24.557970995599135,7.522095095823488,6.108540259386162,8.877983143731882,13,5,11,5,Tank A (Main Reservoir),1
253.8808030695917,1210.9649779857086,781.6430067994298,6.037736313238435,24.448577170091173,8.471565864773225,8.978704942184594,1.8823726820367777,16,10,12,4,Metro Reservoir A,0
287.96945893920497,495.2700599227517,321.3780233909809,2.3480074801451356,30.84782986686906,7.5507552151368,6.758881875807793,4.866832980390904,17,21,8,4,Industrial Basin B,0
204.65744481934837,790.9709878128401,513.172871270763,7.711770669431244,24.123795793849666,7.948810958535384,6.899150290513439,6.71983573529397,12,27,2,0,Tank A (Main Reservoir),1
236.5545332589158,726.9551534654803,474.45836807932096,8.379685592206934,27.066864067370922,7.212270569103295,7.1743016483867885,5.280626316942999,19,10,9,4,Metro Reservoir A,1
299.8775900634447,610.5765089737608,382.9502655679127,3.255240742618633,33.90293071596938,7.785138440733488,5.963088413133732,2.4593936509357026,19,27,9,2,Industrial Basin B,0
313.73777599647127,872.4664605429188,583.1773928237108,28.429422551598567,24.505324432309497,8.440556629816886,6.954989978874345,6.852220360185413,20,7,3,4,Coastal Bio-Swale,1
354.90493061562495,769.7848237832069,515.4125223531487,3.580917453301815,34.17776839549706,9.455025462087757,5.165465321301117,5.947281457401061,17,26,4,2,Industrial Basin B,2
330.916128676533,993.0050538709254,632.3397460969027,6.263244357191685,26.656873032183476,8.652930626321755,8.43120334172482,2.3443689486701516,3,15,8,1,Effluent Plant C,1
540.8352283122263,1142.2908482769294,723.8736160983877,2.683354442521457,23.5151946926446,7.133898294459505,9.228382351005965,1.0,0,7,9,1,Industrial Basin B,0
-0.6275743391791195,418.1508738638162,270.90061465132936,8.674325602367155,30.41481662049051,8.573599388730806,4.265184751466722,11.046061025834549,17,29,3,3,Industrial Basin B,3
221.08652446718804,820.259319194147,545.7894624364541,4.676457727243916,28.43099253850427,7.858850173617278,6.516484307744946,5.030235053633183,0,27,5,2,Effluent Plant C,1
462.9985158500868,784.062158373663,509.31859729159083,7.71919138231197,28.052721043546757,6.471347468405065,6.098839791842058,7.5869700773041915,12,15,11,5,Metro Reservoir A,2
209.78471922616808,861.0244020168747,562.265414376411,3.5439807041120064,24.925126957926537,7.875373163940106,7.439465147498781,4.982886813596041,19,3,8,1,Metro Reservoir A,0
385.2944481140818,795.3587465698864,512.5860696660629,1.5527502987894533,28.40181180180846,5.8455643996717495,5.988007716889369,7.306227247989886,19,19,3,4,Industrial Basin B,2
322.15334590840945,505.8011263309897,330.2335225532568,16.106186742296003,19.7294777836466,7.877161621370289,8.12368085969646,5.848154063154519,22,10,7,0,Effluent Plant C,1
276.59943183881035,1236.4248606111767,813.1209307192499,11.24673264672944,28.875058947139085,9.30215546048472,6.848777617072617,6.886013610639868,9,28,11,0,Effluent Plant C,2
461.3020164938692,1364.2283438607947,890.8695155608889,5.166363078207071,33.18899680074421,8.187138443968378,6.779826927306017,1.1880452366529526,10,29,8,6,Coastal Bio-Swale,0
507.76324894169284,964.0669110355053,632.3985794506453,1.4865910867401695,20.938285209897174,8.635941283205785,9.662333559401853,1.0,8,15,10,2,Metro Reservoir A,1
483.8865919758842,979.4305339283466,619.9975022610304,21.06749322696182,26.372899134824443,6.746167577871251,8.533559871034416,4.677315799234016,8,3,11,5,Tank A (Main Reservoir),0
377.8238147866057,839.314749188352,566.9374101370164,2.8608262668132225,24.501440743407784,7.777059184720592,8.376467386306002,1.0,4,6,3,3,Metro Reservoir A,0
437.403133695914,1090.7609665337006,692.4820898160052,27.699197688405594,21.955783864348536,8.03779730610107,9.40520189887516,1.0,0,12,2,4,Metro Reservoir A,0
309.4853885465227,100.0,66.56422020420668,7.512289140696922,19.788502318603058,6.833805240068421,8.467590320166709,5.656471959294342,16,15,10,2,Coastal Bio-Swale,1
304.59374450342466,798.8413163624416,517.7423781730722,5.161015397860369,23.276656332031457,8.020450980482993,9.039120207540615,1.0,21,6,7,6,Tank A (Main Reservoir),0
265.0025977124688,628.2118991913464,407.2686695734678,14.538638682325455,27.03049353845437,7.745626742344364,6.123749284126762,8.302350834074746,1,13,12,0,Coastal Bio-Swale,1
153.46097063705938,843.7454294063867,557.1327859281115,21.94266133553458,32.596548193874135,8.033779371507713,3.885851245670164,10.51782283397122,23,29,9,2,Tank A (Main Reservoir),2
237.81340601091955,1127.7882695519324,725.9842671987892,5.631687422262795,21.909141960837978,5.963908941022694,9.497593799129305,1.0,12,19,1,4,Industrial Basin B,1
390.58482886457824,805.710252864823,519.3845880827641,6.23140731320662,29.177571036544826,8.731318594581383,5.599126911008617,5.489137580958542,8,3,3,5,Tank A (Main Reservoir),2
232.2034018033386,691.8522983987987,438.2379419957639,6.676750606628151,28.87856634646806,7.740771524068757,6.050762115592747,10.241477496747144,3,8,5,5,Coastal Bio-Swale,1
228.33167218551108,379.0186910778658,257.58373770476385,26.55196867190098,34.6878518402931,7.058236332073169,6.347171707343847,5.239258553797981,4,8,3,1,Metro Reservoir A,1
289.4611259827272,767.2170463344829,501.3519343280843,12.79488315877526,30.284125857588588,7.08718530707889,5.6449506068522926,7.112027683505014,10,23,1,4,Tank A (Main Reservoir),1
123.2204765298745,1001.6833090732039,657.4663318111357,3.8454847668955896,30.514397972121518,7.153408453612685,4.9540185552905855,11.563259000882663,23,26,7,6,Tank A (Main Reservoir),2
403.02695423601267,547.6735618964094,364.1076537590063,3.045667945781278,30.797201598871602,6.205288045176754,7.3938751225771835,1.0,18,20,7,1,Effluent Plant C,1
544.2225489889112,198.99804289716747,149.26285548929732,3.6184236313394873,24.303071938723225,8.626992015413709,8.753093620959781,1.3039900181043398,20,15,10,1,Metro Reservoir A,1
332.1685175472934,1482.2720453634086,981.6462877382743,4.0593279386937215,25.708709905678237,8.355730814452151,6.688328496785573,6.098206092013574,2,4,12,1,Industrial Basin B,1
131.16396052477702,900.5526452302089,588.5896356375096,3.6160309296623567,32.46747264908295,8.436394478700185,4.652715800266363,10.87891895764272,11,19,8,2,Coastal Bio-Swale,2
278.04882478902795,733.5279234227124,478.3727772022927,11.744264791901951,19.796800576023408,9.015830021184252,8.837762612879226,3.0407759788462894,18,21,5,6,Industrial Basin B,1
123.19588733810858,1217.2984415613118,785.9225683152345,2.232230049845976,25.27075571117148,7.427733136711662,5.87930071174749,11.530418583310267,18,3,10,0,Metro Reservoir A,1
415.37369375719607,842.4438024451412,555.0300493782881,5.899753260367488,22.676762952552004,5.213118587402455,7.947872395039798,4.985843768225487,12,13,12,5,Tank A (Main Reservoir),1
387.4226185769444,1199.60954348937,786.8173328577107,10.809721244716778,28.936976168157084,7.954645505343004,7.903981622213084,1.0,6,8,5,2,Tank A (Main Reservoir),0
272.28971188361356,1173.908364763167,755.7465237523568,4.437022739853285,26.313565658755522,7.909949667941591,5.227081580323523,9.215147152203903,14,23,5,0,Metro Reservoir A,1
322.30853752676586,417.6437378344608,278.6662591090725,1.6750225233510259,30.50388189995487,9.064599770754816,7.096160428754659,2.776630688505106,22,16,1,5,Tank A (Main Reservoir),1
198.7969189270317,937.9983849239165,619.782495137486,1.853661015752243,27.564019357154475,8.49850103658364,6.254992977524794,5.530941937351343,6,13,10,6,Tank A (Main Reservoir),1
482.25326165321184,1317.5856970908035,845.2142368795263,2.3463689066772613,21.81563071878531,7.3607810687319875,9.367671077034782,1.0,7,3,5,6,Tank A (Main Reservoir),0
303.91511255928003,500.4047928956579,327.16225509137877,19.06932143510601,22.000529442949933,7.026825681099883,9.475625026168315,3.6471773895334767,4,16,6,4,Coastal Bio-Swale,0
342.4080592526014,504.0876223842972,326.9996651062689,11.72545515123097,27.97580592544366,8.404364254042939,7.4100620253527385,1.0,20,9,12,5,Coastal Bio-Swale,0
285.47758474148,554.8396791493957,360.59192638096636,1.6669808983249548,24.915460131065487,4.014063071259889,8.643455261267565,1.0,13,28,1,5,Effluent Plant C,1
223.95358045879257,1067.1255756470623,684.1050918765958,5.960501197236364,25.869464588890608,7.489679959521491,7.04130753774664,4.890168913583889,3,14,11,6,Industrial Basin B,0
353.4901028500689,885.3157138590782,557.1896564171085,4.265409574207065,31.75366168715646,8.3347927953847,5.291046504535843,6.12687336386734,22,13,7,5,Metro Reservoir A,1
432.95546052049656,219.26830074811232,134.97023248378244,9.62845020716863,31.036130707468875,7.05479135610854,6.400381946803326,3.3225705766807017,9,21,1,3,Metro Reservoir A,0
492.0920621589196,902.28383705508,577.529910948608,8.398320567160534,35.19093536230943,6.741410565537213,7.397224363887084,1.0,19,25,11,4,Metro Reservoir A,0
528.9188109508227,724.4255201386527,474.4088187655928,7.560903904034589,26.734657821039743,7.553812275783213,9.221311437713032,1.0,14,7,2,2,Effluent Plant C,0
264.9489314398555,766.3172394049494,501.8013367763814,4.776248259086241,25.435413462188535,8.81933601904562,6.711990718181861,5.592513740007745,17,15,2,2,Coastal Bio-Swale,2
385.67023697859804,548.8939710676655,359.90700349551787,2.482677522803541,29.67275585771564,7.74125236049507,6.891801596591525,4.58033946392101,19,7,5,0,Effluent Plant C,0
384.04145680435533,904.4774664542399,573.9430464629747,14.562556075593816,25.7568221230401,6.387572057903129,6.402995030388296,6.620479627418535,12,6,10,2,Metro Reservoir A,2
103.6268263432147,1115.1374840920876,713.6437809151414,22.190706549879934,25.88775554789705,8.6603784470463,5.215001133883274,10.894286322806499,7,2,7,1,Industrial Basin B,2
237.18437375974372,607.410089800256,388.64983151938407,29.851020335066497,27.191593624272656,8.89397580470347,4.923720212863122,8.711150675050268,8,9,1,5,Tank A (Main Reservoir),3
286.9779454342712,295.2631907189246,192.15250409296044,1.604073017090893,34.610995823267515,6.23120471649432,6.527466420522039,5.387495495746574,15,22,10,2,Coastal Bio-Swale,2
-33.02558205198477,709.0657035449855,457.5416318509603,14.46722600317519,30.815863220514508,10.0,4.620125040603414,12.55287199590177,18,24,1,0,Coastal Bio-Swale,3
335.0923837367619,1026.8860185806689,670.5823030730827,13.964663058544378,31.2352816091114,7.199216311301351,6.055467316729034,4.5721129984542355,15,17,1,0,Effluent Plant C,0
25.663821083317004,673.6908962412515,447.6537857241886,30.395336985175355,34.43141734723299,8.338110924861805,2.9989682289270045,14.190559840732144,6,5,6,1,Coastal Bio-Swale,3
322.75433043359243,350.7353116519517,217.9850144975053,3.9157576905635536,31.6101318403013,8.072954633438512,4.879014750078233,8.663226839524558,13,12,2,0,Metro Reservoir A,2
273.5307872511037,1028.9728546758142,659.2196505477746,14.55489881833558,23.47437755945985,6.362398013627478,8.409586462137197,4.561713654962578,13,1,1,6,Metro Reservoir A,1
295.3159456152092,1224.6044440994938,797.3464885255931,1.561749680399649,31.549529456564535,6.658168779693982,5.548258651060121,6.570691491554417,3,10,6,3,Effluent Plant C,1
317.5496879829632,806.0046650332772,523.0827259085386,10.976247666811883,32.05701942846103,7.281249372019143,6.155602138439993,4.452022184226142,14,11,2,6,Metro Reservoir A,0
207.65123117012587,318.2627420055206,214.30441791865752,5.320881121860827,30.607459410772382,4.955926681577552,7.24748150675016,1.0,2,16,6,5,Industrial Basin B,1
278.77445157866043,704.6508373941367,458.0988109039695,15.649456086955928,27.218232504828464,8.1851730741899,7.1960516522158855,5.540827843330758,4,14,10,5,Effluent Plant C,1
431.6188204537244,845.4616642475812,566.9552940593018,20.899978922573446,30.185326824007003,4.925104627904908,8.56101314144609,1.6886189032818102,0,8,8,5,Industrial Basin B,1
407.5243913888569,557.0860078244822,346.2271573972996,5.538484965146642,27.919041114809414,7.2176008472227196,6.698239424228055,5.252742751749425,2,24,2,4,Tank A (Main Reservoir),1
280.35644700778846,975.0116693814244,642.1597536975668,8.456751161703473,24.0876464950062,6.393943611747101,6.860471375439408,7.247114633746501,14,17,11,2,Industrial Basin B,2
444.97412225731296,527.7616655300602,345.03834455559075,2.2488778488060013,25.08146541865937,7.894570931741468,7.89888612734603,3.574168300497216,23,25,9,3,Tank A (Main Reservoir),0
351.1012792616393,807.6883017206076,510.96738544811956,6.3940852598653795,30.814891275597127,4.554991937504978,6.3674419781141065,5.332280879152884,7,18,8,2,Tank A (Main Reservoir),2
377.5796409794437,731.5033746984911,454.7976006804917,5.4753849976675895,24.37671928230863,5.205360605131792,7.417953557612063,5.190713444627414,3,12,12,3,Industrial Basin B,2
345.07347183376737,984.7564394450258,628.8414949734604,3.022673091082808,24.753785826094944,6.483890018376851,6.802517334973938,6.835316070983081,1,25,10,2,Effluent Plant C,2
240.35117596435015,795.7192467216327,529.3083874837889,23.4884173774269,31.01353783993877,7.822612707528134,5.8533740116762285,6.6172683033352655,23,17,1,1,Metro Reservoir A,1
229.79626440382708,741.052489976222,492.63643404382805,2.602718537588771,28.53515625146042,7.465917621764089,6.422606577583783,3.3160929311433156,23,28,7,6,Metro Reservoir A,0
402.62552290628594,559.1404279298214,362.15475330433026,11.098856168461701,30.30877326875091,8.460338392077317,5.412532833956276,7.506706803041335,9,26,10,0,Tank A (Main Reservoir),1
352.0179789316512,810.4307043779805,523.1572280107612,23.08572513617201,23.083928253787256,7.329479637920923,6.347443645418273,6.784247070805208,3,14,6,0,Tank A (Main Reservoir),1
376.43472184339197,721.9377495923175,460.69856726879436,25.300614812212462,30.197718029743054,7.178709798582747,7.4141204747320515,1.0,2,16,6,6,Effluent Plant C,0
383.6617704278976,538.8409231315977,348.3727068419734,16.761951269266252,25.35988740435703,5.914105271378763,7.066291787201201,4.625335508744565,1,14,6,1,Coastal Bio-Swale,1
422.6917499460783,847.8473073255301,546.3591329066113,2.9375604271609914,23.93246405780862,6.9319555946557525,8.704325357282382,2.7422422118476995,16,9,6,3,Industrial Basin B,0
202.21679659833265,909.1914020168296,608.0738318209352,18.006293366457218,25.978620431198813,7.176581472715122,6.5637666072074605,6.243007057838362,22,4,10,6,Tank A (Main Reservoir),1
263.35140480787993,698.4778333829554,441.6450356974337,4.237443187002373,33.44825982770991,4.734294369080538,5.764476837989864,4.543716261092559,20,25,7,4,Metro Reservoir A,1
513.9968211176157,1079.4707693191272,705.580377098195,26.56162432431876,26.542183460204235,6.13173678952339,7.3176382297962865,1.0,23,23,12,3,Effluent Plant C,1
371.4718306961188,879.1922928308475,589.0457037553625,13.347299304927699,36.80556284915174,7.756027388421957,6.850085181907241,1.0,19,11,3,0,Industrial Basin B,0
419.2785760309816,414.8438339424083,277.39432022078995,16.383624956588402,19.75128758100741,7.415392035349496,8.672608238925324,2.77978100524128,22,6,6,4,Effluent Plant C,0
471.84866632228943,1201.2181984741046,769.5490619729264,1.8886668264375917,21.81488832407435,6.896391182878668,8.081017319515817,4.382231932327742,12,15,3,2,Industrial Basin B,0
231.65412968250178,1030.0963794140112,654.1393446432137,9.741059386505395,33.29674094858223,6.471070925660143,5.271010866106045,8.195631422505345,4,5,7,4,Industrial Basin B,2
286.2591768828815,1100.5493633784592,718.1010982465222,18.21163793550883,34.302418236622934,5.108534431419528,7.227368229017269,1.0102326009330973,20,11,7,3,Tank A (Main Reservoir),1
346.75324112638253,920.1508870588311,599.6033086439272,20.7753753282686,24.546171051246425,4.589542281552992,7.317003674138673,4.061192679114237,8,25,8,1,Effluent Plant C,1
282.67639534591615,100.0,77.3240909724668,1.2904958778888387,28.275574466891417,6.831974836347868,7.413270099741639,3.983627054657464,21,18,2,2,Effluent Plant C,0
169.74878963156857,1127.785577377048,738.5451037819255,28.994951975206888,30.848759674013106,8.986734072139601,6.024294290941879,4.105298200502833,5,30,9,3,Metro Reservoir A,1
411.7624361500086,818.236304995995,527.0051990057082,1.4430590347956256,27.082497250540982,7.244286406263617,7.377721519981428,4.4064468411384485,4,13,5,2,Metro Reservoir A,0
235.6715794717618,905.9657545492385,583.3505931709258,10.532625428592533,28.59946836555111,8.425679722658206,5.795751517384638,6.974087388399458,9,11,9,4,Tank A (Main Reservoir),1
45.90117581113821,962.1152143320994,612.313312311075,12.821706337087788,28.043732052972757,5.7879750941339365,6.980176144266499,3.011737256660987,7,14,10,0,Tank A (Main Reservoir),1
358.2853643569607,1380.8831337933689,898.8676803484873,2.135554371213118,22.074212081388836,7.539779394622102,8.043890206325317,5.196305853653802,6,28,5,3,Coastal Bio-Swale,1
362.94393899810876,636.1328946601682,399.4418990207767,1.4920270814364889,26.621354856151925,6.355575881409603,7.172278150448023,3.805645098268979,6,18,7,1,Metro Reservoir A,1
587.0890713347391,643.8791029281648,427.6213203792523,16.3670875035207,28.04946038054613,6.309264377389516,8.742577218428035,2.189402892561664,5,27,11,6,Industrial Basin B,1
322.33373584125286,544.6896434871298,359.9398203788231,5.855975851066763,28.412487336432225,8.0935075237286,6.759728409380697,4.162952717586588,20,28,9,4,Effluent Plant C,0
423.280459838411,479.01723458146483,316.93576248267885,2.1329470303734555,21.077975565523637,7.055463605566602,7.513438857240571,5.583292621107214,19,25,4,3,Tank A (Main Reservoir),1
256.2384320366237,484.5406299245915,301.7331383335066,15.382945005799572,31.014775598216044,5.5373589626530055,4.413758739842432,9.779523514868488,2,28,2,1,Effluent Plant C,3
127.40204097482257,244.47057611887453,157.40624046616708,19.915559604428513,28.51797461158438,7.317635498932402,5.010428554481621,10.924287189135608,18,19,9,3,Effluent Plant C,2
401.9093704985915,927.9967431777428,599.3048268579972,9.852432100703657,23.778455114633065,6.340597780231949,8.31564443091443,3.282189025843396,21,24,2,4,Coastal Bio-Swale,1
325.6365473325999,1396.3419694286256,908.650343973201,2.7582686317121503,35.19625693609461,5.46680371989274,6.397912901912006,2.3919886188392283,14,27,3,3,Metro Reservoir A,1
274.9192288501198,1415.472296546066,925.3421215630025,1.153395227023438,26.613661673524724,6.005580498784613,7.86206918782626,4.2365099030379785,3,15,10,2,Tank A (Main Reservoir),1
276.89078786504587,544.2895627873997,348.6522453074564,13.066513260376732,26.87341047098028,9.655071954627639,6.686297579564387,3.678560363824548,11,9,2,4,Effluent Plant C,1
172.77856851610298,718.3536867082285,462.1700611170963,8.988181328989564,30.566836980765306,8.654861343467703,5.803839132093145,8.537915639549977,5,8,3,3,Tank A (Main Reservoir),2
263.21045712504196,1170.002654135239,767.3010035532586,11.521022698270489,35.53600455027943,4.782554890217166,4.799595012024067,5.454174486406771,18,20,6,6,Industrial Basin B,2
285.8365685199054,929.704089262335,593.012658392686,17.776346912419115,30.72415838417809,6.973960984056414,6.272985218133309,5.943365222969638,3,28,3,0,Coastal Bio-Swale,1
228.4245143783249,840.3547014783846,538.763941596743,6.6956371462655895,31.30443934677548,7.0614205243300425,6.619818062105328,6.599487056137252,14,1,10,3,Industrial Basin B,1
306.2625309201866,722.9796263472294,469.9951254460396,2.3297779598299018,23.99351253803841,6.880755298627505,7.388420490921968,4.712486324502622,8,4,8,2,Tank A (Main Reservoir),0
56.20913411819656,1153.4904334829632,758.7659854942215,29.13132178735794,28.347838808148676,6.4033325932642,5.561933778412712,7.828866122898194,4,14,11,1,Tank A (Main Reservoir),2
196.1984409894455,478.0847123880602,301.0673156681491,8.880341298820133,25.8709530953137,8.096480782768598,6.610385956811934,5.677607053591251,12,25,6,6,Metro Reservoir A,1
277.0610442192538,944.2625196337899,631.6676276579274,10.552761823340788,30.816519392197105,8.331234800999129,6.281293499526223,4.621362197971382,22,2,7,1,Effluent Plant C,0
498.92994214667067,903.4801527567836,573.755471680253,28.09222331054473,31.1878631820397,8.458800841278482,7.1645445098140765,4.101907247569956,17,16,1,6,Effluent Plant C,0
190.80554946939256,813.0115870050049,543.9603197940389,27.821435400635117,34.532918066079766,7.596129612138182,2.918501718765877,12.059209585674676,4,3,3,1,Industrial Basin B,3
303.0002662035779,1036.318897230076,685.6031846894834,9.488531515915271,19.366632332443476,7.93038760636096,9.210301232108634,2.231652018239623,15,26,3,0,Coastal Bio-Swale,0
401.5941998452094,810.1211884798404,512.277756589399,4.532685020575004,25.47768735073472,6.786615882055106,6.567543985171569,9.415960056897358,18,8,2,2,Effluent Plant C,1
172.8610641235358,639.6417230187657,399.4450865924876,59.4775701195809,33.20099577700817,5.308272967774693,4.380151039461277,10.9720848802513,13,6,7,4,Metro Reservoir A,3
249.78213466647216,827.7533926946427,545.2383469399899,12.419909547944844,22.393880612269925,5.276698935001329,8.240194336868655,3.4372390161483493,15,16,9,1,Industrial Basin B,1
263.02818925960094,322.3688991086519,205.76577257011104,6.249865461661408,31.222604131574688,6.177968610694502,5.763151670479772,6.289559326855171,14,24,4,6,Industrial Basin B,2
354.67779582058165,983.81441935897,629.4099020872445,9.206097182317203,32.536002003259,6.959312600529922,5.767218734822337,7.278357978943012,21,16,12,2,Metro Reservoir A,1
115.26348165729078,1060.4687760498723,707.4217165222319,6.375701760199089,27.88664061853416,5.660221145499971,6.2759012066911275,9.792175070275938,3,7,5,3,Coastal Bio-Swale,2
304.89380883135516,603.015640566153,380.021141966004,22.919847001717898,22.314141251373897,5.8441547801608,9.68416283598048,2.3450503967103407,6,30,3,0,Metro Reservoir A,1
523.2607495239787,531.6466335145179,338.3009258087164,7.587445458544462,27.513921287199047,6.745928768767438,7.885495944256137,4.338735249660031,15,13,11,2,Coastal Bio-Swale,0
208.31252058550098,614.0745029986757,393.0644438181612,18.34595185965732,33.83472534983489,8.236937270459968,3.908157704876647,9.966224607412347,23,13,9,2,Metro Reservoir A,2
192.7558939903901,781.0931067860329,479.7160311365565,19.33683932637642,34.15606950102166,7.60119390424023,5.626097239533938,8.17334248759838,21,5,4,4,Metro Reservoir A,1
243.4223393154844,864.7657874106792,563.011439408008,18.391613515836642,28.831521507110764,6.163768724346394,5.675093288475699,7.29721387308114,20,25,5,2,Tank A (Main Reservoir),2
239.53502208115566,1284.647583167024,825.9053435051738,13.808128576938076,24.091049245140958,7.255660269499852,5.4113421708143505,9.81627581113971,21,20,1,4,Industrial Basin B,1
256.66642855586576,1246.7273048333464,818.4781092899725,20.301785596049918,34.95358877619764,5.605627710927288,5.418356034596631,5.49035659345256,20,22,11,0,Metro Reservoir A,2
533.610401105803,1049.46279952176,691.5634469187416,5.897649313404989,31.283691516438836,6.163773440382345,8.1813699557271,1.0,7,18,12,0,Metro Reservoir A,1
383.5458911435038,836.3781987047554,545.9630391602329,2.217871483363659,24.353960125292513,5.2113883676381185,8.52434121029855,3.122263746011878,16,15,2,3,Effluent Plant C,1
226.5039635445542,521.9227741701177,341.680269507113,19.48039097091861,29.370075884562034,7.714605957366338,4.494137035603614,11.98330843472972,15,18,12,4,Industrial Basin B,2
305.1139237852391,1303.8911700263786,849.1651516608089,7.894907049965947,29.18699392391263,6.860631281865448,6.602807200494179,5.684918575717269,22,2,9,4,Effluent Plant C,1
393.88713005557656,725.7073607953074,464.7057426702682,2.3625055193576223,25.45281959380177,7.010733065916119,8.662814374464926,1.7089590356423916,9,10,2,1,Industrial Basin B,0
330.4784637349104,884.4122401805755,568.719676612884,2.2252082874918795,29.39242725885884,8.167124549384221,5.7278254256114325,8.224909232980819,9,23,5,1,Effluent Plant C,1
345.77069803939986,988.2057165633098,655.5659852439005,2.734518817299376,32.42474735249552,6.003298518651489,5.324959675240145,6.808040593055507,1,13,8,3,Metro Reservoir A,2
127.41957997873446,818.4787566118032,539.3636062405683,14.901949973882616,26.815003204943043,7.760099080944345,6.487257974570849,5.931230249986732,8,18,3,0,Metro Reservoir A,1
248.84225056534328,1145.3292036346465,746.5248522075702,13.408327742440441,32.833076366352216,9.581905192984589,5.360676993437012,7.0962288920353345,16,15,6,5,Tank A (Main Reservoir),2
600.0,936.6175832307557,614.8020823635148,3.279283303652054,20.978581722719344,6.021463348902759,9.360159351088441,1.276163629694031,10,12,4,1,Effluent Plant C,1
235.2266683134499,1096.5915566417787,712.1736765293587,19.76816947585578,36.87306797248347,5.32437731844426,5.160033552944208,4.890521764709712,9,15,11,2,Coastal Bio-Swale,1
384.00342796483386,934.2036677919012,609.0818517579966,4.303040130260216,28.229405079918727,5.690591332793616,7.606463114032129,4.235510328212104,21,13,7,0,Tank A (Main Reservoir),1
334.6592133825477,788.6301013344305,518.5547349790809,16.74966842320416,32.29208397921449,7.666302346839124,4.7260192064335325,8.972483734371366,16,18,10,5,Effluent Plant C,2
235.98653553201922,822.2556834566496,513.7233860435264,7.710059325875891,28.874445946138824,9.29555064079211,7.183615589347814,3.124765600507233,3,15,3,2,Effluent Plant C,1
283.65317009284007,781.3278565027995,516.9244959077334,14.150856944652027,24.705909532572093,9.246394839477132,7.552422568240214,5.337836583216467,15,25,6,6,Tank A (Main Reservoir),2
100.68379718924817,414.714254471165,277.90766761782834,5.802764756283287,27.854493505361983,8.21388710714605,7.0710552097498764,8.903250956122415,19,23,12,4,Metro Reservoir A,1
193.99162892730968,499.75416170491485,317.03332233712007,5.263934823747612,20.36211592839497,8.255155830815319,5.751816307783779,12.099374385053771,14,11,10,0,Effluent Plant C,1
386.4746886576625,1022.1642607471045,676.8477946471852,19.411152667816857,30.753547722851238,7.757468281784581,7.3964687328357455,3.329199085725855,20,19,9,6,Metro Reservoir A,0
380.5830869783795,422.1886175102111,252.2494535350303,1.3594044381890174,28.775058314579283,8.070119674439292,6.728747699118021,4.555813212932479,4,3,11,3,Tank A (Main Reservoir),0
509.48696585744295,678.733012887444,444.7059892249762,37.784123165316366,27.233771366127023,7.564509538921112,7.546385561454763,3.254553573697174,5,7,10,4,Metro Reservoir A,0
292.06234048898597,484.9689291599997,315.6291344195623,11.446343422421966,31.01079828430255,6.240283046654522,5.611418811469772,5.1011315558067345,16,21,1,4,Industrial Basin B,2
241.22253006305937,662.6843155883546,427.6500943854361,6.664852581597367,28.15009304637277,9.256125610860687,8.171361243635348,3.7961719072139593,0,26,3,2,Coastal Bio-Swale,1
136.73803339876034,753.4192087688722,489.91615897464004,10.890080245682709,30.427319489130298,8.802518074763501,5.373171943763024,8.842106929935538,18,14,2,6,Effluent Plant C,2
311.96347054947137,678.1298724900572,446.6117227018128,2.3095294420613133,31.849266315520577,6.267612198899301,7.6595603592924855,1.0,3,14,8,4,Coastal Bio-Swale,1
411.56851348310505,371.49067182497816,223.4132541463838,8.216545936095695,25.803087442018406,7.978175192036695,7.789970054648638,1.0,16,22,7,1,Metro Reservoir A,0
389.6944733755214,744.3408492960607,493.8311979453293,43.06093664162438,24.6583588704327,8.953490672695432,4.8865246252821475,12.868897849919602,8,13,2,0,Effluent Plant C,3
390.63598758075693,512.331151565631,328.912513393852,3.682317135303846,21.10975970099012,7.702416154637165,9.243635704074297,2.468835084339185,23,12,6,1,Metro Reservoir A,0
426.39278819712877,609.0328370821696,406.02587258515706,13.811350222276108,28.490243195311432,6.953571331345422,6.429433973425633,5.973428446932319,1,24,3,2,Industrial Basin B,1
287.15173027366313,1022.1560459899985,670.8366066699984,6.708788868742066,29.80838915380275,8.915676871430822,6.59485786088835,5.556012588620156,7,9,8,5,Tank A (Main Reservoir),2
285.3570750683005,1086.6178989372074,701.9909328997616,11.568701852232348,22.705538406043843,7.506408120109117,9.67184033380304,2.794923318528454,14,1,10,2,Effluent Plant C,0
277.30081127811076,406.70874928313293,263.5674250702743,3.2927132368549543,33.6815193921134,6.44654695317537,6.924847181698339,1.9705184701293732,6,19,3,0,Industrial Basin B,1
183.31533605046508,1270.599769123444,825.68405565933,7.357559832049862,24.710658114589105,5.819797391799849,6.398550317452823,8.116485037314643,5,11,10,4,Industrial Basin B,2
221.91202139127046,646.9740269843065,436.595721347066,40.16669476538881,19.585999633097998,4.0,6.742753934611461,10.047885743074872,0,23,9,6,Effluent Plant C,2
337.30995660340704,619.6969638104324,391.3985686090806,3.1726977453614045,33.97929159956931,9.567749598943848,5.540406477514515,4.270207395260754,14,22,1,6,Metro Reservoir A,1
280.70711800891326,532.5035637977658,341.74658790073465,11.118247633154702,20.10794000006064,6.195778123815128,8.354157111743257,4.701449288842738,22,23,5,3,Industrial Basin B,1
353.73478811007993,816.7736224959609,515.0809741136233,9.570735677483556,31.8567150935337,8.356733818895602,5.663844684686602,5.906906222305237,6,24,3,2,Coastal Bio-Swale,1
384.7110412738865,1394.4650750146807,907.6413812159032,9.32527844099046,30.88447808350341,6.095531486597241,6.058824272528773,6.079125479859413,16,22,6,0,Industrial Basin B,2
206.2314975206908,338.1021743141335,213.53132316928344,10.548322288411878,29.278216404879508,7.400351537274952,5.757037808636611,8.838268795493398,1,19,10,3,Metro Reservoir A,1
423.0966661034756,182.93412097352757,113.88546356426714,7.97633174980095,25.908900207133744,7.7396741706073335,7.615427485385644,4.735064840296665,8,18,2,4,Metro Reservoir A,0
102.68650018783903,880.5531577241267,587.2064565466699,1.1707571396902317,30.01118917810231,5.7130463713172785,6.430012643362746,5.446017958569514,8,12,9,5,Coastal Bio-Swale,2
-12.307813240156207,970.8017518775895,622.7874434942978,24.035536765508667,32.1939394948182,8.348444196163468,5.094367876566044,8.55809006208691,12,23,6,2,Industrial Basin B,1
373.11358713902683,815.8016629445656,528.6758604333065,18.543413074873577,24.056758014098108,6.962114472416925,8.037985154538871,8.06166687760247,5,28,7,5,Metro Reservoir A,1
171.51116620287087,978.7398426248996,631.5948948442862,2.9136352960563245,31.905494691917934,7.86317365735957,4.665528725938278,8.640522285689318,5,28,5,0,Effluent Plant C,2
526.599134405151,460.6217019829882,295.44580252224307,6.33195946316022,31.723498047748976,8.94542188272159,6.258244963589708,4.595429610372301,19,28,9,5,Tank A (Main Reservoir),1
304.8092491399515,516.5390683112737,363.4682904972443,15.72065695760959,29.17220436368622,8.087547560092899,6.110582042420483,3.8744639998365127,19,27,1,5,Tank A (Main Reservoir),0
176.9840279861171,837.1873797517688,526.822039869191,40.151436389080004,25.84810048767555,7.086207613143602,6.5565467389142755,6.941254569220449,20,1,5,0,Tank A (Main Reservoir),1
372.8482145845003,1327.4208082186474,869.2642107720703,31.18735765568696,31.741829459395102,9.532858410825483,4.489868927403265,9.041215817853608,2,19,11,0,Industrial Basin B,3
340.63723533926975,968.2041980270153,653.6064625613568,23.96197533718365,30.033251824650094,7.146418438645652,5.806853591842469,6.071893507527757,16,28,10,2,Coastal Bio-Swale,1
343.48618297941675,982.1611969232736,649.1956357135997,2.7241942191305273,23.93616134722173,7.311759548870791,5.280041869492558,11.132812289394606,16,27,11,5,Metro Reservoir A,1
213.17252915893016,477.8970513298249,311.10250501888373,25.58947787628209,26.53057676492701,7.003649461472295,6.03880961051726,6.59671458736387,11,20,6,3,Effluent Plant C,1
372.3703588423434,926.7215248495764,590.6413079509738,22.073877276031947,31.2762197536828,5.72927645885305,6.803152306209966,3.342527795158126,15,29,7,0,Effluent Plant C,1
219.34519205161402,445.35522535946075,302.52863982408354,5.7312836401464855,28.458322468403377,5.597056845138162,7.0011320398709875,5.541233365953586,14,30,12,4,Industrial Basin B,2
24.73935746861318,1330.327207388063,874.086144583198,6.017380321869021,32.343931577781305,6.534957054056905,4.3799959327299085,9.218174670455,12,17,4,5,Tank A (Main Reservoir),2
429.78885753891353,496.421807190988,307.37725030412565,7.160174905998308,26.633413217406414,5.983520215721806,6.978811976508447,2.2687380614259194,22,5,12,0,Industrial Basin B,1
334.11613898153644,561.0558144504913,361.48346709320913,11.676243071213232,24.0004188310076,6.866795763496433,8.465331469101493,2.6337599118182036,0,26,1,3,Coastal Bio-Swale,0
207.33942886440627,358.0773070806158,220.6893101396191,4.022349416106479,36.77441046244029,8.191394198411153,5.7273106728798275,3.841788830215451,16,3,11,6,Coastal Bio-Swale,0
266.9229733428854,825.7448958669185,508.13898192675265,1.2321584372641945,21.276419669014036,6.709117696411949,9.425936060166293,2.18548416722886,2,2,8,2,Metro Reservoir A,0
413.0578327236832,813.1374943589325,516.2457965271228,2.5225359246605956,26.000641610393345,7.463954519778196,7.989237644129433,1.0,14,3,10,5,Metro Reservoir A,0
392.8789527796092,1253.9723243530138,816.1364030912728,6.800254944914736,29.11899200279994,6.592912397483147,7.573244613627822,1.0,3,8,4,6,Coastal Bio-Swale,0
235.0772744611892,1032.9244755915292,677.2041009070895,4.312892885283409,31.944335565910844,10.0,5.517623867594683,5.12857509992913,3,16,3,0,Coastal Bio-Swale,2
171.32855524643566,562.769986023485,362.56612138383787,15.46114690869482,30.585797474169045,9.00988191789741,5.205831866280497,7.691244011913184,17,6,12,0,Coastal Bio-Swale,2
405.43432510745,1062.018660925185,704.0533835263919,2.128216928645779,37.24503601977152,6.902871422498585,5.523309361525913,2.1093290263737474,16,13,7,4,Industrial Basin B,0
32.516303045952284,426.94529830277236,287.8088430242416,25.94535566024603,27.529606189367474,7.526639111704549,6.324293157682091,6.382979487029653,18,30,12,4,Coastal Bio-Swale,1
347.40262659777085,584.4940883508071,378.66838105689885,23.569157931252796,24.508066954597894,5.5915389778844204,6.8991277605291454,6.911801574381764,10,23,2,5,Effluent Plant C,2
402.4343355184424,835.5378646217661,540.5735851279363,24.942269954284036,27.121215903134203,6.94271197830149,7.679539961914511,3.178524790289675,19,28,8,6,Tank A (Main Reservoir),0
123.16077533455542,460.4340864402205,303.1095523732278,14.455747664790984,26.7200938825959,6.479542331385197,5.826572470431204,8.022156857523088,2,22,6,6,Coastal Bio-Swale,2
122.43723676343023,1119.3976551224428,727.4300117316529,2.1316866617237906,27.726819410839443,8.091468395449409,6.9301067750177,4.848869672425085,7,22,7,0,Tank A (Main Reservoir),0
352.25897925796164,1483.7938504544068,950.2091619796394,6.764982479679624,24.07004750840288,6.083626114625202,6.857599500192412,6.249927776920166,13,16,5,5,Industrial Basin B,2
138.62462022056928,711.6433727562089,459.6143724446438,2.4087874334155215,31.13622415300143,9.18928866003235,5.010909760878722,6.280784737735049,0,28,9,0,Tank A (Main Reservoir),2
243.52892463130385,604.4939243926391,399.57672283396846,44.98090389576993,29.483320837344838,7.121486286693376,3.6410276193894835,15.77537938374175,13,16,5,4,Industrial Basin B,2
600.0,761.1231167977863,507.87742856677426,5.050228410206821,22.944476683703556,6.156701482136868,8.65033406697964,1.4312287015333496,1,3,11,3,Effluent Plant C,1
379.5150361567691,632.7883014463985,420.9140349082151,9.802735625974027,31.872100303482338,7.238590343478218,6.068443481521997,2.301968834012026,22,28,5,1,Industrial Basin B,0
202.58428663660985,878.519131458165,574.3804624240598,16.11372686911446,24.754073852061982,8.084130490683801,6.1313941604810696,10.66014728059106,3,13,3,1,Industrial Basin B,2
232.12131486397874,403.27865578915214,276.7048426875946,26.33459503360952,23.268737990782846,7.8244821152824295,6.643800393583088,8.59014374818996,23,14,11,0,Metro Reservoir A,1
130.50467569497022,895.5519195804123,586.3482644079,15.087351868359377,28.349314815686597,7.387888498796084,6.841797676322728,5.715816857308293,18,8,1,6,Coastal Bio-Swale,1
342.18573398028195,1373.5769715709475,891.9395310056858,12.224044265137644,20.96862620240276,8.25315776551232,8.879013555331648,3.788144835921586,5,12,2,4,Coastal Bio-Swale,0
267.09162242542175,199.3572340278348,144.36931779842735,7.273253245704563,30.35801219950899,8.179788411091117,6.171721976035183,4.031666108319421,0,23,8,2,Effluent Plant C,0
316.8676069838289,449.4057710179066,299.31633774996703,10.298830243458438,16.644638676867224,8.185778927005964,9.818581154452854,4.392441118784877,16,23,1,2,Effluent Plant C,0
434.3219820076258,666.4827968338241,446.2338488795726,1.9889679375957905,23.88254924004545,6.869195099409943,8.007137045512621,1.0,7,22,7,1,Coastal Bio-Swale,0
209.3221158096028,962.5678461427717,613.7930313175442,22.53497569002822,34.300549284351646,6.860849664542386,4.189378958289062,9.17309365970829,18,21,5,3,Metro Reservoir A,2
481.9715643944984,1067.1146287295144,685.0218223848913,8.84774230868347,25.253363163306727,6.951187408156805,8.41763601331479,1.0,20,26,3,1,Coastal Bio-Swale,0
340.59340975017614,1042.9803477502508,669.763175293614,1.409626819526665,25.953659179174807,6.6071228569675755,7.942828485772151,1.5937787935739418,0,8,12,0,Metro Reservoir A,0
358.23126019866424,292.48945322150166,191.93591084192366,26.245059628366988,33.09466021652175,7.326809670337008,6.395344079806799,5.329182979037749,4,21,12,3,Effluent Plant C,1
199.24247249774325,597.6962520211102,406.74605914534465,7.71976810299526,24.828545579710728,7.193252898688487,5.824185838409922,11.202429973857361,15,25,11,2,Tank A (Main Reservoir),1
328.9759844607189,529.9049275645748,333.04873419640234,21.294265398237794,31.053752725557906,9.186082010191793,5.33707478580248,5.8270350338688734,5,9,7,6,Effluent Plant C,2
231.9431361968729,780.4403346950527,516.3398676098147,20.441274185016372,32.69675266023729,6.594221561881564,4.730870731099775,6.993514914929495,7,1,9,4,Effluent Plant C,2
543.3505278571986,805.4840257276463,511.5389312804885,17.914703637279068,29.914121256599614,6.01595077714291,8.146588903275825,3.159001831523093,12,6,2,4,Industrial Basin B,1
50.022974270769,389.23186595882675,274.17590689054776,1.6336909243431958,22.22041070814296,7.974881936501126,7.286617617716,6.7695561309789145,15,23,8,0,Industrial Basin B,1
204.23716123104708,668.1336934742718,418.32038415576903,3.8377856163863235,25.584056563136496,7.285826453133336,4.513337588217799,13.239422247125955,2,19,9,1,Industrial Basin B,2
310.96763195402616,974.1555636787114,640.6041196787777,21.83834154817923,38.85447911011599,6.376386856021229,4.509831203770065,7.65833739363457,18,23,11,0,Industrial Basin B,3
168.29471474028753,611.5007496231347,406.2792414855833,23.92546212121881,26.037905389873707,8.138538725971664,6.2880551425246,5.3860325626896035,11,11,3,4,Metro Reservoir A,1
545.5853711894338,739.929999382992,487.15454948795235,7.126163379552938,39.94531750230571,6.8652097196536115,6.4044416970442555,1.0,15,11,2,2,Coastal Bio-Swale,0
242.93216652696862,1309.066945874192,842.1210191184375,6.79892547377237,34.83585620811957,9.029141832896974,4.605607698000209,6.760969253150039,10,23,7,4,Tank A (Main Reservoir),2
374.3459273018362,1397.0088540557524,897.4923204152468,2.9254237249486468,30.076278157488883,6.0598261117722405,7.841780536454247,1.3347029536031294,9,30,5,3,Effluent Plant C,1
334.5452457364915,151.59167221239238,111.25859321254563,35.54939630961333,29.188937089990066,6.503015223806676,6.336480980540292,5.2876116220752465,19,13,5,6,Metro Reservoir A,1
348.6123993834459,834.1692715995439,552.6940928620533,3.3970299948859717,26.140706579491596,7.3531936198121395,5.844226430223917,7.134835250719924,3,11,10,6,Tank A (Main Reservoir),1
373.71817317341447,1675.1098313625969,1099.168998456735,3.118782244953234,27.644349636386153,8.829341462469685,7.693067096170208,2.8909892009369735,11,18,5,5,Metro Reservoir A,1
345.6964265420379,943.6540603497729,624.9348591285111,11.809559929450057,25.245103373902907,6.343797870003366,7.9553189385390395,4.8985284203227675,22,23,4,4,Metro Reservoir A,1
340.1393410655344,805.5470176841468,508.2447447390363,3.78186370339732,27.74549438472159,7.651806817172913,5.28843468785316,6.627545402665208,1,15,5,4,Effluent Plant C,1
424.8482645549262,1193.8064535348944,760.3144843116082,28.93144324705466,22.55122043446939,5.803238566330569,7.479399456478859,4.774952732755893,23,1,4,6,Coastal Bio-Swale,1
465.6888577706228,865.4278419384998,555.8148591834552,1.1096691266838303,22.336915947776703,8.300069837179006,9.851563911065837,1.0,21,21,6,5,Industrial Basin B,0
130.92663735999145,1012.741143653401,653.4853293207744,1.0576987608986481,33.20406265061884,6.417811585602507,5.908395326801096,5.498680632537739,18,25,4,3,Coastal Bio-Swale,2
198.19642475442447,736.9086515023872,473.1286012904789,8.029486613917387,21.550761056082333,7.942527287501768,7.802047455172011,7.0659996604548265,4,7,2,1,Effluent Plant C,1
457.82339281540544,861.0531081244751,562.4595000052475,7.695526534027607,31.544552613976528,8.004486586871343,7.245474478812393,3.036858114116254,7,23,9,4,Effluent Plant C,0
374.846168539034,927.9892070126599,614.3454894910468,2.7836621575997,20.42247121629637,5.020881604776212,9.430339371748094,2.3969732321754633,6,27,2,6,Effluent Plant C,1
318.4176146441449,1059.6676297021957,685.8440072203915,7.822459415084358,30.518550412102357,7.451192221790245,7.525436459789712,1.481959918604245,13,13,9,0,Tank A (Main Reservoir),0
334.28980360543227,670.4837953731742,427.6612946258846,6.30452145358667,27.16966261942784,6.593173928269859,7.092860479436738,6.770925010477204,23,12,10,4,Coastal Bio-Swale,1
171.14741439716266,662.3302736627367,438.6439088896783,23.1027509416585,33.285264811213615,7.798212965041418,3.5278024915046773,12.066969347825864,22,18,6,0,Coastal Bio-Swale,2
256.35002857394994,221.75527173977184,141.32128174655963,1.0929700373694646,26.672022164479696,6.151127421120342,6.586127275967076,6.903932261296703,2,24,9,3,Metro Reservoir A,2
373.8499865444246,683.8546832450528,445.57879294062553,38.41006992510578,19.961839779314133,6.502281955539428,8.150325984774645,7.567446163908645,17,19,9,4,Metro Reservoir A,1
134.75829469785523,1085.9106095293273,702.5171636689469,10.792112674455192,27.247854856453326,8.638158208062265,5.999420939596396,7.228577405393629,15,15,3,6,Metro Reservoir A,2
219.29657935708838,938.9673368000404,613.7284725157186,2.646900442453229,28.638642262191702,8.545291642138814,8.453938386862013,1.7692666633968677,22,8,1,3,Effluent Plant C,1
462.9682733022947,500.9744292782703,315.494337700946,1.4788858521562966,27.472089431872842,6.007073118923014,7.075324506090524,5.253099460306615,18,19,1,3,Coastal Bio-Swale,2
251.07976691739674,228.84125746273992,156.00953960955246,8.724191122359706,30.30043128395908,9.355644929710412,6.880481828064622,1.616617937044889,18,10,3,1,Effluent Plant C,1
193.51490518418768,757.2737794737304,491.9001896383478,3.677358815683006,25.742447605177105,4.101528995083838,7.554363998134256,4.001179808261905,17,7,5,4,Tank A (Main Reservoir),1
230.3461881872231,1077.133355793193,692.4935189632972,4.583413845388412,22.946387349817574,7.457494711490579,6.412202701245363,7.685421668628419,19,18,3,0,Metro Reservoir A,1
288.7293304017843,656.3305004570551,431.9241551605796,3.812125978175804,24.001404462743103,5.658658965260855,7.197469036093332,6.817326813942634,15,16,12,0,Effluent Plant C,2
230.6561762817529,366.5232487562604,230.58740040079059,11.503145702230608,25.93693062188185,7.645654917140868,6.566489576940263,6.855740205471133,7,20,9,4,Effluent Plant C,1
265.6391423950875,623.1478483086157,397.83537542064306,9.063807455311702,25.902605535006586,6.886027736519162,6.5405630572023385,6.1552112383878645,0,27,9,5,Tank A (Main Reservoir),1
178.1340696485593,897.847659174729,571.5882094759946,1.8118231559534088,37.624489432013085,5.978832897799466,4.993189109922155,1.9728154324243456,16,6,3,1,Industrial Basin B,2
350.60049737800455,1172.731185957707,745.23944926978,8.476594041989044,33.02042166633233,6.31511358530379,5.417496351460779,5.275101423379169,11,27,3,1,Coastal Bio-Swale,2
83.90496016381428,722.9914915626836,475.28732330782276,16.663294086734364,30.74683681739426,6.2560440341349,5.35548596873727,8.01615606801105,20,9,12,1,Industrial Basin B,2
336.8349562871236,1116.4677237655242,737.3601869387023,1.846809209624124,29.78405004291415,7.291661289106735,6.820624248714342,3.455217574817591,10,21,5,0,Metro Reservoir A,0
302.8794591554567,1083.2126444447254,699.5822216422312,23.049047808140045,29.199088942408547,8.369670721086875,5.742757506370684,5.691159347002731,4,13,2,3,Effluent Plant C,1
403.61519318499467,447.0004527843539,282.5655691979541,9.634768865486995,29.220002180838915,9.550572081770705,7.100866329891915,3.5528008872924746,11,25,6,6,Tank A (Main Reservoir),1
296.94415148302176,1175.2124354807454,745.76513527,31.08300306863008,28.65314421232053,6.994926962199763,5.900568328104316,6.25345302877327,16,21,7,5,Tank A (Main Reservoir),1
276.99917797186396,888.5338301231427,555.8134787810859,2.6033451439106297,28.160476329746313,7.558577069889776,8.246740418038769,1.940364478065948,5,26,9,1,Coastal Bio-Swale,0
227.45545046301723,437.99508387673427,291.9641099770308,51.46003337439136,19.63254362179653,8.62345888128292,7.842590444755574,9.218218496407566,0,8,6,0,Industrial Basin B,2
263.30940146336314,1328.2494019813198,843.6220332652015,11.335913194670391,26.523490907710027,6.661276259965102,7.314933286199118,4.172764333973224,4,16,3,0,Coastal Bio-Swale,0
259.3036297088321,762.327323620975,484.0734246476585,9.381595410956589,27.038796779407008,6.260298330198078,9.080303622823925,1.0,13,13,12,3,Effluent Plant C,1
206.96412080038735,216.96705430672478,143.86289848309116,8.241830988713795,25.004107610919817,9.538110400958896,5.140593686011912,12.627010080492912,4,13,5,4,Coastal Bio-Swale,2
316.9818803551545,588.1200956287672,383.1751347855488,1.239386293329705,25.77561225508479,6.984278838806105,7.891136097861524,1.011654163904697,21,17,4,4,Tank A (Main Reservoir),0
303.34305671431,514.2637274854321,337.5184467010381,29.074152513613516,29.20299606872318,7.460804217219056,6.801014538325503,6.503333649909384,23,23,5,6,Tank A (Main Reservoir),1
299.10626996332843,595.4780197655396,387.1299073324866,11.328090225601747,31.070360307799838,5.275359654243121,6.998091377363374,5.31631273041266,0,20,8,6,Metro Reservoir A,2
255.15046733477448,666.444376352526,429.6195760911934,1.960996242828538,29.196945847673764,6.571424874589175,7.880473008203701,2.5914967729968117,17,5,8,1,Metro Reservoir A,0
197.32082004449956,722.7832201145209,458.43043632790074,1.2117478197038367,30.969776954587825,9.464566751990729,6.268513889037369,3.8520212955936195,15,22,6,6,Effluent Plant C,1
324.35164443518494,711.4991874448592,456.1330373864353,1.5211851819818323,31.04043212325876,7.755367751018226,6.665286693014772,1.6964841488227669,8,21,1,1,Industrial Basin B,0
136.28842345330003,770.7544322068824,498.099902173862,10.400604142907516,26.801177625888585,7.165582009635225,6.298136910289855,7.221598361701426,18,28,8,5,Coastal Bio-Swale,1
428.5466499068094,976.2180159252664,615.6382923287526,10.519578452747933,30.1012298500086,8.872458677301752,7.722384490560057,4.985242183769511,21,17,8,6,Effluent Plant C,1
422.7669371449876,576.0690922318156,366.5815489119073,7.92481985414183,21.01451008150528,5.225883295032263,7.1243587953463,6.947661760456219,4,28,2,3,Metro Reservoir A,2
324.2621209450758,1154.3001593011836,746.5729184493015,4.6638741573900955,26.46269909256491,6.702300819949382,6.455015407673515,8.87607443081778,1,9,4,1,Coastal Bio-Swale,1
375.6952487180919,432.4449504284977,274.1995702199885,8.587374153323701,25.9925936421348,9.929986096243757,7.550698569617289,4.015051183416063,14,2,12,3,Metro Reservoir A,1
258.9886363116294,984.5356567476275,636.5226316984642,8.262941636346657,34.12530720925693,7.140037451027361,5.5030223527967514,7.146641003544676,6,25,2,0,Coastal Bio-Swale,1
111.91851860436427,1292.9813983057804,847.1251864077701,1.1960651760104,29.348349170934725,7.131736620548927,4.8817434359338225,8.728641959259146,3,26,4,1,Industrial Basin B,2
434.3200919280349,746.7930354080272,493.33033228806994,4.3193944770689905,22.662183675388334,8.61497485948281,8.124351667802497,4.061536323933492,0,18,12,0,Effluent Plant C,1
405.80317766532266,858.0396112964718,572.839278822482,1.5465191927705826,30.37833521910223,8.698386904667565,5.606923217782005,6.227949669483073,12,9,10,2,Coastal Bio-Swale,2
255.9150112685692,509.6082828873585,316.16636024317285,24.041338061078932,31.63913338040465,5.638144340177585,5.7491113479052975,5.008288454855428,19,6,7,3,Tank A (Main Reservoir),2
234.51588472201848,646.4654827624918,415.995112306639,13.917960117976303,27.641344313841465,7.713560008027768,6.145023022081911,8.983432117109263,21,11,9,2,Tank A (Main Reservoir),1
143.80422427257753,1270.3035611643961,837.9731098075288,56.50676103821544,30.761023716491213,9.30694865223958,4.842887683577439,8.151281279999656,6,25,8,1,Coastal Bio-Swale,3
289.75788973510026,1024.5446883150926,648.4966882590443,4.597815692277246,18.01717046487014,6.428299041054772,8.570809026439267,6.568971757859955,14,29,12,0,Coastal Bio-Swale,2
142.93740953551793,925.5632960281919,589.8538498949499,22.077245436177353,17.202710602270802,6.753082976355122,7.829422166187589,9.193078236377644,22,6,9,1,Coastal Bio-Swale,1
367.1674334827358,218.6076358350357,135.93760662305763,10.239557026826002,23.28532305480991,7.2345824562340315,8.419925445143331,1.4870244020511973,13,6,8,2,Tank A (Main Reservoir),0
394.73572592467474,585.0581296800246,400.73102231576405,7.035357659228411,28.59615880249999,8.03321387328856,7.100885883444884,2.703406090698044,22,13,2,1,Tank A (Main Reservoir),0
382.50594195032477,1321.6975430980556,849.3580759727888,3.5176567316195326,34.128655078434186,5.486801987438883,6.6721680110337775,2.2302240559820934,18,11,7,5,Coastal Bio-Swale,1
278.5454817878237,923.2495889372451,610.9504392275219,14.409087106355699,23.494289244468977,4.0,6.684361719757056,8.680707359638157,21,14,2,4,Metro Reservoir A,2
126.61746591340355,960.6786190532143,624.1621334478893,24.44874297760827,24.585290366848252,7.458592161583419,8.22643975346442,2.9188313893065048,23,2,12,2,Metro Reservoir A,0
306.8047688473602,851.1665461838318,541.7937148584618,3.682826611753023,28.354425562898996,8.599053373748735,6.609208765385258,5.345350353909698,19,8,11,1,Industrial Basin B,2
348.301275007553,616.1031533199363,428.46529112133686,2.92845137911682,26.03072482008386,6.825648824260577,6.703509945006853,6.472278283663616,23,3,2,0,Effluent Plant C,1
303.9025824445276,899.762477136933,586.7920901780645,12.914578277122965,25.803236922812705,6.467520199751172,7.0886841233305455,5.799624777208544,17,23,4,1,Metro Reservoir A,2
307.0755560949841,340.93575625324706,225.37026474321178,38.71094905258473,26.31410065027483,6.999640293181543,5.948192823634943,11.695293928232687,9,21,1,0,Tank A (Main Reservoir),2
371.28530439015725,318.3635902882766,212.28140916944693,14.861147816615588,33.25915396607607,9.117055403924343,7.312710697649665,1.0,8,3,5,4,Metro Reservoir A,1
307.1177037088167,579.4175841867333,381.1909915430978,4.348865291867539,32.46453715495249,6.4025263110422435,5.564057863386341,6.2586331749053485,7,1,6,1,Industrial Basin B,2
220.44788227364614,857.6492708099795,578.9927595851073,6.446503234772489,28.093877289170464,7.884338765304403,6.610486487109215,4.099390802899881,9,24,9,6,Industrial Basin B,0
424.96028076131495,329.09806249145794,231.7731791021436,5.850240904155366,34.617921095678575,5.815714803477829,6.566900663786939,1.0,16,19,10,6,Effluent Plant C,1
421.20459279949534,838.1128076044699,535.4573435076173,20.111852252285413,30.036113416271903,5.873153429496481,6.702287796869713,2.7678916814169727,1,18,8,4,Metro Reservoir A,1
104.52325310593164,501.63222610055857,346.24819609508546,15.756537093348182,32.61557653815396,8.214051680772592,3.9973041392280693,10.270958031160596,5,17,2,2,Tank A (Main Reservoir),2
125.51720495037931,542.0523587636314,345.33270366686133,9.891022968353333,24.557813709805487,9.161243153438326,6.087483550863182,6.885766402291833,4,20,1,0,Tank A (Main Reservoir),2
239.891298993952,1189.876543299562,776.6421619535394,4.215272262653043,25.38529178500777,8.266802538747708,6.869120238320539,6.8272509776497055,8,29,2,6,Coastal Bio-Swale,1
144.58744469572343,811.1882239461985,512.7571643807453,28.804358743132028,25.342470834016126,4.735404671803708,7.038170641601042,9.757329204154098,4,24,7,5,Tank A (Main Reservoir),2
458.3723756595898,528.8583864693355,354.1240153437176,11.59339340636247,27.653111003434,6.696066912517561,8.240802231853346,1.0888668889765352,17,13,4,2,Effluent Plant C,0
199.87210006415006,856.0500418282855,553.3589147749071,36.225736827815396,28.239652948365045,7.4867002405195535,6.207845320351899,8.359758858240628,19,3,10,0,Effluent Plant C,1
320.7282563726724,359.11450879811287,221.92955435298856,9.67779256634949,29.296709234387983,7.271488933176619,6.141646827684705,8.263035188248015,8,30,5,4,Tank A (Main Reservoir),1
130.29672737362552,914.6990983399662,606.4394240613251,18.214469157408104,35.89241947232762,4.896389399594051,5.294075099869913,4.613639274671914,16,1,12,6,Tank A (Main Reservoir),1
114.2782042970012,1132.19545595478,750.2890603196593,17.772103471420415,30.885112516996195,5.643365309480062,4.753736768041697,9.86454961876752,16,4,7,3,Coastal Bio-Swale,3
279.74055266468883,998.5186205064791,663.7381311463985,5.114763044517213,25.94083320200137,6.2378874587773225,7.311402986659901,2.673656683654371,11,25,3,1,Tank A (Main Reservoir),1
283.8038247996286,1447.3142913313905,925.5247848715516,34.248121439698,27.986902483776706,7.118875050778986,6.161348189052348,7.799095717986109,6,13,10,4,Coastal Bio-Swale,1
75.23256993516505,218.48268162133547,157.74917225436525,1.2218576165595918,34.01976875646082,4.879147293902857,5.629554534153696,5.31478784774713,2,17,2,0,Coastal Bio-Swale,2
205.07347218057112,838.0907240239362,541.7538138105873,15.640868737078502,31.127519370416486,7.920270050094526,4.9980392552430795,7.827882145503831,9,28,7,0,Tank A (Main Reservoir),2
230.46272056120242,396.949781052644,278.5323923934576,34.684519852337274,33.967128653696236,7.08842111118486,5.799272995862468,6.605242603032955,1,30,5,0,Industrial Basin B,1
295.55868995703673,748.0335705944705,492.47135786704735,5.1386257325645825,26.0692669454106,5.948155918573095,6.132769352125173,7.550198929405698,2,11,1,0,Industrial Basin B,2
327.902964318892,800.4631905236757,522.8143864449742,11.444383226064453,25.153353845694777,7.432304394078838,8.464471632312305,6.428481749904143,15,2,1,1,Coastal Bio-Swale,1
316.73659327009375,1483.953644892354,964.6550799074141,9.260462013890038,25.21182119456231,5.471972930579783,8.859358906093686,1.0,1,25,9,2,Tank A (Main Reservoir),1
-33.56771821464824,782.0668668823001,508.20683424009593,15.334166176623008,26.39205403545546,7.137497086024659,5.397712268211864,11.043134519749012,23,16,5,5,Industrial Basin B,2
309.3450970159895,776.470933914605,497.9109638887372,21.112441347740187,23.746867960918024,5.039139013954182,9.248803088587858,3.2376479484879788,9,2,1,3,Tank A (Main Reservoir),1
37.36822516171469,1101.5477320070268,705.3253873289391,10.239312698353162,29.18077224683368,5.214258057845718,3.7880478587626425,10.780932935743362,5,29,7,1,Tank A (Main Reservoir),3
177.590355881964,784.1534781417267,506.0731410785616,17.923011035002308,29.24954897364658,6.655144322208379,6.411205847363741,5.319244779923595,21,19,9,0,Tank A (Main Reservoir),1
246.46664003775112,1349.3441225763895,888.9825650391409,4.743816084532375,33.35511188168425,6.340479669733119,6.079407198052368,3.442656131910283,10,23,11,1,Metro Reservoir A,1
409.4152392868868,1000.9053467949515,636.6222257583489,3.5953145697436906,20.958949997679966,7.661146416798992,8.050467823249013,5.55724598572884,22,19,1,4,Tank A (Main Reservoir),1
254.53088421717717,1048.550923946005,694.9647628709372,6.632909899066947,24.22348977415032,7.177611847466849,8.498128195902291,2.5674512284725997,6,25,10,5,Metro Reservoir A,0
196.50578131098302,239.73081906837308,157.25892985804708,12.323860541043345,31.222321898122907,9.720474733146805,7.350246639606944,1.0,14,16,4,0,Coastal Bio-Swale,1
287.55798189231535,1395.5638456509655,914.9312458617402,3.073279658079045,28.733892474846268,6.88180587331915,7.759901970435647,3.979401876065592,5,22,3,3,Industrial Basin B,0
260.1166242048159,603.0623239093815,400.3221154813561,12.405354897684889,28.17920982555176,4.0,6.6721365922825,6.36569392080379,19,19,5,0,Industrial Basin B,2
174.593216890239,797.0809497474969,527.3860670814544,6.0102984045214916,33.055415359640484,4.7587931570719375,4.866609749757845,9.214339702113486,8,9,7,5,Industrial Basin B,2
328.44211374988464,604.1888284593958,392.94675437900446,16.875554587546436,23.96018318929536,5.764648009583706,8.80509394827559,2.113474406005742,21,1,8,3,Industrial Basin B,1
268.8653868684285,492.72460681163784,320.79442567407955,1.3753139064981759,25.08508242938391,10.0,6.575323105469858,5.878201139606987,19,10,2,5,Industrial Basin B,2
352.4063659108482,439.349489847698,294.51813516054074,12.025680157384256,24.613952622225558,7.155932234843069,7.710932261275165,4.890867618627978,11,19,7,3,Industrial Basin B,0
255.15207137765134,830.9724976097257,529.7191758320107,11.493146437173138,19.948367824426576,8.530237892703617,8.554027814746705,5.248439861111671,18,1,1,2,Industrial Basin B,2
298.09749183313386,209.03096196782042,123.92553971333135,29.291248076539198,28.53127013366506,8.408650923597317,4.7780144294178495,9.845259468961537,19,2,7,6,Coastal Bio-Swale,2
336.79886145864583,727.1593138064148,468.00668474892825,13.495545584261249,25.908589651854854,5.679711045530142,8.116696244276906,3.8152860424651367,2,16,8,2,Tank A (Main Reservoir),1
377.22627301326975,1117.3305941906713,729.1457914438097,16.91116265676274,25.06839676603289,5.048250258796889,6.109505562767687,6.1936941911630194,14,12,2,1,Effluent Plant C,2
280.05816230196183,989.5826713226552,662.4374478591237,24.495825315150643,24.34629949473079,7.97077603510748,7.474775370905852,9.71939589612048,1,8,9,1,Metro Reservoir A,1
117.31214150801688,929.7306162968182,604.804727797398,12.240898580042966,27.929013230326426,4.535455498195319,5.9015655663997135,8.31289101657393,20,23,1,3,Effluent Plant C,2
205.7262156590411,531.3846373425324,365.4015393975752,4.427067196294485,24.805841941764957,8.373190964358127,8.311105755762558,1.0,1,18,6,0,Effluent Plant C,0
436.83802626986744,324.1714423043266,215.86601447706067,21.384823373747235,28.886270110432957,7.059533612297683,7.241709600212527,4.299668329171268,21,2,1,6,Tank A (Main Reservoir),0
219.7158321403727,1112.5382357064784,718.6152267055172,14.76653462199113,29.836720669339453,7.939265082644523,6.832090410011206,5.045474376774985,2,25,3,4,Tank A (Main Reservoir),1
284.48027320633406,665.3120552179479,443.9235223768754,6.524076361949205,26.821689438000018,7.564130700349209,7.530452203304294,7.094223359766392,5,29,11,4,Tank A (Main Reservoir),1
285.04037084618153,775.0764677108349,501.3710757663222,13.397007561311302,26.550129440962298,7.628194198389553,8.205234524375745,4.586092317553053,14,13,6,0,Industrial Basin B,0
402.18748614038014,740.7216293832922,483.98115358355886,21.225991386902415,28.74196400127396,7.325383849926825,5.675446912880542,6.370812905454878,9,6,3,0,Coastal Bio-Swale,1
165.4026559058123,1001.7178909642626,637.752916094002,38.153109647536965,27.88460111946293,7.537922104754859,4.818185244395522,11.566238531446242,8,21,8,2,Industrial Basin B,2
120.9062745748484,1352.9948138377877,864.3599912963397,31.43904212004492,33.320637421418915,7.2553020162485575,5.042667347114976,6.1279266486363895,0,26,5,4,Coastal Bio-Swale,1
206.77467724877005,1238.7122454270286,810.6995148356439,4.9352837536534135,29.27306215024082,5.548231870690312,5.842563762898302,8.913004647308734,15,6,2,3,Coastal Bio-Swale,2
506.08722710319194,100.32844544110321,76.250779076233,6.476516435989575,32.38234400109724,6.727369719396943,7.931034076192575,1.0,5,9,4,5,Effluent Plant C,0
244.26781979636664,707.4383086132882,479.2915756241701,2.1601328319204534,30.442044009436056,9.803724898500798,6.341970814361832,3.0377589693314784,8,16,9,1,Effluent Plant C,1
261.29319421755037,395.9769444444383,249.29128947544672,3.844131372711502,22.726327439494444,7.57693901925287,9.123132244874993,1.0,3,11,4,5,Coastal Bio-Swale,0
355.2267893150721,1081.5286572740554,717.6310684780444,22.40646604058383,25.766940496777405,8.570939475602113,6.553456910116444,6.590742293735794,1,7,10,2,Coastal Bio-Swale,2
186.50754418995638,801.1950444872251,533.9212479164663,5.476159950264232,27.807610307829368,6.020228248479778,6.820520654452437,6.80059086036044,3,10,10,4,Industrial Basin B,2
141.90835085267662,981.8455614606083,633.287986359028,10.690394495999838,31.473777242383726,5.999336838318326,6.53437039061825,4.585389632822677,0,10,8,6,Industrial Basin B,1
225.1515810976848,681.7626588326624,457.02659713579436,11.965113521028133,35.71125198975429,5.755857090450662,6.313690675910898,3.7732201261535394,18,30,5,0,Effluent Plant C,1
411.3416444123227,488.1885182207061,326.76470060631095,16.22477381143938,26.063411476451158,5.6018772115345286,8.113700708120582,1.5436187393289402,9,25,11,6,Tank A (Main Reservoir),1
258.370191994955,539.5157804600119,362.10708808440353,3.018714530499666,28.221024393146706,5.253121803892918,5.493707641970209,9.345876186519735,20,20,11,6,Coastal Bio-Swale,2
351.2126609613126,340.0961998226808,242.7361336721745,4.63574598498324,31.199645126753545,7.479857472298017,6.6382267597215865,4.396339007116696,14,18,10,4,Industrial Basin B,0
238.25821156864922,420.909779149529,284.5979749226938,6.948167326482351,27.768689966776435,6.773017397594146,7.3092206179138275,3.338387679876487,21,28,1,3,Effluent Plant C,0
285.2988139058641,357.71208334744074,211.14387288221508,5.538800141460179,34.576387111409844,8.250593859914066,4.461780169389371,9.241477254789446,18,24,7,2,Industrial Basin B,2
371.2582678891966,489.2891966560666,321.26358278641885,41.68982877492261,22.608852099149964,6.827524218053922,7.979449747740068,7.112846811377209,15,20,3,0,Coastal Bio-Swale,1
405.17157261072373,472.31655079064507,291.3377430032245,19.01451101021808,30.71207966186797,4.316112250822426,7.973273471780123,3.1703641187222917,20,29,10,5,Coastal Bio-Swale,1
236.88854410576704,918.2279315084659,598.3626561832742,7.533242538130718,30.67285301774455,7.732340160769667,6.834519230384092,2.622482587983245,23,9,8,3,Metro Reservoir A,0
279.44286982562437,906.4584933964994,590.1342993222777,22.14187251651802,32.60815479325492,4.763503709020657,7.459395392268678,3.6424673849011024,21,15,12,5,Tank A (Main Reservoir),1
412.23074787088024,917.9012620574557,590.798871309727,5.271785696883396,28.24820539529198,7.457273216858022,7.700484365039623,1.3290940695448072,3,4,3,1,Metro Reservoir A,0
392.26357788431164,1152.4986086754743,738.8480642073245,16.40977360758771,31.566084873623318,6.27437095726093,7.053045986684766,3.5606677324427434,1,8,1,2,Effluent Plant C,1
68.91970976256476,776.4986325871655,499.42079217418524,3.53184802477581,27.003443015041753,7.479012040388951,4.872702351865854,11.598036703614707,12,9,5,3,Industrial Basin B,2
547.5418681706889,565.7556208751264,364.3695480545513,15.79823127579597,24.794434918949644,5.467657731279481,7.887210316584688,2.1303542316571784,0,13,2,3,Effluent Plant C,1
407.4254567712984,1463.4210727790608,949.9066488470435,7.096398414054093,24.211187955361982,8.13399062897461,9.469125413970234,1.0,16,9,11,5,Coastal Bio-Swale,0
426.28573668343466,1071.693770991139,697.655290205609,2.1372800453562655,22.234391250498305,7.245131335564486,8.01420193394933,5.047816407272433,12,26,4,0,Metro Reservoir A,1
222.56614388456103,845.6959379613673,555.5548679303115,4.1918987702138,26.234564833940592,6.786956305171934,8.137698977971205,4.19129073982746,3,4,1,1,Metro Reservoir A,0
299.5861856526898,824.8623361976993,533.034995438285,6.146238680109399,29.245953508228254,5.166299370176569,6.548392300068195,6.594746737723424,6,17,9,5,Metro Reservoir A,2
215.570070316069,886.8960562700901,589.2789209222785,14.834700000430335,27.16747161566298,9.37264180962187,7.625697635713033,3.821217039371201,16,16,6,3,Effluent Plant C,1
399.4805871465292,739.3696158937347,480.20786525414667,1.757830671294463,28.79186439989422,6.11184874137488,8.046132236085384,1.5702429052162825,8,15,8,2,Coastal Bio-Swale,1
238.199712089925,838.4673624511468,554.2486937789791,11.774781808111305,32.93951606954535,7.515528934513315,4.896827312762613,10.198637483259072,3,3,11,3,Industrial Basin B,2
463.33507522724847,949.813898184739,614.3342256461772,13.588290734281529,25.930053806697217,6.06134526650859,8.977213312073049,1.0,18,25,4,4,Industrial Basin B,1
168.6365815818576,582.0391358103367,405.7625299700874,11.610892751929653,37.36118599218123,10.0,4.452632127895281,6.242885972981892,0,20,9,2,Effluent Plant C,2
65.62423461356,309.7652444488897,206.02005064211696,15.299104144209744,31.020971995962288,7.379305644831209,5.727027057121109,7.6008191986967795,9,5,2,2,Metro Reservoir A,1
323.41903837296275,177.30716963311534,131.602646274691,2.9622003394933936,27.212297109699062,6.462374648955093,7.279450351179558,6.761326401493798,3,23,9,3,Tank A (Main Reservoir),2
293.54608154727134,1066.3696456801144,686.2008498039465,9.845579717298802,27.121591623097704,7.926910557060053,7.376002648832457,4.0744141673181185,8,5,12,0,Effluent Plant C,0
319.3310330209304,325.1227511847641,206.85828548703535,29.32677590063977,23.9674801728926,8.100074156528068,8.003054056075646,3.1880119206927238,12,20,5,2,Effluent Plant C,0
116.59982713649478,939.603198187363,608.2207022952919,10.436215127463681,27.89713214045159,7.673518722429917,5.247232768258403,9.5421636009247,13,15,6,4,Coastal Bio-Swale,1
374.82826557098866,453.69323148555975,319.6305997332947,10.450409545081705,19.353615467045852,6.811779067869133,9.441331600308821,3.708408194407035,9,18,3,5,Industrial Basin B,0
181.5464677400604,458.526216182021,295.91464033765766,14.33472875042725,33.02306470107423,7.7286086071243485,4.268134446974019,10.023466818286522,5,15,4,0,Effluent Plant C,2
451.390446956405,584.5403718482714,371.7169007518091,5.052714750450446,16.733556799930927,7.013590135060789,9.151558165363824,5.609493314758278,15,2,6,0,Effluent Plant C,1
128.8665036383592,858.239645601693,570.8648341765725,13.055604016303558,28.167003893471396,7.169648168269193,7.0664307664768495,3.85378836631262,5,29,7,0,Metro Reservoir A,0
149.8037167094639,413.4224874867222,269.31266032373213,25.797260918397438,23.424043994706512,6.257505608012812,7.574147459802412,7.760055233689939,16,13,1,2,Metro Reservoir A,2
314.8828234175725,614.9202589117643,397.51697368613867,1.10955263384358,25.19528539230543,5.443876612778227,6.767042788298228,7.563361134558117,9,4,7,0,Tank A (Main Reservoir),2
84.14178513879216,792.284278345833,508.8819578100128,21.41090753793113,25.711392268309822,7.875896400988602,7.655599527875253,6.387355505264743,17,10,1,3,Coastal Bio-Swale,1
281.0087890974463,436.92146274591835,288.8872363668671,3.466915561434597,35.70250450984778,7.927560220016515,6.915087871163155,2.133944228471106,21,13,5,0,Tank A (Main Reservoir),0
600.0,1228.4702643424075,809.1322281586619,7.086650010795827,23.58699717811864,8.75596652390318,8.938528104894061,1.0,17,10,6,4,Metro Reservoir A,1
286.3899049687251,283.2386772218596,191.9859946018901,20.12895777253524,31.657038179176492,7.258217594663471,6.913226780339585,4.740125158561689,2,29,2,1,Industrial Basin B,0
289.5433979421862,734.5492452647511,472.6636716471344,18.367721327260767,32.641607317069365,6.9411195506753405,4.824885816425847,8.259693875382549,19,9,10,4,Metro Reservoir A,2
217.72939895375026,1181.7621897756503,758.2683964776169,23.24952778379565,18.64628719902761,5.508224516786709,9.415630680119502,3.2939512276702496,20,8,9,2,Coastal Bio-Swale,1
298.816657204558,402.66003083281635,221.53780847369188,29.203815001906904,25.538588932954262,7.152571384602211,5.813268183933321,8.963867693979182,14,3,10,0,Metro Reservoir A,1
259.13417945685785,767.1122448536853,489.16827207313315,6.926811455435664,33.9378363713028,7.63223776359986,6.076026783348218,4.777278372704272,14,16,6,0,Coastal Bio-Swale,0
312.4846223854485,839.8576048001744,542.1860977066999,11.681717707889808,22.740906197122186,5.0163136321053905,7.381069600177596,7.404657783519454,3,14,7,3,Coastal Bio-Swale,2
435.6501265235271,557.9688643992442,362.0893635436019,5.9508095829280885,32.79310414657854,8.482826747036471,7.398478619866383,1.0,8,9,10,5,Coastal Bio-Swale,0
329.2376017923422,776.7551677004342,502.1827462772546,5.318861667453515,27.92853367439566,6.345555016550722,7.434229455916724,1.0,18,30,8,0,Coastal Bio-Swale,1
375.93816827214624,968.4333382579855,657.4904393437845,6.649218085441974,27.755610681729273,6.9646796614594395,6.471061887117046,3.2771268100254147,23,21,11,6,Coastal Bio-Swale,0
58.27854990451027,659.8577905046328,433.8212152003377,14.589754822664933,28.277966450878534,7.917324780403772,4.460752840848035,11.057794711070997,16,11,10,4,Industrial Basin B,2
366.6976120833249,1029.2988842391158,656.667847494145,7.960328343400022,29.370287326125826,7.19122418367834,7.615533353698769,2.533228350465612,10,3,1,2,Tank A (Main Reservoir),0
375.5859964588816,917.8192821145971,603.1382073587065,17.82329487113439,24.177447261223026,8.884033388847707,7.88064323175414,5.401979567197429,8,5,8,1,Effluent Plant C,2
126.20576183609856,625.12993965397,410.24922798279204,14.673488743820046,26.958321867389845,7.954567380941649,5.597141740642535,11.919540939870155,9,29,4,0,Tank A (Main Reservoir),1
195.21173403471084,1138.2363101367648,729.3544954687092,1.2069105217560405,29.482393655920845,7.02200147243856,6.279284977018459,5.406602360459383,17,10,10,1,Coastal Bio-Swale,1
207.4862194412124,577.7188658950632,378.4053183651147,10.948961484414465,28.707543357720034,4.0,6.060676407895986,7.673786431530257,19,13,8,0,Industrial Basin B,2
453.73915491579555,1056.767991621564,692.2007071858527,6.737141705199741,29.396902250177867,8.395424005314366,6.946084427684427,2.7467400180216903,12,4,6,2,Metro Reservoir A,0
360.6714514676988,583.0952905141796,389.25698307869396,7.099629311331022,25.125251823404465,5.7845315739799315,7.184571096312938,8.246923153037002,7,24,11,5,Industrial Basin B,2
268.070512958544,705.1779923474792,440.6089724908443,18.05800442048723,30.529196839133203,8.222237910866124,4.599490434681769,9.799985248593899,6,13,9,4,Coastal Bio-Swale,2
444.1867893864633,751.2067130668569,494.765143605592,8.932061876030488,28.5059027019535,7.788227128967779,6.96868344838243,6.398000930770745,16,12,11,2,Industrial Basin B,1
315.19123105476484,901.5749272659085,600.1227492755297,22.682449827355875,21.67719979330431,6.961456822525761,7.735809708860194,6.01031415786232,20,5,4,1,Industrial Basin B,1
312.3003443010107,100.0,83.87686579008044,13.475959141135657,25.874513932132086,8.343949505163025,7.5049567136150355,7.025877677810314,22,10,2,0,Coastal Bio-Swale,1
213.86110437054208,937.4046654469568,597.0523572760576,9.04838826179379,24.41798191876558,7.825247709080535,8.907882447943246,1.0,14,28,2,1,Industrial Basin B,0
158.9622478221103,769.2562330572772,498.5570287608949,15.046130327196726,24.366487628117255,7.5940348744002355,6.576091738131839,8.770514735694336,19,24,5,4,Effluent Plant C,1
435.8036331202427,885.7220483829775,575.2286761642619,1.3910373295815472,26.094079478194274,5.140407468387344,7.9266224599876125,1.5917386233564244,14,9,10,6,Effluent Plant C,1
447.5518640721851,950.7464970866307,624.7404104721328,1.2745717667750442,30.453887746767116,7.247817887418389,8.00523220804783,3.2916625961367987,0,20,9,2,Industrial Basin B,0
137.72762961932392,918.1426513973793,595.1464324330146,1.8702882469186046,25.492831001759768,5.70860873000421,6.954933657476554,8.139693436389484,13,7,12,1,Metro Reservoir A,2
242.87820029087226,197.79174432228422,121.410698097093,6.754802852425102,28.900231541031758,5.884874664395517,6.085481685612449,7.968167036522522,4,2,3,1,Coastal Bio-Swale,2
600.0,481.6968203635933,315.2746969621846,3.684680440020555,28.24465027140366,6.766629078465805,8.170847256417446,1.0,10,22,8,4,Effluent Plant C,0
301.4832753938369,899.844780297819,581.5240865320077,42.51632276717922,24.88379038277324,8.956100937572069,7.069981334316402,5.409646709776716,15,24,4,6,Metro Reservoir A,2
431.8942471581749,859.9088589876194,564.5626536488049,8.81519786899537,26.62073947733082,7.638468941234572,6.971929675231417,6.801859839274973,1,28,6,0,Industrial Basin B,1
417.2242228497008,563.1338943451037,357.9413574558587,11.859401585837302,31.459396893195656,7.717522129926067,7.374769308628007,1.0,7,23,10,6,Metro Reservoir A,0
289.9321532198317,1021.2917600179643,653.6165474511974,4.268667085179342,28.599225227764343,8.124512126287584,5.703443544370307,8.684905405200475,10,7,6,1,Tank A (Main Reservoir),1
225.49673991559985,723.072449261426,483.1514942021765,4.883084910403106,30.195311445604222,6.150383638392869,6.953797856697546,4.842083721450265,17,8,3,4,Effluent Plant C,1
55.89367695663631,1065.7179061645566,715.4419151450062,5.086630874090641,33.08998617563112,5.308308230628384,4.900004351052554,8.747415808784622,2,7,5,0,Industrial Basin B,2
419.09607335579915,1163.0063934337231,774.1768679991525,12.99767343519838,29.739748216712307,5.095220615109385,7.141593709555266,3.0651067672755383,0,21,12,6,Coastal Bio-Swale,1
435.5569668504213,883.4906154689531,573.5496441253343,7.418956816554999,20.31724453245871,7.477285289378305,9.822361014554225,2.773380738877889,10,23,3,6,Industrial Basin B,0
244.97466898375757,966.6657445497669,638.8840056731603,8.291550576652773,29.082390864462614,8.3840294639934,5.3946024520775095,7.931614050830891,15,29,11,6,Coastal Bio-Swale,1
192.37550433194338,617.4619755703218,394.48745629857547,9.964954138187695,25.527554273305704,8.295299735896617,6.834837534894051,4.1073773867259495,17,14,11,5,Industrial Basin B,0
306.72196692845773,1067.6629618429956,699.0627180884704,15.645225597101206,35.24121044001665,6.202742582026682,6.001231622109393,1.8417581052586636,15,26,1,0,Metro Reservoir A,1
228.00322317887336,865.437310904301,556.6962244185958,1.9471707908705875,29.597077630456702,8.82659463945001,6.392865475480597,5.8791330127023285,22,19,7,6,Metro Reservoir A,2
361.62945777007695,711.5866883467456,475.09638860478583,16.000182512503542,25.610246810109814,9.651650692164381,8.925225689979857,1.0,9,5,4,5,Metro Reservoir A,1
229.99235041953293,434.3545000347032,293.56507220179554,9.283601436609267,30.266047717764756,7.929158111217768,4.798304594357784,9.254762931787306,17,23,7,2,Tank A (Main Reservoir),2
403.1153734686701,654.3675892687701,446.0984741356753,12.059252982238357,28.36316361186843,8.984735552727482,8.443535490522285,5.7585506261772625,5,25,3,4,Coastal Bio-Swale,2
437.53143556187763,467.15733654807696,301.35921788092503,4.968301442096833,21.12817074512077,8.247786725410053,9.317088120126778,1.8278606935712602,18,18,12,6,Metro Reservoir A,0
255.84964271834232,1028.4469216818084,684.2808361040954,6.265940221056644,31.452243125010856,6.924341287865863,5.366794701286068,8.062158193050358,3,20,11,0,Tank A (Main Reservoir),1
258.0682000000718,1166.1289728766596,763.0484829891096,3.628799629672037,26.377840343731688,6.40250182088344,5.724243835808878,7.8512361384238165,12,12,5,5,Coastal Bio-Swale,2
195.59961497400604,1074.880759678961,699.4263784836683,39.776214539477905,33.682473171096035,5.264306215589028,4.145460410659689,7.9888186818219085,23,23,5,5,Industrial Basin B,3
75.21199764688129,1545.8060738833017,1008.1438864251116,7.871710184631132,27.50227686342476,6.666284902399501,4.123977738133168,11.61339718954178,13,17,2,2,Tank A (Main Reservoir),2
69.01395926335948,661.877923550908,447.2007819231251,56.40877147951895,33.757173935341875,6.915802249241313,3.014901253114873,16.39791153589617,2,13,11,3,Effluent Plant C,2
377.45135735197334,978.971703465065,635.0122401033548,7.72924990432299,29.699592599623262,6.9423271274513905,6.943415667744386,5.742970959342344,9,2,10,4,Tank A (Main Reservoir),1
232.43823391271943,445.5935106251464,288.82516328749944,3.4814251831838927,31.89649347718372,7.064902242559263,5.356666758064129,7.544360823700661,5,25,12,3,Tank A (Main Reservoir),1
138.25747944781227,740.82480789431,460.8791041530003,8.081641666690551,26.03272203806868,4.447563299726933,5.565625817988524,8.73457984001955,0,13,2,0,Coastal Bio-Swale,2
269.0122079013746,356.7952373435369,230.4464236263185,1.404008038575363,29.41202472218598,8.134835445575657,7.678832549992849,1.0,22,26,4,4,Industrial Basin B,0
210.91215394743688,970.458295191437,633.4415111540159,24.51458175531599,21.095060863951733,8.2741042032772,8.298224823876009,7.311606969199655,23,7,4,2,Effluent Plant C,1
221.63104082324313,693.3525011257396,443.05664795412525,18.06776529696797,27.49185238849983,7.64523745918322,7.121171411414999,3.7612688970274295,13,28,4,0,Metro Reservoir A,0
600.0,183.62539254142484,109.27795316511171,13.939723530727091,22.061873832275772,5.796785443481035,8.259023538295173,2.925267681999724,7,10,6,4,Metro Reservoir A,1
231.1790670685357,594.4944671194808,367.90901786614523,10.411643191607629,23.428091436587604,7.640382907861232,7.502086169787705,5.405984762869155,18,23,2,4,Tank A (Main Reservoir),1
308.77727803065534,1337.9342982822488,863.8107879304296,9.671059638338416,24.4367829370215,7.227132028577466,7.2990140142344515,5.55732974519165,13,6,6,3,Coastal Bio-Swale,1
301.422951984995,923.1289661752708,614.2456189818972,58.22419290090827,30.641683743765245,7.769379235500632,6.744789505404332,4.986390479316027,9,3,7,0,Coastal Bio-Swale,0
425.02261285846566,1030.727798886725,655.154546245281,4.257265861066205,27.41055946097485,9.061347107359698,5.777210782556687,5.456872408867769,16,26,11,2,Metro Reservoir A,2
360.0710023241811,837.663583789929,552.3715019815755,16.126940579488952,28.125708037415382,6.985837206702661,7.00156774537141,4.859850674924839,8,3,10,2,Effluent Plant C,0
263.81795246070897,745.5323235214303,493.3894757592006,9.708508646721905,27.301649103088966,7.417830596095977,5.441880776636126,9.164607608447486,5,18,3,0,Industrial Basin B,1
175.2213858643672,804.6737041428654,547.5665239042866,38.24736451277984,32.322881995547945,6.162766197089099,3.873792139628098,11.312868232095884,10,11,11,0,Effluent Plant C,3
383.87632518526885,873.6298172671354,578.2429330726637,18.59117173211945,28.016167831292645,8.306011583373081,7.786668780794611,3.291091715373372,6,22,12,5,Industrial Basin B,0
127.52150582808306,471.0042663196952,315.6985689188637,66.19173895238202,28.995348315005515,8.04328400593131,3.1828187670375714,14.557359008653844,16,20,8,1,Metro Reservoir A,2
227.67946148612526,1028.9186047215662,672.4740656012668,9.875210624267995,25.71898722868764,7.459872656565951,6.967551583240971,6.595387089757227,0,5,2,3,Industrial Basin B,1
235.5323129662604,1136.5482475962444,738.7649342800186,3.288396904871081,32.59763717466499,5.936242940513231,6.618910772779107,3.673996732042512,21,19,11,0,Coastal Bio-Swale,1
341.52580624577377,741.0231809167007,490.1870627268106,8.00548574817227,32.897557147211614,6.380036005383225,6.73108876013717,3.264011618298241,4,22,8,0,Tank A (Main Reservoir),1
332.0923392770602,643.0878711150242,430.49412895184616,13.417132117146213,27.852444187724384,5.0024896346259204,8.213312349790403,1.8987740151183141,8,27,11,1,Tank A (Main Reservoir),1
410.873161115101,577.4273001065588,377.0327081437861,15.888161816061894,25.662819881278075,6.365876805508168,8.572941731662368,1.934822659937135,17,28,5,1,Metro Reservoir A,1
322.12173217020137,1327.7649810687285,875.9660967133193,1.0051011910457281,21.536094665131778,8.051240873500095,9.75241399403927,1.0,23,19,2,4,Coastal Bio-Swale,0
173.529872754476,664.318748241933,460.6392993206333,8.032522421579317,24.525614277457166,7.674914165109684,7.194706749860425,4.865897430722328,20,30,7,6,Effluent Plant C,0
317.39782084098886,995.9942942643622,648.1048803200387,3.6818613266391305,19.331639753896972,7.391625553452044,10.516508891459173,1.0,1,15,2,2,Coastal Bio-Swale,0
338.1738551289827,743.1278913552032,484.02314565677534,21.787364563492368,24.357429919648023,8.981158909101982,7.46247555552409,3.579188723322575,10,30,6,3,Tank A (Main Reservoir),1
123.4687329382576,726.9109832846209,471.57097075576706,2.659429542566165,29.42788038958107,7.565435699196149,6.428648708634772,6.236491527245575,5,16,10,4,Tank A (Main Reservoir),1
403.7301689661064,570.5750899382831,372.21123787275394,11.979812365478894,27.79840019760391,6.507414194932607,5.196541463206145,9.67777570221044,7,24,3,0,Coastal Bio-Swale,1
537.8728129074105,508.91015117179523,343.02265120143045,4.09330981920351,37.29306793781891,6.36007774888021,5.38247954639389,1.0,3,9,9,1,Coastal Bio-Swale,1
373.0209752165389,1021.976228073965,665.1550946161532,5.408987447110297,26.51577314079846,6.921942039706305,6.500873868490502,6.369721926165192,17,4,3,5,Tank A (Main Reservoir),1
261.1925605029825,502.1232559909792,328.27189721725006,29.22775441853954,26.20347303618223,6.6597659960393605,6.901964156623298,5.993720693025104,10,15,11,2,Effluent Plant C,1
307.1500540052353,938.7557718776235,607.6947550638474,3.750266583018611,32.2510783981152,8.343577794027349,7.395316258137058,2.826408264232469,4,25,12,4,Metro Reservoir A,0
398.7409729786475,827.175177044449,542.5544400843074,1.9982338702491242,20.29225484701778,7.705736619276228,9.452237937074736,4.663824597248263,14,12,12,5,Metro Reservoir A,0
453.72139697548664,1025.7915603437712,661.7325503392776,1.718020651265579,22.07293110968205,6.81639227104864,8.858414521562116,2.207263006262237,17,23,3,2,Coastal Bio-Swale,0
327.5662551972737,617.0138268228333,388.7975137896432,8.024202631983796,30.655365445021864,6.8620754358794125,5.809444235660403,4.5498942167787755,1,3,5,6,Metro Reservoir A,0
164.89451911196704,1124.0432499560284,735.1048323797884,11.264167017498664,27.218303188122515,8.043890074586894,6.301511538148152,5.339224815983224,21,23,7,6,Tank A (Main Reservoir),1
241.94577116346395,757.6428253728989,512.2616812065273,4.964463648661685,27.310015862410175,8.413130529663578,6.530474515215081,7.978189895580183,10,14,8,5,Tank A (Main Reservoir),1
295.9078792009516,1577.5084163928686,1022.4810299916978,12.720212094697413,24.25139536866271,4.987918017827649,6.682446877308504,9.404508922876225,12,17,12,1,Coastal Bio-Swale,2
122.22207971293653,315.747099510548,194.82356331058332,1.62975709442301,28.95908069433057,6.9945449954614665,7.1942988759419935,2.3673372537673503,3,19,11,4,Coastal Bio-Swale,0
198.66889079010465,1528.680421423071,1012.7986941315901,20.4725356549536,24.767906981414274,7.309789711681208,6.888074774036283,5.237432882632267,21,6,7,4,Coastal Bio-Swale,1
306.9664645677524,762.0902005831584,495.8142373562515,17.959069441880683,28.290973314788932,7.857766056699076,6.375380690003049,8.208540039197002,6,4,9,6,Effluent Plant C,1
229.44223549055042,866.8406305156582,572.8919926601097,43.33349517238408,23.36606575258706,7.335590921181571,6.375654574190583,7.790458945505696,10,7,5,2,Metro Reservoir A,1
196.36743150842378,618.7131705172553,394.8739026163285,28.56793815559162,27.270412050469773,7.688639898967776,5.623826437582764,8.999783523016077,21,30,10,5,Coastal Bio-Swale,1
348.9949839958282,329.33561209298364,214.16585353397178,5.403627549064551,36.099475761983385,6.915649032067025,4.842762503617733,7.246961872318677,23,19,11,1,Industrial Basin B,2
238.39819361563025,641.4809683938871,430.96817332103467,6.096186591335634,26.300256841049904,6.23296685369589,5.439343941347036,7.667173220718503,3,17,3,0,Industrial Basin B,2
261.8903174200357,690.2939045382634,449.99876263931316,14.702826257845258,27.472967247232884,8.141034119982681,7.261996814067018,5.733612880348123,14,25,6,4,Tank A (Main Reservoir),1
393.18582598981624,854.8405138192223,557.0783559074583,2.4396595461241724,27.18990801012367,8.17908718678138,9.4521590830896,1.0,0,16,5,0,Metro Reservoir A,0
305.3456577567746,1136.3415035031053,723.7360374973945,4.768990949917573,28.698125633377938,7.982200478602863,7.125374009460291,3.9731509159884526,22,15,12,1,Coastal Bio-Swale,0
269.9182206395722,857.2192179821344,565.0628264078858,2.261767183537833,29.872607918737014,8.195748976928304,7.196854843764335,2.7043242243547687,2,22,4,6,Industrial Basin B,0
244.27264705186434,862.442528984792,552.7288226093652,7.067611556957275,29.02895100270609,6.033926927693839,6.104919116744555,7.038177999656543,13,8,12,4,Metro Reservoir A,2
102.72217888265709,915.3103149550418,606.1487087265135,9.029715999282264,29.11726336709002,6.591077864595963,5.445157161432258,9.479382865007961,5,19,2,4,Tank A (Main Reservoir),1
191.30132594766832,273.5209420651255,179.8124246132247,3.3719236280479947,27.27666646240459,8.543839955922895,5.480251945370426,8.998093548700993,17,8,7,5,Effluent Plant C,2
211.08817247692846,301.2426493591723,198.71991330108415,1.269927349317305,28.401158890028157,7.627479747441169,5.722531388364232,6.78356834783465,0,18,5,0,Metro Reservoir A,1
387.13478445664765,350.9033033407103,235.8125653619749,13.706677172522724,27.1441782832498,7.267400707760542,7.624712987976117,2.5663225971906725,5,28,4,6,Metro Reservoir A,0
425.0630599705795,688.0178426013937,450.9642921813389,1.2020797715402594,20.750565174291523,6.897728699001084,7.427786167797128,8.32967252425743,5,16,12,5,Effluent Plant C,1
202.7460427978078,238.48546408278787,172.2000858095064,37.26942148018033,38.52246003940749,8.721478554205063,3.094349519204579,9.006510842985326,20,20,8,3,Metro Reservoir A,3
363.79797773540065,593.0637365812684,401.091814766408,3.50524070793052,30.912690998188868,5.075479316956531,6.581300489416202,1.876189991671068,15,19,9,0,Tank A (Main Reservoir),1
289.34976723295574,389.5252265056953,241.01895829243063,11.903468183251732,24.082723178861798,7.552887555382734,6.630406456705854,7.776129479115381,4,10,9,0,Tank A (Main Reservoir),1
230.54916743217274,946.3146278596046,613.3973880961777,6.704902217694361,28.920241617533602,7.120066372793394,6.34704273129539,4.0073441737649045,16,17,3,3,Effluent Plant C,0
495.4518543891268,931.296688672475,613.7081964429129,1.6152850680559565,22.615437109679178,5.696980569350793,9.512811050657287,1.0,9,13,3,1,Coastal Bio-Swale,1
394.3705695075216,709.8067880792105,451.9483826313518,7.390067955893999,26.02319380334918,9.139969414786675,6.535128372724834,1.798144143375794,20,13,5,1,Industrial Basin B,1
328.2749944618838,230.01172454991718,133.82701336292368,8.272431669233075,22.072045835496816,4.0,7.612142090778937,4.631272600085073,17,7,5,4,Coastal Bio-Swale,1
348.44630542824075,728.8568271691472,466.1548918723919,20.288391479316406,27.795260617438288,7.345505700118434,7.433344628741129,5.714560501063791,6,27,10,2,Metro Reservoir A,1
427.1616727607086,898.5878346128308,582.9304384364737,14.18071646146165,21.67457909547977,7.834154270188452,8.887261650933116,2.2232109435501286,2,10,2,5,Industrial Basin B,0
311.41802235637795,1043.2180001717045,637.445668674264,1.826237165961378,29.55369157725146,6.029927129495505,6.250473785119355,6.4358418752205075,12,2,1,2,Effluent Plant C,2
381.4486627895274,1326.0213881938912,850.7750057963838,3.34663000423019,30.728884323651318,7.532712353239396,6.02157447534943,5.893962686390703,14,4,8,4,Effluent Plant C,1
328.1460728184039,1135.5494541265048,720.3217924902826,4.738032046849976,24.6920776016655,6.930621414643887,8.447925319440378,1.0,19,25,3,2,Industrial Basin B,0
302.8963791269653,849.4329587203789,563.5981458495312,2.2375950650617504,28.643576816796248,8.38565917753601,5.181702365326183,12.123929403691106,18,6,1,0,Tank A (Main Reservoir),1
243.69436719358842,714.4275979077875,473.6927269065917,7.104601032348106,24.48014259191036,10.0,8.498031827900444,1.066696153069607,2,24,1,0,Industrial Basin B,1
323.20617672648973,577.1197711126159,377.91348811680416,42.54680143301476,30.04692385707963,7.606312499747059,5.5119419829902006,6.881441552334557,3,18,11,3,Metro Reservoir A,1
327.4321071375696,1206.6985687669785,785.3541884397498,8.22808337989392,25.24552780575016,7.924857191254267,7.494569238460901,5.949020631917743,4,23,2,3,Tank A (Main Reservoir),1
203.87456133345387,849.9771739097322,557.9332314540203,14.543390863959672,31.15588050018768,6.029812864556333,5.576292722948725,4.090683532154925,0,6,6,4,Effluent Plant C,1
345.2003206243885,989.1632626050356,632.9727687983114,12.486573025852056,20.753632718660043,7.457758817975165,6.8231157167229,9.611486596891607,3,29,6,4,Industrial Basin B,1
132.65471638476393,622.9340786211927,417.43604105791184,19.965297264036188,23.98009633960045,6.75238601822023,7.303303634851972,5.470661853020658,11,30,3,6,Coastal Bio-Swale,1
562.087184417595,427.72728034705773,278.9529451078019,3.429936300798447,23.56473471485382,8.134572922233467,8.661624235888981,1.577838321932183,23,25,12,4,Coastal Bio-Swale,0
481.2931070249193,679.8986845181819,451.1101376394146,15.017177390488866,28.81341503361999,5.488752804819531,5.78954174567591,7.345277876074624,9,23,4,0,Metro Reservoir A,2
375.54942476757617,709.1215202583121,469.6931418325493,22.31621463158728,30.220358797766348,5.9117867437240506,7.843472026313654,1.0,22,17,12,2,Coastal Bio-Swale,1
198.0530747482037,857.5317300932414,562.7367692435796,2.8815029852888765,29.12254946713075,8.616023175235167,6.958451016898644,5.889607332317288,20,14,2,5,Industrial Basin B,2
196.65463302925178,578.7698333048074,379.32957153713653,5.258753162198373,25.964093886437187,7.451985832896596,6.518154724399163,8.395649869020739,19,24,2,6,Industrial Basin B,1
535.8637089884645,807.4909590145894,527.2535218033665,36.09955808071053,16.819651736232323,8.788589535265091,10.167612843819693,1.0,23,11,7,6,Coastal Bio-Swale,1
298.9377594137567,1153.3119063065055,749.0229699010837,16.177152782729344,28.154809179030252,7.636493572992323,7.363042687849593,4.4057072964931745,12,26,1,6,Industrial Basin B,0
98.32804549016313,298.1115171388595,198.60205347809946,4.321089352334198,31.15219633726828,7.811734956832541,7.8438563816716265,1.0,22,19,7,4,Metro Reservoir A,0
312.7072099403068,164.92922241309543,109.26608665159041,9.299794886896244,38.72203548653298,6.8285959406882455,4.945247661221657,4.969365343222732,13,30,12,4,Tank A (Main Reservoir),1
286.33961917266424,1173.7741545855372,758.0829918502542,6.180619476667329,26.302419117157356,6.967647168451624,5.859254203808412,11.34862306665629,22,2,12,0,Metro Reservoir A,1
341.9192856744337,360.9120625903139,240.68998797023912,7.732762738833456,25.33873795626365,8.35730094974442,6.120226044661497,5.4610951362636015,4,28,1,5,Metro Reservoir A,1
398.93336166238714,685.9784099322638,448.6909666851698,5.387626564575473,29.281019125152614,7.028117349703728,6.992286468594115,3.8829730175049377,3,3,6,0,Industrial Basin B,0
564.6293641499905,982.5439043919462,650.7514197332031,4.27575357426197,26.975366227114215,8.620242533722324,8.458853476390507,1.0,13,11,3,5,Tank A (Main Reservoir),1
321.63410024444835,782.2321493987681,490.34672927562184,12.232012589081478,33.10149362905283,7.068175634633881,6.067633230930658,1.904833958127639,9,6,8,0,Industrial Basin B,0
495.59353016097174,778.0136362989276,506.07106929895565,16.075214887455704,24.767245367007447,5.78443267878638,7.59439711338261,5.208464741422498,16,29,6,2,Effluent Plant C,2
280.2310997213333,821.7189943454896,526.8683170619686,21.711331342621,27.004609124035884,5.675092254093963,7.121371128071285,6.450607921303873,9,14,11,4,Industrial Basin B,2
403.1457433253614,1555.614229788339,1005.9730219182119,2.6880922175522572,31.504852297089386,6.993916789325919,5.997645646729388,5.298155060873507,6,19,2,1,Industrial Basin B,1
234.55398073965335,1334.1874867751644,872.8193466797559,18.307896287677924,29.233457250527543,8.298887782989054,6.041056125767357,8.135073717317155,15,26,8,1,Industrial Basin B,1
578.2597195816468,591.8824073394846,370.36295982230166,3.941037466389222,32.64483068703211,6.401889662301856,7.47928090503034,1.6770987396618713,0,16,5,4,Tank A (Main Reservoir),1
402.8691992110478,1115.266472284061,726.2545634471386,6.574568025650818,26.253735794281337,8.078143783670662,7.987166810556333,4.777726388895747,16,21,8,6,Industrial Basin B,0
296.2994713225846,951.6523272775387,618.8784083543479,24.171271769056144,33.053138009474814,7.320882295581022,6.491987914952208,4.9282047452686415,20,22,8,4,Tank A (Main Reservoir),0
298.6076508334137,794.1455591744894,505.6951176841119,7.060590749821326,21.344638506892178,7.927451731221123,9.846567235191532,1.8910281551845842,8,24,6,4,Coastal Bio-Swale,0
423.8247897228329,527.6393574567771,344.5463113178176,3.194796890177946,21.50477875411039,6.8523753926957385,8.938099873011245,1.7039020279735744,5,7,2,4,Effluent Plant C,0
187.8734655081935,935.4104094336399,600.4012343776038,2.741970365552132,33.11615966583702,7.419611940448784,5.412661179119468,5.89680237219096,18,30,8,6,Tank A (Main Reservoir),1
416.24794232639783,708.1863604806747,482.29597152298436,7.40523927598553,28.029398301859,8.326491810067887,6.857397392794105,1.0,12,27,11,5,Coastal Bio-Swale,0
437.5120527901405,686.1319775212523,458.00545173399695,15.383139148606862,31.68326346351998,7.179394273694149,6.830763274430156,1.0,2,8,6,2,Tank A (Main Reservoir),0
123.51659842908441,569.8785946043386,371.09368608806903,59.79974685079744,28.3978838324366,6.5701742640788074,3.0851842284363253,19.481545117119744,6,19,6,1,Tank A (Main Reservoir),2
389.0825897481592,1099.9470563187278,710.6481013532645,16.48383399179653,27.9718363658772,5.018705535001773,7.006744976499172,3.6548649888710614,21,20,8,3,Effluent Plant C,1
228.5825290022464,569.6785944111854,375.3315897446231,21.95668155514259,22.6879165635031,7.849838995746535,6.480532520534115,10.602261177302877,8,16,1,1,Metro Reservoir A,2
442.3363160393058,571.5064283192709,379.15393758566796,14.77661178255661,27.892641726731394,6.274014487353666,6.956729745558678,5.283684046078114,21,22,2,1,Metro Reservoir A,2
454.53013418724834,1033.381330274092,674.2431905760363,23.579473549500406,33.446428945267,6.5753410595359005,6.529088927471917,4.67322788682118,4,27,12,6,Tank A (Main Reservoir),0
162.4486636496411,756.7008596590717,481.7040834146523,1.79360945383009,28.226681176286686,5.9149712453380445,5.4991858914228855,6.150955793902177,9,7,12,0,Industrial Basin B,2
439.8195282738611,764.7744428642122,495.0075101997088,27.582833566352292,30.728312782960906,6.923898286066373,5.930633886456052,7.000062014577125,22,9,9,4,Coastal Bio-Swale,1
448.37803930061926,1109.8680452275016,722.194360142432,6.048537471796047,30.61749583757447,9.717052698056477,6.824394997809183,4.067631770197842,16,13,11,4,Industrial Basin B,1
203.5171861365062,1194.1101835375807,779.0743694740195,26.4611278747769,23.949167933353472,7.622446932009142,6.827028147638774,6.5141317645700925,11,1,12,4,Industrial Basin B,1
113.39701791461775,161.64628341994353,108.20371573438099,1.7875411218386534,31.428521327010873,6.427034210575781,6.586162737704648,5.360854627086279,22,29,8,0,Tank A (Main Reservoir),2
460.3551197513494,761.3677235647265,502.19734266902145,13.561189434089531,26.74508510776061,6.652435929004517,6.964016360978047,3.2914965639151736,15,8,12,6,Tank A (Main Reservoir),0
369.738387564376,376.920641547801,258.4156198932718,14.306278879798539,26.961390366821224,5.473524300064357,7.944475947345425,3.9850463430184178,2,24,7,2,Tank A (Main Reservoir),1
171.45305195496246,683.9619986428023,454.7009361847818,58.798720281264046,36.39078075602131,5.8432656912593055,3.5598214846978595,6.947264947633963,21,22,7,2,Tank A (Main Reservoir),3
389.99736030831554,797.9791531657693,524.5896480148219,15.64711230840379,30.389213467326076,5.652579936838911,6.886993922166554,1.9423441865299649,8,4,5,6,Metro Reservoir A,1
332.66362219335224,693.5436280777353,438.2263183393994,5.8219557924888,25.445991902891166,7.5243984997936,5.801123963918594,10.13244561388059,14,3,2,3,Tank A (Main Reservoir),1
169.87047266794593,492.4173707990897,331.9347233762354,9.147467309943256,28.25815225203889,7.736054279125099,7.798402534861193,2.1959897065444074,4,27,11,2,Metro Reservoir A,0
252.75197803565908,477.19800868556143,318.3667691666847,5.565756899780166,28.146479705432892,7.293118163809294,5.170953879239251,7.55236101829904,22,3,6,6,Metro Reservoir A,1
338.9274699428731,1018.3824167096751,659.3906580766488,3.1817920074976285,34.74437261735598,7.643808828903655,6.5973725851000635,3.250691964070619,12,22,10,2,Tank A (Main Reservoir),0
448.4004060455873,1260.4429418311574,819.5853024998139,3.8568716693598457,28.157842321856418,6.280556291585557,6.943076821661565,6.007115754993391,13,13,3,4,Effluent Plant C,2
393.30730998651745,181.85692131995006,118.86280857166933,3.5104229509377074,36.83199461332387,5.822067798726508,6.281670188236189,4.3452914327038625,19,8,4,5,Coastal Bio-Swale,1
506.6916539239377,701.7144001803453,451.7361368729212,8.958785558010604,22.813069210319842,5.814459810774762,9.4884419576806,1.0,14,7,10,6,Industrial Basin B,1
229.15456861608013,1019.5892412182951,645.2526614205318,24.661708365085993,27.870588985317223,5.761288714243564,6.091773177873578,6.553013399446436,15,27,12,1,Metro Reservoir A,2
310.9769618731678,790.2188718797454,502.47684028835914,25.38709857942298,24.94857823121378,7.630409647261372,5.967869496483564,8.355884740467465,22,1,11,2,Coastal Bio-Swale,1
346.0780447365349,465.89401342833816,293.7660358734417,1.5632041185376488,26.020685578321498,9.616438019441823,8.198154673359046,1.2913748125221183,12,27,2,2,Effluent Plant C,1
202.3873112420777,656.6631787809267,407.15276497667656,1.832722681255556,26.107513981562576,5.943271151890753,6.524379771020716,11.148416525062867,16,16,2,0,Industrial Basin B,2
344.0726144686997,890.6450712295575,567.7866336112884,3.8119523378674094,25.15477328000449,6.789665025802497,6.947518683184182,6.817767476793332,22,6,12,3,Industrial Basin B,1
255.75347793991386,707.8423671858933,471.5095328199147,3.944508657593739,34.92068721994249,7.443472055119351,5.003781742937233,6.857359197488657,7,7,8,5,Metro Reservoir A,1
294.0518965058882,785.606019824432,515.5030962804719,1.9969788448044634,33.69024131537006,6.865190374190363,5.857318302251562,6.981212976084219,20,12,8,0,Tank A (Main Reservoir),1
510.2168382548414,794.2518507255074,506.55385431942295,5.917803766304242,29.61057804585649,7.599540240588147,7.19561997778944,1.0,1,23,10,4,Effluent Plant C,0
245.3687972990935,642.7155171025115,410.8828505383528,9.860656290661796,26.102592420442516,6.509530944795425,6.918764118577463,7.100658459509389,4,9,6,1,Metro Reservoir A,1
82.71638860166712,1044.9707071913103,691.5227959337598,9.631344004420855,25.267067828889246,6.383598586585121,5.667346498316655,11.791371453925084,5,27,5,3,Effluent Plant C,2
174.6210970289227,656.75252094767,438.93381069852194,8.840125519459006,30.967234965911075,6.981191564059657,6.136555571990269,7.162253874611347,11,11,8,0,Tank A (Main Reservoir),1
231.04537748926117,498.35960233032745,324.6326214734069,5.135052307757934,29.2006038049447,7.591873716405756,7.46849032418105,3.725118799934486,17,10,4,6,Tank A (Main Reservoir),0
538.8983789134087,1468.8918300269593,966.5276664513399,13.257266641150572,27.42069618560166,8.738990444729524,7.89258404485185,1.9797704718772058,21,21,11,2,Metro Reservoir A,1
414.39948890070247,776.6617731687747,497.17111245024313,18.514851246916518,30.164772029201725,7.651962451415779,6.610712455021194,2.215922378536148,21,1,4,2,Tank A (Main Reservoir),0
484.14742823397324,100.0,67.27359920120828,5.2506738318662505,31.564282163641966,6.897411778997306,7.104703543909229,1.0,0,18,5,3,Coastal Bio-Swale,0
455.26332339140487,1176.423451201296,749.9317347205955,1.8941647707037064,27.38383987989211,8.196952707723971,8.047843146335042,2.988122872119178,16,4,1,2,Industrial Basin B,0
403.11275991916176,1175.4586607641697,760.4049278682207,4.514461395536177,24.850696349247684,8.400121076646698,9.582935510536561,1.2470434435410342,10,5,1,6,Metro Reservoir A,0
510.2685365153735,937.1526593471094,609.4299939205666,2.477678571199,22.71553733269195,6.835983697416175,7.707872249471552,3.791846355557034,9,9,2,0,Effluent Plant C,0
219.83581666167908,989.4905629462006,626.318276940855,7.299071156028192,29.00252669736585,7.02485640260516,5.952591697767852,5.341723183882486,18,27,8,0,Coastal Bio-Swale,1
547.8221749085019,1447.922693800441,947.08091217429,2.695259524042757,36.668983892531976,6.687476380437448,5.579251509394469,1.0,13,17,7,2,Metro Reservoir A,0
389.52116419092,511.15947080945074,339.8556723523983,7.214681343676933,23.557346920195023,8.18508396652303,8.177146028357548,2.42619876918881,9,3,10,2,Tank A (Main Reservoir),0
533.8884990874009,839.9720161924436,556.0930012395319,3.4974794598689223,32.39787632413623,7.289028684815462,7.210425698028751,2.612598766543481,14,16,9,4,Tank A (Main Reservoir),0
261.0316291030929,1390.910803715336,927.4344913880977,14.422051547294526,25.297775362612843,5.513377282658683,8.5124149780529,3.6204184486091444,18,5,5,1,Tank A (Main Reservoir),1
273.8383247035474,1454.4707242904624,949.5731142813897,1.2795537647689332,26.103873856347654,7.687390596156677,6.48538658756386,4.181700609958277,3,16,2,3,Tank A (Main Reservoir),0
120.06768782733386,690.1723061276789,447.97117021730287,9.091110555148187,31.659693920471327,8.987562340066013,5.480436601956047,5.283457845692751,1,3,7,0,Effluent Plant C,2
449.1170064282127,1403.04525502674,895.9585856723866,2.8571323193098355,26.978967373351214,9.082322527725509,7.004240700943842,3.0128393930336093,8,20,8,3,Coastal Bio-Swale,1
386.9171004064083,1040.789210397085,680.4325110741138,1.0099235669269608,28.99303918596192,6.625071484563705,7.14246988990968,2.0836137631400606,9,15,12,4,Industrial Basin B,0
486.2550847182207,1248.564349360571,817.1611555384519,21.34086513237607,28.91637902484946,6.364068378969308,6.283876570205576,6.072245935465906,10,30,7,0,Effluent Plant C,2
176.0666012395105,1030.946270947336,656.5549533997741,12.133030346325691,25.30420935294637,9.47744169095895,5.8783917556487495,9.54019297914249,13,3,7,4,Effluent Plant C,2
521.5249490987202,891.633873158112,577.1611443531008,2.0418656284407497,31.580390223680794,9.080044465732852,7.640831567152036,1.0,6,20,12,4,Industrial Basin B,1
227.4061114681788,1462.8161377708757,950.9418154782427,11.908595222280134,27.753671251068837,7.7607632415538585,4.910167810604677,8.585917012980184,22,14,5,5,Industrial Basin B,2
404.63203434458467,641.4170107286773,422.21631141692086,10.45841415947968,22.445959004331034,5.145369167853127,8.950547659170978,1.0,14,16,2,2,Tank A (Main Reservoir),1
294.6440366962197,1370.6849421061913,899.5076264919899,7.412317850994863,24.430063923469582,6.472415297714692,8.04916764537096,5.826733515632803,21,29,6,6,Effluent Plant C,2
233.7588063899289,1418.2066801183755,916.4687692388322,6.434488521995994,15.533388610160435,5.887729577213414,9.257892011046573,7.792287237110131,18,29,4,5,Metro Reservoir A,2
422.7204654327118,1208.9144963830254,787.8080309358113,22.809850218574127,28.207968128698578,9.374827551011393,8.497637651435237,2.3104719639546594,21,17,10,3,Industrial Basin B,1
308.1028393282795,778.4813054566997,511.7502033691535,3.812336017982898,33.21626585339535,5.369304089779343,5.923319291814553,5.433514676128707,14,28,2,6,Industrial Basin B,2
240.0807255211713,873.3306043937055,565.8471005281075,6.08013011227216,23.81140068888017,9.364378315545032,8.469398438610941,1.469264421584164,23,24,12,3,Coastal Bio-Swale,1
-8.953467590786175,417.558315418137,267.1982820481671,4.991581581379537,30.34215303335398,7.073370207208693,5.615968964093895,8.010105334942502,7,20,9,2,Metro Reservoir A,1
384.0884484307993,664.226009017043,438.87270032717856,15.749115170243423,29.722269536247634,5.762760778949784,9.019405332274737,1.0,10,23,7,6,Metro Reservoir A,1
458.9173677983456,986.2135259315535,639.2616331928083,25.82493239198064,24.99248989764997,8.384158122044447,7.564697539789709,3.9050739837065684,8,18,6,5,Industrial Basin B,0
299.76502276224977,371.9863082700108,229.82024356000403,19.95665701137502,34.146136625272675,7.9553929871995095,6.1702494591922274,6.389805205892597,14,18,12,3,Tank A (Main Reservoir),1
103.24170262068536,710.6266016005786,475.6377143342241,16.980229630731337,26.90935823910033,5.680532802794449,5.049999908747353,7.832444325222075,0,22,5,5,Coastal Bio-Swale,2
31.36748347163831,1383.4485924704313,888.3786685358011,44.267770400993086,36.04107351934621,7.16970832960382,4.46629965284173,8.704927747415915,0,14,3,2,Metro Reservoir A,2
423.74479430895303,753.690778167835,488.953940386402,12.944996513647085,21.457284123999113,8.8506820694368,7.998199273355725,6.77992159676766,18,18,12,6,Industrial Basin B,2
180.037569062217,1110.088500646255,724.7751610147047,14.905184348250636,26.92345779363503,6.708115772646596,7.649240912498871,3.842868512491195,2,15,10,6,Metro Reservoir A,0
398.0455537570999,969.9507365165656,635.0200612167841,41.629935633336814,27.39899190393337,9.215674171646528,7.272831622626755,4.889673865043121,9,15,10,0,Coastal Bio-Swale,1
302.26823798867906,707.6931690479295,461.6967279483306,1.0701533542228927,27.837547914717277,6.306260579859419,6.143842147114475,8.50085338636155,7,6,4,4,Coastal Bio-Swale,2
437.0721732196466,753.4854023445105,460.3442534171256,11.052541303724375,30.865323937153125,5.2535683460549585,6.131465057882693,6.601548690842072,14,27,3,4,Effluent Plant C,2
220.19934145616253,850.0595742324965,545.5135863528893,14.431258046315662,40.0,7.2542588605170115,4.640653961382589,3.9799208179128724,9,15,12,5,Industrial Basin B,1
467.54805022636185,184.69325344217077,123.01351822224537,25.989291522260086,29.82026461413903,5.447228760386618,7.40912996839482,1.6376721469775637,0,18,11,6,Coastal Bio-Swale,1
335.62197987731577,1084.0924402626517,703.5691540879611,22.52823782520736,28.096960970501907,7.349864747881213,4.723496952028013,9.922343135676973,17,4,8,3,Effluent Plant C,2
104.65399995109135,764.485977483761,502.03254836610364,19.44911423963261,23.61520190572991,7.2061717697693615,6.721811783415276,9.73797452047266,1,23,3,5,Effluent Plant C,1
340.95773888572785,1094.5751489806676,721.6887967015083,30.149133492152572,20.439574109384985,6.289288151016915,8.654467109963539,6.362519990106161,18,8,7,5,Metro Reservoir A,2
352.01181640078994,916.4601840655869,600.7659934378233,8.708475408187258,32.68104332547235,9.45441897580603,7.469280893978603,2.889009166716409,12,15,7,1,Metro Reservoir A,1
242.24967132201073,751.232114757479,481.0107173675509,1.0694415048531907,25.812863376337162,7.1952291944561,7.428170806583226,3.3290550443073315,21,3,7,6,Effluent Plant C,0
312.46982861847295,859.2645884150447,553.1369559475525,1.1111595261031495,38.41663341298246,8.237238415667514,4.411007454428651,3.478753378874602,0,30,7,4,Metro Reservoir A,1
139.87179827979867,860.2732811985245,575.4920367970235,8.866648901585602,31.472846473542223,8.31446139867385,5.735003430065436,7.195275633642655,1,15,2,6,Coastal Bio-Swale,1
412.7805707913531,1242.8570299189414,806.0659779387738,6.714115026545051,29.36623789379185,9.313213476400822,7.171589580778092,1.2578325973526305,15,13,10,2,Tank A (Main Reservoir),1
572.8524792371901,818.7963478335972,531.2635442741717,7.00103300265182,29.57651558356844,5.748697598741893,7.485794131485928,2.949289610954629,14,9,3,5,Coastal Bio-Swale,1
283.7891755661556,886.449652292626,581.2910338192745,6.115004134020442,29.61590706022186,5.09103285348923,5.755997609334381,4.060495200936391,12,2,10,1,Effluent Plant C,1
275.66577259945745,421.43306518196755,286.30370879712274,25.976978181875435,25.22173221854492,9.268824858678606,7.28739739182003,7.372869651188945,15,24,9,1,Effluent Plant C,2
439.1809677767831,785.8869655104556,501.8138853259974,5.449916158367136,20.993989184718597,7.897345134196469,7.734603640782751,7.144128986262781,16,8,3,4,Coastal Bio-Swale,1
387.1246906190879,1236.2930305389473,798.6293020685006,20.395192070418265,25.797259493936643,7.35157321656164,5.788140587090953,6.97246091102203,20,29,2,4,Metro Reservoir A,1
114.12273080559595,928.6463018036444,587.5804786581028,24.31651392588832,27.92657510322505,7.040042919607286,5.06033688302785,11.687964731144966,6,30,9,4,Metro Reservoir A,2
459.96850781662386,475.69637907123195,306.2389274587683,7.921512166945632,25.408730795087642,6.827223741782062,8.420481147779006,1.8175114592667567,23,20,10,2,Effluent Plant C,0
-42.07773116188039,507.85149922753845,335.7794081439896,6.922852355723317,22.855665800160207,8.233399483178617,6.967155754618119,9.077192300214564,16,17,9,1,Industrial Basin B,1
281.514849207746,577.5513717767998,371.76598683440704,15.313779408734034,25.0071587401501,5.467475933308149,8.598649056081968,2.669753324176658,6,13,4,3,Metro Reservoir A,1
397.20842307629044,1099.889313078045,732.526182732466,13.309039048983943,32.142929867891766,7.7727977477078305,5.119759874118742,4.144993658220437,12,1,12,2,Coastal Bio-Swale,0
231.43508223575054,1062.962153687691,692.0874170879572,4.982935601364357,30.992783137576588,8.43757927432019,5.867850764203266,5.659962763891068,4,2,9,0,Metro Reservoir A,1
231.75602870845273,100.0,63.977342550160095,2.08195782257588,28.685639183614022,8.09190252674766,5.895815341525553,7.7418060307837955,16,30,3,5,Coastal Bio-Swale,1
245.4595332017911,775.5842917147637,500.608427456386,4.07683983851892,30.348391705201184,7.114331237141806,6.814619256605777,3.226720548616906,2,15,7,4,Effluent Plant C,0
210.35024276902152,844.291430116075,535.1908693307298,2.4044495726087316,23.472266129622668,7.196805374420814,7.504635608534537,5.41798971150095,6,12,7,1,Metro Reservoir A,1
118.1048613220883,511.3569413422057,331.4786888173321,4.491777975855453,24.818300832980775,8.742831924686492,8.51287301241042,3.502306448565566,16,14,11,5,Coastal Bio-Swale,1
338.39606073671905,682.857500916833,447.44124172722326,4.035697025501657,29.244060297512764,7.8983042273259745,6.985555406513792,1.0,6,25,8,6,Effluent Plant C,0
372.71819658694244,1199.2995647389093,778.3640195210696,11.153142131452066,23.981964676268706,9.306217204839257,7.557863180033888,5.000006761105032,20,29,10,2,Industrial Basin B,2
366.05537559194795,922.6529635443511,602.0355590143234,31.89955670126356,28.43359299235284,5.1087639578532436,7.167542926586656,3.465367547019902,0,2,4,0,Coastal Bio-Swale,1
163.3922580910865,650.1252079064484,415.8746227751405,12.575464868593908,22.949901623788904,8.28805882062106,6.633703538890051,9.072013681511775,16,18,3,6,Industrial Basin B,1
70.21929792501166,743.8074915175879,471.0276415172445,27.12504704413025,21.401548282265544,6.226477519822805,6.066716273453232,10.547723586185075,16,22,3,2,Industrial Basin B,2
324.62551483891775,731.638061301331,474.50265292867516,16.33089367207724,30.94431502417951,7.11250683861101,7.944481298574454,3.125096301883036,10,7,12,2,Tank A (Main Reservoir),0
227.37554564838644,884.5865594556498,577.1873328757612,14.01503395013299,32.10818340871104,8.851207783636625,7.337932322015591,2.432417676460344,2,29,5,3,Metro Reservoir A,1
315.751825897939,371.0808031291977,239.51561168415725,6.3454119501453246,25.476716024370234,5.997177468083397,9.186144509877721,2.747599967400088,14,23,11,5,Coastal Bio-Swale,1
333.75231810868365,599.0734100630159,391.4328725781458,4.927381942397054,21.918149670116456,9.738735819997506,8.109528974313081,6.089922361320441,20,29,1,3,Industrial Basin B,2
214.59065876273968,1110.618934941423,729.6687326053029,19.72605420489339,19.166511243948392,8.526792873339804,8.273331504833742,7.581689028395403,10,25,10,2,Tank A (Main Reservoir),2
166.7899189042199,778.2300539122429,513.5778755356218,24.58026271962676,35.36800059813772,7.895055530923231,1.9195553918456527,16.682178389500656,15,6,3,0,Effluent Plant C,3
247.98718142715398,545.0275241719623,362.84160436353187,7.012655873761583,28.44556341401984,6.081555761295176,7.959860818030997,3.7752268716746014,21,14,6,1,Coastal Bio-Swale,1
280.8576124366213,557.401987502686,372.364552133409,1.0910441790694139,25.56802681132701,6.984328362257037,7.8541946103127405,4.383213411097088,8,8,3,1,Industrial Basin B,0
266.06177055428805,1016.2530806392057,665.5353218255158,16.727736319917405,26.544353744690085,6.769946282121278,5.155413034104578,11.467972646001023,23,27,5,6,Metro Reservoir A,2
424.93502979623185,644.6584204009652,422.59123155635797,4.355690213042102,20.34667099940428,5.721224968772762,9.265573849933093,5.2945925844441675,23,22,9,5,Tank A (Main Reservoir),2
425.7154529566475,953.2710137259749,639.0557732703285,1.0993707460812243,30.479593895064927,8.512518776914186,6.9526724138604195,1.0,0,2,2,4,Industrial Basin B,1
172.89979515009907,611.9497037325568,405.60350573157024,17.346970502221975,36.00043076754134,6.7147616091836095,4.405676846714884,6.7605949899920335,21,17,11,4,Metro Reservoir A,2
371.23923175117443,461.01053220000364,291.205175951602,8.285965270043913,24.86897196448249,6.989342497642801,8.348601829522654,6.9430424656798895,15,5,2,1,Industrial Basin B,1
376.9320854615622,873.3343875492359,549.0368833387786,12.558519000560977,37.53382814658746,7.049955258815521,5.559356221057742,4.230766263480229,8,14,12,2,Coastal Bio-Swale,0
249.80684624679716,770.7856982259598,498.59917892425733,25.614615015273053,27.5343804021556,6.942988675955318,4.492362255515533,8.947300473474431,18,25,6,2,Coastal Bio-Swale,2
251.32792462943598,1005.5373015245918,659.8466662557998,8.790838555500228,34.66701251417468,7.836550547926847,5.476677298901658,6.997954023850685,11,24,6,3,Coastal Bio-Swale,1
388.65418519472223,1065.23729630942,701.9937436756254,7.995558172322846,29.22888417718276,6.452792427219747,6.6154051781254815,3.424220610768024,18,30,11,5,Tank A (Main Reservoir),1
208.71209097269187,692.6099333739807,437.6917152570526,4.434233093355534,29.22452475601998,8.421982313470759,5.1383782353410465,9.098532288328865,21,29,11,3,Coastal Bio-Swale,1
410.0183318431448,904.6801482053343,595.3363157169706,4.641223707915094,35.37570297006114,6.484863946660518,7.56631408717274,2.1133844547066554,8,20,8,4,Metro Reservoir A,1
282.4044383267253,683.357064362188,455.52895203469785,16.922960081438898,31.130815754407404,7.165768250268306,6.500325558516439,7.004231343118052,6,21,12,1,Industrial Basin B,1
220.23030322309367,990.0940892214164,649.6485269548394,6.960735485263236,29.49939231333128,5.632087672252429,8.232257765299272,2.8897317998405065,13,29,11,6,Effluent Plant C,1
363.6158348280061,870.0246383321925,569.673270015723,2.785600903170079,20.23465264771258,8.4859967754537,9.34942003306988,1.0,18,21,2,2,Metro Reservoir A,0
536.4876186736851,612.8490447911677,397.02377302623427,1.9929976803896947,21.97116573657506,8.790984860367342,7.877888853203081,5.274415702281557,18,22,9,1,Metro Reservoir A,2
-1.9868204475902473,587.7266326944458,377.4222906102717,7.404031610205601,29.834219896075684,8.059045803412308,4.983972696084572,10.528387119987453,1,3,2,0,Coastal Bio-Swale,2
462.58160258534895,880.6003775311506,580.2457085942282,7.2540446761540505,33.87113322148497,7.404497122573903,6.290807596017904,4.56388124842956,8,5,1,1,Tank A (Main Reservoir),0
454.07786744193123,1148.6573157957748,752.4607247646688,11.59752058381151,28.513804268985172,7.156627683335355,7.826247153594277,1.0,12,16,10,0,Industrial Basin B,0
336.2024978774768,1070.3888633618078,692.4813907187925,7.368944124341249,25.63478144448422,5.325318172019683,8.191309736433368,5.4030685880144755,14,18,2,3,Tank A (Main Reservoir),2
246.5220089680538,517.0971788060285,361.53422971061735,2.5487259516869445,20.64331844331357,5.5743100088492685,9.577281983824331,1.7988239696846038,2,26,12,3,Industrial Basin B,1
277.9564146899505,548.6470111932332,341.5225681907663,8.088760020714382,24.86565977006487,8.100595239030882,7.381257861758442,7.970252474082034,10,17,7,4,Industrial Basin B,1
211.94528820043786,592.8566865300735,383.0355337165246,24.728938715430303,28.523924516788142,6.983069888715091,6.169123081489982,5.786990622154365,20,11,8,1,Tank A (Main Reservoir),1
525.4123728797675,621.0311211246042,395.9562565765588,2.736886219836932,24.574173391016956,5.568930267286063,8.575726035649694,1.0,13,17,5,1,Metro Reservoir A,1
226.50274423934187,255.00196894426858,169.5930386271512,12.703918138416949,24.142214918410136,5.513591463474085,7.255604974156621,6.795963768629461,7,16,6,0,Industrial Basin B,2
268.46248807275333,1037.012961238916,654.5687884231097,10.010555414295368,27.795530946093447,7.961895505456387,6.523029244742734,5.627688468780559,17,26,12,3,Tank A (Main Reservoir),1
333.71929789817557,663.2351793883943,443.79552933170555,14.80653209226037,33.79364668048956,8.248769371238057,6.390827395499342,4.581018226376165,18,23,1,0,Industrial Basin B,0
329.1849695222037,938.622276769255,620.1589832507966,2.6322538300976723,30.73887755155367,5.359296773356519,8.042003112330734,1.1468174440561887,15,2,6,3,Effluent Plant C,1
248.4276501589623,705.2725975348716,461.1007327719291,29.40530778700473,29.143487141480463,7.382475190984078,4.3593881412149855,12.307942968984014,1,4,12,0,Metro Reservoir A,2
313.9724146351836,793.1102299056648,512.4184102806282,10.701304967334924,28.753945523041686,7.665465260495863,7.4638750154880515,3.714404901011886,7,21,8,3,Coastal Bio-Swale,0
59.46521795809389,594.4442364768478,393.55185221561123,19.777824179431583,30.204706809428558,6.499607451233499,6.379262601906134,8.669076932132347,21,7,3,0,Industrial Basin B,2
382.42371818952483,791.5226740105282,517.7768020930943,3.8316796130661794,27.55947369686924,8.687679969574347,8.112389299802516,2.993382281709574,5,2,11,6,Effluent Plant C,1
354.60163004949607,538.6262564556469,359.62723214946357,14.448180759826045,26.355673529286065,6.786297578785573,6.8086788110189,7.487290703500866,11,30,1,3,Coastal Bio-Swale,1
441.58236752695234,793.7481341686287,514.7117590742312,16.18823761432903,30.952775837033087,5.139770972573557,6.7233491357814055,5.7791802587148124,14,6,11,5,Coastal Bio-Swale,2
395.17872705556545,1237.1669225197868,802.3437576143008,6.065601876650052,27.098418871350706,6.966430362502809,8.013544940316233,4.69060456353571,7,17,4,0,Industrial Basin B,0
523.3049455490304,956.1814154483012,632.2952942183178,5.844327548024566,23.245610390129464,8.84156328243024,9.478331584791324,2.105011600980958,3,7,1,1,Tank A (Main Reservoir),1
301.3655250356893,887.315570307909,583.091740913065,11.723490029890703,33.77320004051916,6.785454302858484,5.182336021736442,6.756782227670106,14,25,8,4,Industrial Basin B,1
184.31791209508344,404.0777545898017,260.91040933010953,1.980624136639614,20.52029081980767,5.9437457966682015,7.823054382607495,8.413433177889779,19,5,5,5,Effluent Plant C,2
263.73064791805666,970.1769206174,634.2933803352989,14.303835148794656,34.073291298269254,7.953849614155607,6.338137899471848,2.32724536839067,16,5,1,5,Coastal Bio-Swale,0
144.88919629077597,999.3360153079261,651.4165516262746,1.4383356625294348,30.02582098603105,7.51008205864156,7.473518771423141,1.6469832863221234,12,20,8,0,Industrial Basin B,0
140.56439110786727,880.4797128596606,576.9838502870571,3.114500638111099,24.123397069042696,7.196482537792454,5.471384715327307,13.145188935971499,17,16,9,4,Tank A (Main Reservoir),1
422.4978571462898,864.2847475214394,574.4795931231716,11.91072059505043,28.097018215547966,7.772549243745493,7.000493304496306,2.186266537444668,1,19,10,1,Industrial Basin B,0
217.43137725798402,757.9456419167428,489.1659632126535,2.0349965601156117,26.284546397210928,6.369972409101099,8.165481710015294,2.5397686025579747,12,9,2,5,Metro Reservoir A,1
279.3177701930357,994.8207547467389,640.1879612664704,36.699270216433646,31.23090291342019,6.479976502015247,3.861790274620734,11.821028183331666,12,5,9,1,Tank A (Main Reservoir),3
165.4945611713575,1219.1031664959567,795.1549774752339,21.279594570247347,31.15172500998421,8.073024232630765,4.065768630029259,10.369437430366101,21,8,8,3,Effluent Plant C,2
307.9292791795872,899.1584518716247,579.0874561751858,10.843081838982858,29.845454084320373,6.040334088802465,8.128366213990548,1.0,14,9,7,6,Coastal Bio-Swale,1
74.93361474337468,508.4848462169219,321.4059694055289,18.095757327466423,30.985532323934258,9.137887111166187,5.240744399147316,8.10585347459878,19,5,3,4,Industrial Basin B,2
468.4320953503204,531.4348567542334,355.36816716337825,22.855138536229237,27.540670299655115,8.675243020298606,6.891709556533662,5.700499558920227,9,10,2,6,Tank A (Main Reservoir),2
422.66018211501523,1017.8719619812894,658.7447134900054,4.00396762049674,35.04670038077592,5.827060573651754,5.6867729122192685,3.9523319989582024,2,25,7,2,Metro Reservoir A,1
152.65498371757255,510.92257849378376,313.4190476078833,19.932049117913834,32.89442753383051,8.9709715745236,4.266219742736689,9.488575662014018,18,2,5,3,Tank A (Main Reservoir),3
450.99398802290307,860.3164961931709,567.6798796570621,3.1665686497506704,26.091977126714575,7.382632535761302,7.858751069400181,3.2721290816579276,2,9,6,4,Metro Reservoir A,0
305.4013354855815,696.3371775747528,448.23765036738143,6.333137027148553,31.2434468641329,8.861745008841948,6.140947720480785,3.0974626103158944,21,11,4,0,Effluent Plant C,1
262.01590830558797,478.3292139934082,316.6923119821146,9.170329705069344,30.894329143640228,7.360112297584145,6.587284243575343,3.9524346966741284,13,4,2,6,Coastal Bio-Swale,0
286.2534352915411,1049.6808765722624,693.1269828054494,13.513822928259408,26.960953378849297,6.987378149485937,8.306953626140597,4.304074324107047,7,22,9,0,Effluent Plant C,0
279.5769605281467,1012.0311161185687,659.7166994471896,1.3060490647203078,26.646973423011694,6.8622441899407844,6.519064252229916,5.172675946242669,22,22,3,1,Industrial Basin B,1
196.29677825973263,393.30520901959443,235.2935915772246,4.432080492469138,32.858032047111216,4.260489554530281,5.617513392452169,8.413197828278951,3,22,12,5,Tank A (Main Reservoir),2
312.51975893041464,944.4330386935484,594.2447739121958,10.378185468877577,27.941224987897762,8.312523558997922,7.559011719573323,6.320473950215829,19,2,7,6,Metro Reservoir A,1
472.24136857742786,900.5779984848116,578.6516171571849,5.421840926682531,29.040687561345816,6.351479296948544,6.448031110304541,4.503590946768299,10,23,8,2,Metro Reservoir A,1
474.84253131229883,1051.2371607075536,682.7355884612623,15.917662413318226,33.60441626185633,8.351788743290843,5.273641466521804,7.230932534259602,10,29,2,0,Tank A (Main Reservoir),1
86.81498342808023,850.0345815966928,564.5238939131144,11.545537614888428,38.13335600279137,9.208749731599267,3.474921467857752,7.495142155087476,10,6,6,4,Tank A (Main Reservoir),2
329.75472833977324,1228.0508425266953,801.1463840755399,3.6709733764840293,25.893500212077743,6.5069315705723865,6.266276220222244,6.101128403114172,1,27,11,6,Industrial Basin B,1
396.7967641639502,762.0017355407678,521.4738614912186,2.5774092658147287,27.11639899631557,6.436058854867065,7.983557373319146,2.255826112950759,16,14,8,6,Effluent Plant C,1
340.27912473345174,718.37168075475,452.02732511402724,10.916798917482284,28.29601604777146,8.409352285367577,6.635738847224254,6.365493417086217,8,1,7,5,Metro Reservoir A,1
344.7650241078002,507.5627367206478,331.12869717742194,6.986870486799307,28.386945730952057,6.638944142540644,7.739153319048508,1.0,1,18,11,5,Industrial Basin B,0
268.455548143609,519.8174277745974,333.42661918581956,2.8507379003724194,29.505419554447563,8.780695128177225,4.8673677322280655,8.886838123509293,23,7,3,4,Effluent Plant C,2
89.18054804844203,492.65450029536845,322.5718051514029,4.950805230199531,26.039285967451995,6.370564047903661,5.673681850206683,9.088324202871613,14,1,1,5,Industrial Basin B,2
600.0,865.5198936232317,580.1046753928796,4.610369412293309,22.935235921548696,8.925852931537662,7.719727451127158,7.12924003076264,15,1,6,0,Metro Reservoir A,2
260.9819054052307,719.2702043970597,485.67477220975235,2.144371084010755,35.015300979398994,6.833115682043084,5.060229785453639,7.952240483332169,3,1,8,4,Tank A (Main Reservoir),1
389.58202153480363,899.2079679970566,585.0297828910512,8.916623331907408,30.44833000321513,7.596297707202029,6.830835641608507,4.669176294532484,7,24,6,4,Tank A (Main Reservoir),0
239.90441895952574,437.22537366151886,292.8116317616752,15.42435741825405,26.325857066642047,8.378709025444707,7.554733683761084,3.2909760167157183,8,4,5,1,Effluent Plant C,0
305.639560928315,543.2923399478816,355.295520972576,9.567652759262836,29.74845203168293,7.813803598958752,7.154011645466603,1.1950569985540318,4,4,11,2,Coastal Bio-Swale,0
68.57161397939294,538.2369869673471,339.1011024954715,18.503758944626572,35.33180210381502,8.484792033945228,4.927583300932607,8.874788692691363,15,29,12,6,Effluent Plant C,2
550.971399064101,1450.781220537705,943.1509973715569,2.3647119213563963,24.847913524897375,5.452817345875604,9.255613323723411,1.9846264201111103,12,18,8,1,Coastal Bio-Swale,1
223.83762043432006,750.2956013265893,482.641046708168,6.720130688312416,28.84456085230784,6.711357645906363,6.903415995156872,3.5507266189279365,6,27,2,2,Industrial Basin B,0
299.8013752654498,780.0901034686841,506.4308730097106,10.401099291266542,22.44054103639388,7.275885188482948,7.718684213597157,5.712524233743757,19,11,12,4,Industrial Basin B,1
283.3721283102936,776.7640978201181,496.37579474187385,12.270165809233493,27.526633504504712,6.281377803787703,6.226765780415277,5.1146069126782585,16,27,1,6,Metro Reservoir A,2
333.0229176940043,1265.8487960596528,824.3531876255992,12.900248851254727,30.46638154445823,8.36494146513257,6.348389419908891,6.084343234096647,2,1,1,5,Coastal Bio-Swale,1
306.35139987147886,315.99817947516095,208.45531918862352,14.055088909548989,23.541106976179968,6.585301383381343,10.029671715385001,1.0,4,28,4,2,Metro Reservoir A,0
422.8708650931335,782.030142705721,515.3621237089279,11.539156693352744,27.251194523566095,6.283832252531649,7.685548519498735,4.453426615654977,18,10,6,4,Tank A (Main Reservoir),1
411.7186445957049,313.18578489624633,206.66935962623694,1.9896775843233199,31.199709198119667,8.328547894049036,6.864619947448899,6.671457708980783,11,9,9,4,Coastal Bio-Swale,1
254.81112759023281,100.0,81.34608848829265,12.88446226581526,30.356800528930357,5.945454590544108,6.535549555231558,3.9929942975907453,6,23,1,1,Effluent Plant C,1
360.9090339377559,579.7280156925074,398.74523460097316,13.901941544667475,23.369473276284555,6.003937907830023,7.831186752622687,2.8037039067546288,8,4,12,1,Tank A (Main Reservoir),1
237.7748490453977,923.649153951051,596.3266326656671,51.32870831564712,29.49509949960896,7.809931717428117,5.253957532126469,11.997255231009756,5,28,1,5,Tank A (Main Reservoir),2
352.13981714410755,560.6657821777428,374.13343630235806,12.820888043969479,30.23487534874951,8.81258571545775,6.836127077439892,4.009333660560692,16,6,5,3,Effluent Plant C,1
185.26569305788138,918.729545457537,618.3202063264824,12.61010368590212,28.43194206674412,7.394014693203589,6.122739828490877,5.81447701939615,15,30,10,0,Tank A (Main Reservoir),1
401.39048531966716,831.9428913514482,550.7241059809645,8.232214934291257,32.35735723726677,5.260987044109395,7.207122020873538,4.191889840109894,22,16,5,3,Coastal Bio-Swale,1
444.0554501858923,758.2803204592376,500.05544323777235,21.243695010021536,25.64221072544123,8.02192192728143,6.731602680639658,6.123068615746323,2,2,5,3,Metro Reservoir A,1
247.82600139429192,1179.4890679314974,748.4493251377697,58.55527016469489,29.64993785116605,6.488882059263086,3.176810122410087,14.444357898963261,20,23,10,6,Tank A (Main Reservoir),3
346.3491410265243,621.1890350457404,398.19211345687233,16.09795630645852,23.339198851787057,8.544910360726917,7.435284589101651,7.325602939449057,3,18,6,6,Coastal Bio-Swale,2
478.15343029812163,914.1966264080833,590.1067676655217,10.480404053061358,21.597496627266484,6.744415693090115,8.614821002317363,1.3826853709121167,9,10,8,5,Industrial Basin B,0
312.4214440486357,259.07397147646327,182.26998859156453,1.8224619608117645,31.124315924861094,8.572734684466964,7.3665122876648335,3.0659995728705463,4,24,3,6,Coastal Bio-Swale,1
227.07479889938202,829.6338312653177,531.9558949086422,13.973283786254328,28.08224988171931,6.698628934098889,6.559546912390754,4.159489851014942,20,24,9,2,Metro Reservoir A,0
295.43596450678166,722.8351889465914,468.9891260155575,13.329265084742925,26.146329715535614,6.373521218895898,7.101866784120733,5.982040967011787,21,17,1,5,Coastal Bio-Swale,2
489.9217112382989,445.32607940348,297.8647061523596,15.941831715984284,23.739375943618562,4.898922457174186,6.914304692889631,8.320533160938828,9,13,4,5,Effluent Plant C,2
263.41660280897736,919.5496336185217,589.9502683565368,2.3302339413416693,31.308409527053364,6.408490195336344,6.572216441785021,4.328536071390788,11,24,9,4,Metro Reservoir A,1
364.16609706899294,578.3146928294377,378.6954471897079,11.605436816058177,21.967942509468685,7.412724183010135,7.412185879775084,5.167929037994912,9,18,8,4,Industrial Basin B,1
416.94490438714377,1319.6553731532695,859.2637265946361,4.505848192403819,31.97150987275475,7.320533396231737,7.208432318351442,1.0,12,22,10,4,Effluent Plant C,0
187.57991726076926,100.0,73.77110125251966,15.282471756212624,29.803989481730454,7.933962942598007,5.875881672890317,9.500381618107678,10,13,9,0,Coastal Bio-Swale,1
506.36918505011494,874.4775625285051,574.9989070548008,3.749290115737612,22.168834447940604,8.69297688436769,8.303826403401901,3.8713278256304227,21,17,1,2,Metro Reservoir A,1
436.77160427581606,812.8091823375331,534.5988886506474,12.51945589255369,28.503845659514557,7.234399848442384,5.915429967400317,6.02786909686235,15,5,9,2,Industrial Basin B,1
528.2093006556893,715.7408733275107,467.23941936679853,4.495474719418679,38.6148995014654,7.281276472339352,4.488968643994334,5.218386353816182,7,11,3,4,Effluent Plant C,2
268.7174434280355,641.2292898430965,400.03947868935427,1.0903498565504002,32.75767313785391,8.535461103614518,6.278912351185649,1.8013491902387835,7,7,11,3,Industrial Basin B,1
358.3362712796491,820.5884599798267,534.7791202637522,11.033691437644702,24.687891283249364,7.477218497491488,6.660061853283225,4.37164591638777,7,29,12,0,Coastal Bio-Swale,0
373.95656696304803,1118.6573922881573,727.6803468403546,2.2021370589707043,30.866822728954837,6.092210708630777,7.171734721885676,1.8889342454895606,12,10,10,3,Industrial Basin B,1
177.15229549444996,298.34434727716035,201.5892732478659,11.767279261230353,22.336347481852485,6.573442296063363,6.784720601769975,9.326717171768093,1,17,9,1,Tank A (Main Reservoir),1
359.3111477385055,558.203930956945,358.60327167198693,26.984263392523758,22.514743295575506,4.644120661911291,9.546493808277207,1.0,11,15,1,2,Effluent Plant C,1
341.2760838286252,484.9048597033579,315.6061496544776,35.81733072692455,27.73077732012914,6.07591517363278,7.2709983609718964,4.721762702482818,9,18,1,2,Industrial Basin B,1
297.16692092646485,470.81231908319194,306.7616172857635,3.690868238454491,30.206609074316297,5.171617168947359,7.245138688206236,3.402877349284514,11,23,9,3,Coastal Bio-Swale,1
91.4072200971195,902.8247016306278,579.7105095200594,17.568085298029573,31.245321275685672,7.62120138506982,4.655611776608033,10.249295677543316,10,22,11,0,Coastal Bio-Swale,2
298.5764302001383,976.8011854201548,623.3879939889865,5.362644923213236,31.300734898213474,8.653836254763847,6.805688622637857,6.659713454235777,14,19,6,2,Industrial Basin B,2
259.6875226389558,1119.5308606196113,731.520467607698,24.071662981880916,29.979000450140802,6.070981353352737,7.135535842994354,1.4930454373594304,15,30,4,3,Coastal Bio-Swale,1
282.67023329493514,981.5293497888754,648.0717081192846,16.487642030195346,21.5440354916156,6.1156387636891765,7.941966488408139,5.302235909644052,16,26,7,5,Metro Reservoir A,2
338.5807975125588,1005.8425772725299,647.5485756029136,1.7679650864976497,27.756273459410863,8.331770707066658,7.375826486895613,6.340789533435016,1,2,5,5,Metro Reservoir A,1
147.71898964682072,376.4575337776032,242.51972171000247,6.227919250160542,31.874727566524886,6.658935466224951,4.039048487327191,11.303501342759459,17,26,10,6,Metro Reservoir A,2
310.72657458460134,1245.0689724877875,817.5903243193135,5.114597793136838,29.773163706429703,7.508096713247436,6.94259376225488,3.4922161927712563,11,4,7,0,Tank A (Main Reservoir),0
556.236250540754,737.072740773647,488.3643662329677,16.379595623516735,28.728424128229307,8.091759918509803,7.831013887630471,2.084645358942412,18,3,8,3,Industrial Basin B,0
447.1696330013982,1109.8988237289168,723.748490106919,6.281171147161956,29.316903467641254,6.350307512464976,7.0417833247860875,5.595221921804487,22,7,8,6,Tank A (Main Reservoir),2
315.06099587420846,387.14989507461974,255.78944779280343,12.538768189949913,29.25007951910888,6.373609354831404,6.6837796474896205,5.124020004356162,17,24,1,5,Coastal Bio-Swale,2
204.51040499842222,727.5740493445326,478.24363045880455,10.223974791333376,20.140410868092623,6.592337262604198,7.606348774341555,6.41232349269918,16,18,8,0,Tank A (Main Reservoir),1
268.88702305068784,1082.9047725703213,710.9984419733262,38.14760255323895,32.61956457054158,5.33573133246259,4.305193148632961,9.886185059835896,5,10,6,6,Coastal Bio-Swale,3
513.2105082939099,808.3773328038428,514.7310724053771,28.771584564144298,27.557868370052844,7.784012023283063,6.407343318592119,7.836953532827927,14,7,4,4,Coastal Bio-Swale,1
409.1304466787573,573.8090344128774,392.14797625878333,6.580911016532668,30.830345829942246,7.921042696468209,5.813571446678262,6.242681272655205,2,8,12,0,Effluent Plant C,1
104.05470086132132,1192.944000557637,778.1536393868917,13.858273611113516,18.777417979183134,7.2956265377336775,6.923001219663495,10.292882320196371,5,6,8,1,Metro Reservoir A,1
257.4322088809791,448.5756823718033,298.87251467007854,18.687859567486115,34.64396761656249,8.831612083802339,5.106523388156537,4.995610665886413,2,22,3,4,Coastal Bio-Swale,1
318.0566326841006,793.8719773258966,508.39874277448155,23.91504251529126,23.374353424908485,6.886577617442408,9.106407009178957,2.7182115449027533,0,26,4,6,Effluent Plant C,0
176.15319603551606,992.0512132647937,642.9742816703592,1.705665345201747,38.16536412812211,7.94110788564162,4.772390279707639,5.112493785972596,12,1,6,3,Metro Reservoir A,2
475.44422069583345,1428.7070989881097,932.4294513515373,4.596490755346249,36.4769615489158,7.78300130929463,6.346989145916524,1.0,20,4,11,4,Coastal Bio-Swale,0
533.8483981378388,662.4933221762882,412.5765821896166,4.8600083358877395,22.700335922310146,6.241065690527236,9.463509980275685,1.1212255753844274,13,14,7,4,Coastal Bio-Swale,1
522.5713779148716,717.064623902049,457.0806050243131,6.6994941101680805,31.268146745036766,8.585839856496923,6.404095980708076,2.2036488444727613,12,17,4,6,Tank A (Main Reservoir),1
481.53016399155524,666.5926599948575,426.03237420888644,2.8544412780686965,23.931152568399362,7.353810228804815,8.93476304892067,1.0,3,20,4,3,Tank A (Main Reservoir),0
264.68885451919937,871.5410476743642,553.7153139427588,7.855875863306408,25.442375856501915,8.369530933706605,7.176800878002224,8.291282712357116,6,18,7,3,Metro Reservoir A,1
333.98428825030936,976.3784803993594,635.7068393621671,11.88308537003522,25.53266959609133,5.6388798830831295,7.261036787101806,5.335041831055934,21,11,6,5,Coastal Bio-Swale,2
177.3967527260669,1127.9940136004957,732.4552822196604,7.878888701712374,29.79172269351756,7.331704081530684,6.078936654851898,6.908255381753108,9,29,11,1,Industrial Basin B,1
410.52491716223585,1026.814332794243,681.6663894164658,11.959950023449125,29.29854716171761,6.647287835607933,6.220839542512445,6.726788157120886,6,21,8,3,Tank A (Main Reservoir),1
299.40148927533613,650.7877551049135,411.80528514273385,1.6875179178246338,23.1936367133062,6.178258104179754,8.830274784284452,3.538900196435741,20,26,1,2,Metro Reservoir A,1
181.6656599436642,1044.0113067888271,680.9548331968195,21.873715549455333,29.759805613612443,8.891397717582116,5.4279864067352195,9.068883120175906,14,14,10,2,Coastal Bio-Swale,2
301.125676436357,827.4636932134184,529.0505007155105,28.980163553490858,27.18356349402623,7.434355987148223,8.162486049261332,5.450312329215853,14,9,11,1,Coastal Bio-Swale,1
46.62042810054865,1023.5756686454613,648.1527835888745,10.620923544972861,20.717788473355036,5.427637366110377,8.604619234054393,4.558204130517904,3,27,7,0,Industrial Basin B,1
421.0668174306022,1040.7102298687644,682.3396879547917,22.319228984764138,26.26387094492395,6.603231335730342,7.296829619038257,4.108399341210681,22,15,12,6,Metro Reservoir A,0
134.500278648489,1289.037723802948,844.5805098652642,2.4092553823576663,34.64170741397339,8.326862309289073,5.295079044532485,8.441842960358601,22,12,7,0,Coastal Bio-Swale,1
378.3641500261057,693.6228102491056,456.3760135143686,16.96763177707612,26.39887491518826,6.1765461481509725,7.002274682249971,5.375357552868401,5,10,11,2,Tank A (Main Reservoir),2
270.0766412404605,636.334219178934,400.45228107327017,2.268658777200129,20.657852755896375,6.054017575843722,7.762343994763816,6.020949098711898,23,19,7,3,Industrial Basin B,2
286.86488077083106,934.149023925716,608.0327392055602,6.2426592718251115,31.257866930994027,7.02354652747213,6.290248709836039,2.8798809982858304,19,24,7,1,Metro Reservoir A,0
178.89122935889804,1154.755075301094,756.5644037430411,4.912937989601921,24.28995926116056,7.7631693509038735,7.271681941611325,7.032352530396559,4,19,10,0,Industrial Basin B,1
395.55282627001327,817.4191490073306,540.8440490900061,9.809038614468161,28.85771572164979,6.32607320877739,5.8099327565314445,7.299313131741643,19,6,10,0,Tank A (Main Reservoir),2
553.101815972672,1174.3136875579457,769.5868441035408,4.588409097207242,27.312054018367288,7.668865651107722,7.84891200900606,1.0,11,20,8,6,Metro Reservoir A,0
376.48558238403064,1007.0175019425999,664.2127175063345,11.142168117482273,35.04668092854751,7.241834611333746,5.169779625612736,5.126592092896769,0,24,9,4,Industrial Basin B,1
340.53791069980565,739.6353566323728,491.4367802261053,5.5789687528677545,27.314866702143252,7.3877230408311725,6.88278688736583,4.908598475175705,7,27,9,2,Effluent Plant C,0
349.58760088932024,969.0006509176718,630.8990734272728,20.717744316765963,23.421642898640897,4.31430744416423,8.180245706883914,5.1726102478435605,0,6,2,3,Tank A (Main Reservoir),2
344.5585432727811,669.551962619679,440.19407762434804,11.048046194848734,26.124609583752704,7.219097955660804,6.239165333519443,9.258935622326163,4,8,7,1,Tank A (Main Reservoir),1
402.64595415404835,871.5800219798302,576.5237852559601,3.4245163000455685,23.084895403801465,6.899171212564129,9.01075080901551,1.0,21,1,7,0,Tank A (Main Reservoir),0
492.2608924090554,478.0522565506293,314.63522214058503,5.09668061196553,27.162941153342363,7.668418498675142,7.898385367787619,3.16482000196003,5,22,4,6,Effluent Plant C,0
220.2837507212675,779.5530108696687,518.6994318818396,19.80072047787859,35.07916293134844,6.4154359682475315,5.901379553624191,3.4320585035923337,20,17,9,4,Effluent Plant C,1
337.0039755338139,1099.9067461836069,723.6843483033268,5.885420080204958,32.99387215769104,6.754865397774456,5.2010169429971675,7.678306439056995,2,17,8,2,Coastal Bio-Swale,1
469.7673157747931,1030.1440704307224,663.269131840461,8.674377721443546,36.16476201277634,7.8397243320416985,5.89909867738851,1.7815960098482522,14,24,12,2,Industrial Basin B,0
272.9436463848906,986.2525244100016,628.0041418091487,11.468036445601891,29.9170003835869,8.934861734570791,7.387747930298654,1.0,4,15,1,6,Coastal Bio-Swale,1
211.06791126829347,886.2439025044463,576.2516119201514,5.274188111762934,28.5724008305724,5.610512310555741,6.614721367728697,5.821574166377861,23,7,2,1,Industrial Basin B,2
346.4190014148666,847.9538149138384,539.3586750616084,4.481097738989012,24.006827766715723,7.815776644679388,8.066251259076752,4.0305943858416,13,19,2,0,Effluent Plant C,0
300.92563835227617,419.8828693804799,273.7551232761044,7.448426630749738,29.07867115594912,8.663919570643781,6.330088724675722,7.865891525094688,17,22,12,1,Effluent Plant C,2
220.96157577171755,738.1743880884189,479.7393282974658,3.4191994478680283,27.478554876082605,8.033645964560455,6.720266292312784,6.778950131948106,15,25,12,6,Coastal Bio-Swale,1
319.3968713561306,854.7847350996188,568.6191901889179,4.343692710907763,31.11450945856863,8.583044412396392,6.239048830731089,4.306919794484282,5,23,11,6,Metro Reservoir A,1
195.53388748622925,462.67895127791826,305.7919449934824,1.6408900515252698,23.51098008482839,6.547773896465901,8.35776752936089,1.0,23,28,8,1,Coastal Bio-Swale,0
481.48222355217183,274.47322496303514,188.1869483088438,4.6236291262142215,28.210729817240328,8.684126267402648,8.499149449591547,1.0,13,3,1,5,Industrial Basin B,1
506.69617168228785,1138.6498240830342,735.2264368294846,4.866984486584306,21.70601150394228,6.3306453981091515,9.524633249640841,1.0,23,30,4,4,Coastal Bio-Swale,1
428.4193098154699,815.2515579829517,545.2101954317949,33.65788368018883,29.35045037022074,7.266153846436867,6.529220159702078,6.951003886167285,7,30,10,2,Tank A (Main Reservoir),1
405.8415698952528,862.9937842273348,569.882440708992,9.909369366104979,30.703007526036814,6.59713110273593,7.184331247020529,3.0148288191973167,6,29,12,5,Industrial Basin B,0
317.7587814746323,966.6880468384618,632.621612725834,16.482601514664218,21.513959633644667,6.645365780084452,9.067858763417101,5.106101904648811,7,22,5,3,Industrial Basin B,1
237.82968579777565,505.3499148545207,310.411850593093,1.4643904563529433,22.640990985255975,5.134375239367147,7.963472412214026,4.6671315721522015,12,11,9,2,Metro Reservoir A,1
149.7772698154411,678.9512617812115,453.10571791784,2.126500124988779,22.816079917408928,4.833821798721672,6.485222507179135,9.907552143585779,5,20,7,2,Effluent Plant C,2
261.78710506935056,1251.2202813560593,831.0265334514819,17.848996667206645,27.289500165426716,8.612140058609185,6.679084809336334,7.527501744985944,17,30,8,4,Industrial Basin B,2
253.1955799501045,653.40338101648,424.8250598923152,10.769688457618601,22.41006154867823,5.041198991746311,8.362201534629182,5.290980190847018,1,29,11,3,Effluent Plant C,2
301.3729406251579,720.2434113659424,468.4757049641005,3.119341502299102,33.51396088861092,7.500531112219144,7.160755799974115,1.0,7,19,9,0,Coastal Bio-Swale,0
292.68607332044957,599.1535504993458,384.28303675423507,6.188500768467704,29.744611926032146,5.641157236481327,5.846285050008694,4.697484715751557,10,9,7,3,Tank A (Main Reservoir),1
71.67264363909362,577.7437320558017,359.216071838494,8.736470760214093,30.396158318937353,6.181734889182465,4.781034067884899,7.519171551405403,0,10,5,0,Metro Reservoir A,2
190.8026315811628,1131.6444057026342,729.9479256052304,19.55401298993154,21.643808457546655,8.021163100966161,7.33988786147395,7.127919223561374,21,2,5,3,Effluent Plant C,1
397.9774044333269,100.0,81.59419498858209,1.623137888314972,33.17271234211289,7.394440792334577,7.070745825290423,1.0187307718833365,5,1,10,1,Industrial Basin B,0
334.1219801142369,662.8958540443407,441.67241875295684,10.081298460919628,30.598437760394248,7.047431502256665,5.78268557485002,3.878781207369615,15,30,11,6,Effluent Plant C,0
397.874104924265,867.6230427889977,556.2278912115388,13.624353207970815,25.270617440482937,8.573585063097855,7.256205671329871,5.582554114801088,19,16,6,3,Industrial Basin B,2
324.23812766807674,1309.0373296220864,845.0903930371218,39.118093179673366,21.83292830118081,6.852390653886123,7.952766664945048,6.68747078090051,11,18,5,5,Effluent Plant C,1
339.9324021005329,459.4323932334673,319.98187569105505,17.45894855440361,27.695491107724365,8.675972952557343,7.2629287987797895,3.8945770628268455,10,23,12,5,Industrial Basin B,1
471.11727418680607,408.2985958891275,255.192535102664,4.232779049078189,26.13427435055491,5.916667216325332,8.620708406321661,1.0,9,26,11,4,Coastal Bio-Swale,1
386.03769017887197,541.9699036015805,345.1261821352599,13.364243521732714,26.30029265777216,5.772251224781082,8.124286053225097,3.031880658164422,2,17,9,6,Industrial Basin B,1
183.88345675212497,1010.5116190368653,652.5367359180453,15.40868336015335,25.178272015687064,7.034198224464121,6.2754229148301715,6.294295395965439,12,6,3,6,Industrial Basin B,1
164.31958106911077,837.5856389836069,530.8505647489294,14.08354169576149,30.885743629376336,7.2039310885235786,5.73903157280648,8.033702039209613,2,14,3,0,Tank A (Main Reservoir),1
493.0059202680678,367.2092986960458,233.31094144397932,18.155991260754064,17.597699921882676,6.169934262952152,8.300470296255781,6.044076156814157,14,23,7,2,Industrial Basin B,2
512.4406106745953,829.86727927999,534.1906482572633,24.405982881125954,33.719711161328355,6.868673462477092,4.251321204571802,9.618944806390646,15,25,7,4,Tank A (Main Reservoir),2
385.70317580228834,1265.4313297667866,813.5078655937687,2.036174456755081,31.992465954864482,8.837717705826716,6.080588063316439,3.967909403209128,12,15,6,5,Metro Reservoir A,1
291.3993115321424,879.3441203219406,584.8533899023405,2.1066774934221244,28.842740753181914,6.72673004767424,8.295149334425599,1.5774857433735063,16,14,3,5,Tank A (Main Reservoir),0
508.81673349539835,849.367367188594,540.4204958233751,16.915979391517727,27.42365771819002,4.876356870082701,6.648187625393417,4.269570165442078,2,24,7,0,Coastal Bio-Swale,1
247.8153879019755,867.4226358746523,562.4054540824552,3.9085038829653937,32.33220262221433,5.108002317520119,6.457864670271964,5.88789146463591,19,22,5,5,Tank A (Main Reservoir),2
414.6074733285697,924.3508161688599,592.0580188824398,1.6032492755120555,27.83096337562521,9.703950738409727,8.622896704427554,3.3560816008947114,10,3,7,5,Metro Reservoir A,1
348.5103900959594,419.8695315794485,270.81545591290626,6.128763600566687,26.886282061906105,8.94069084098319,7.041568262037326,2.6853842954788485,20,24,2,0,Coastal Bio-Swale,1
388.54662831155474,730.4227993659132,465.54016962226405,18.141148386040147,32.554872271424394,6.67679763573006,6.853549426220572,1.1414981241551683,18,23,6,5,Effluent Plant C,0
313.93022806872614,746.0731600770778,485.7065003685015,2.353215927214826,36.37358290019971,8.17271255909516,6.56476900764522,1.5557942497437962,21,19,8,2,Effluent Plant C,0
468.90660102294635,654.95929400675,428.93817197741737,12.142599933440474,24.115972706357443,7.512502328125315,7.473174035897478,4.023021672715596,10,25,1,1,Tank A (Main Reservoir),0
340.4857279422281,1005.836482632161,667.8155324489186,1.036224148010782,29.69919725390714,8.724606457241276,7.216312170581864,2.3597032089399406,15,12,4,4,Tank A (Main Reservoir),1
471.2695546283415,609.8019610230457,390.48532481935695,2.1623885662874094,23.654432488489814,5.914533256205338,8.969319851271615,1.29244093996663,20,2,11,2,Metro Reservoir A,1
268.66449562194236,692.0094735727627,465.98442505797556,5.320919968240744,30.006558729043434,5.948437159987481,4.881010848834153,9.204222993116808,2,3,1,2,Metro Reservoir A,2
294.4691219945381,421.9481958037421,266.196544606033,1.8730481752027028,24.887274086498,8.783242530987552,7.266984452450918,5.988507665393587,21,18,1,1,Industrial Basin B,2
-5.846737916081025,913.4931678922577,591.3903683254786,19.701643572020387,32.84619302764705,5.40810841589939,4.141158085296874,12.546571487958605,5,29,10,6,Metro Reservoir A,3
309.1972887500245,1082.570888528306,721.318475067817,20.95618933146053,27.59952239215501,7.283763355004074,8.056938692566456,1.2799975795148635,13,1,12,4,Industrial Basin B,0
342.65382358159746,691.693844719314,478.63041535260754,15.088291861173234,28.185914676819152,7.146356621109858,5.909011749053013,6.448260362730388,23,20,11,2,Coastal Bio-Swale,1
369.7412370077674,1042.217123196171,694.3004956170846,3.7770485271341254,34.52446038982233,8.14111388340291,6.7553877986399264,3.073878125550431,17,21,8,5,Tank A (Main Reservoir),0
259.22123303601643,755.9129673688412,489.10751099070814,8.407568997327594,25.067988323550537,7.367853868527614,8.211004901480477,4.899715905278381,16,29,7,1,Coastal Bio-Swale,0
208.12488972817945,100.0,70.1487523632946,3.0357198689160203,30.739368776422364,7.041552376221313,5.079648216630682,9.855892924927648,3,6,12,6,Metro Reservoir A,1
418.28275815028104,784.545399588658,516.7808785447567,4.302812703644081,25.4661862324652,6.743352326338738,8.115866578370525,1.0,22,5,10,4,Coastal Bio-Swale,0
383.09988647877896,747.328637244787,489.21785239951635,8.256813065686547,32.785190175372556,6.006232687668257,6.071836688320173,3.107538815873054,14,1,1,3,Coastal Bio-Swale,1
480.89669211993186,830.8986799285042,530.0056764628563,14.280775617527894,35.14702179532129,7.000682684379478,4.8312711452997,3.183690925933422,10,19,11,0,Coastal Bio-Swale,1
135.72241675442712,875.9556305421775,571.7169845231689,1.9943850806997392,26.948371208500134,8.598119295678229,7.567470061433611,2.489306530818945,2,1,2,5,Metro Reservoir A,1
563.830924845341,594.8235423951576,381.5768458643229,4.5196704014113385,19.22363840095501,6.856880226319829,10.38806204205178,1.0,2,27,4,1,Coastal Bio-Swale,0
221.9563534015715,1241.3944933279836,797.2222935260894,27.121222381459575,25.24745175139364,8.887512215009084,5.4380556746205055,10.568232721259134,15,21,1,0,Industrial Basin B,2
85.13842207816671,780.1515338583251,503.9848045952014,6.605820607449691,37.730545296087016,8.077205094080227,3.3851635616122127,8.635870229059428,4,21,3,6,Metro Reservoir A,2
272.74305485171715,740.1008977440753,484.21889824009315,28.947472005751386,25.631543227241206,7.771895275856718,6.793016233045274,8.64039109930326,20,16,8,6,Coastal Bio-Swale,1
444.15830192377337,1023.3588824904209,675.19710507538,48.56056048884005,35.084084601592245,7.005812126188827,6.106544990682291,4.840926444376701,9,12,8,3,Metro Reservoir A,0
477.61065272557914,805.5619835867102,521.0760062312524,8.479409652820774,25.574856039483016,6.445909123245391,6.912703725734631,5.680864947885347,18,27,8,2,Effluent Plant C,2
183.28290502793956,1569.7524977733194,1019.553025535125,4.397391809761471,25.47600257642413,9.217906051109956,7.048215414461702,7.037695179862736,3,29,6,2,Industrial Basin B,2
168.57586663274148,737.0276626676116,487.10727352979626,16.643536952519714,31.116750308003216,8.152300941202972,5.293923838265375,6.829500225967556,18,22,6,4,Coastal Bio-Swale,1
188.0900967289018,905.5446352741689,589.3127316329634,2.7353317066788776,30.637363980276447,7.032743524488265,6.4635757812781085,4.125451170538353,10,8,5,1,Effluent Plant C,0
228.40084714016945,575.2542035398817,377.7307480598157,3.9041494959045644,31.40869672528762,9.238938022644897,4.221558657263108,8.622156145910129,1,26,9,1,Effluent Plant C,2
376.0658993057024,1061.1606629114756,690.5341156143986,16.36558846322854,28.019642234254214,7.954845580749804,7.523380861259552,3.5091392164199684,9,16,4,6,Metro Reservoir A,0
411.76772251512483,892.6155182581522,582.2274037501959,6.685358216908342,32.13744039205824,5.495403257018129,6.272443388561044,4.162039227152274,10,28,10,4,Effluent Plant C,1
309.7888171752992,698.3095847529992,443.1109854967705,3.250678227721475,31.846000377215873,6.688173062291888,5.434275618827227,6.201868811446072,19,1,12,0,Industrial Basin B,1
359.80702848345913,538.2685704194967,351.09783763432137,11.530437224266034,32.596112251993176,8.072528848218655,5.602792554306299,6.106566595001315,15,4,12,2,Industrial Basin B,1
138.04210866347995,407.1733101196028,278.94127539859477,14.196151131552352,25.505763778803438,9.009080944568382,6.661469415338185,7.0995078339826865,18,10,12,2,Tank A (Main Reservoir),2
445.94738344754774,925.6143676627382,603.3392532949231,2.3361281245396306,32.134516811115645,10.0,5.409206789274611,5.834222730354093,22,11,7,6,Industrial Basin B,2
434.07286268834014,383.9361588418919,241.22099382885256,4.243187542568572,25.91465543013139,7.2306813825535095,7.2166687234543385,5.998918585842858,23,17,1,1,Effluent Plant C,1
296.24583060973356,1192.542250760049,789.9177633685589,3.500995662889602,27.371595080041967,7.939492571638252,7.400013087782816,3.2556443492518636,10,25,9,6,Industrial Basin B,0
288.586037307949,421.1464250694905,280.95889307305646,5.778013586887524,27.289491849506806,6.4661033155840855,7.729376072916407,2.4852847457558958,13,27,7,1,Metro Reservoir A,1
368.9729655381483,746.4875241175182,492.8931682990604,15.415740985119843,24.007584356208913,6.135121549331027,6.682255308684816,5.952990457644743,1,23,10,4,Tank A (Main Reservoir),2
80.77941938901705,535.5376183778501,355.5046748353269,13.507433672237658,21.057929558561096,5.177011636544871,6.760312452016309,9.884309488528086,22,7,12,3,Effluent Plant C,2
215.76111135703513,809.805870331573,515.1101117540726,11.862606167605644,32.89489617001888,7.667998064968627,5.797852229576165,5.111678509929081,4,12,9,0,Tank A (Main Reservoir),1
194.20931384750662,807.9521538125913,531.6469496976927,1.0630538308084978,25.191001830547425,8.717409937472576,6.77764240898196,5.904500615859504,4,21,7,5,Effluent Plant C,2
321.5450640641781,933.4408994058725,620.5828891955827,2.5331822535743393,26.92104110169963,8.131057312897493,7.50437459080403,4.590630203693972,18,7,2,3,Metro Reservoir A,0
144.68487444593808,342.1163018495029,217.57357894872652,3.5269794803436945,25.077132879605404,7.30456330265977,4.794507109457715,10.453873512683247,20,12,6,3,Tank A (Main Reservoir),2
254.66637139606823,570.8892022463128,351.7918441562357,4.173935815791151,26.97338185319081,8.668332885584116,7.163130803272066,4.003645458400602,11,15,10,1,Coastal Bio-Swale,1
213.42372650697848,1091.1642353456596,712.9124685210602,2.5832367325601404,25.97638823843054,10.0,7.139649176660418,6.066834631089539,17,2,12,1,Effluent Plant C,2
302.7130281035743,997.5654806012033,648.7450388660761,6.281677181631531,33.11633547776969,6.201969252816039,7.684537236377375,2.471500759528715,3,14,11,1,Coastal Bio-Swale,1
273.78150151885666,100.0,49.52384486640446,1.7815678757118167,25.637983405612943,4.291700624602527,7.889566851378136,1.0,21,13,4,3,Tank A (Main Reservoir),1
330.94147908254274,913.1688759784538,599.6135549441302,14.863831266105532,34.858216591044034,7.610879219995019,5.432967030031465,5.465677943813093,16,4,3,6,Coastal Bio-Swale,1
324.81041066774765,490.2605072095692,323.9722532768794,16.498528297918273,32.557085596788404,8.499012471314693,5.004590293720275,9.193146611407062,9,14,2,0,Coastal Bio-Swale,1
322.42947526598374,622.4531369884141,389.93314770955277,9.539421606795667,26.102212034022084,5.343197176241304,6.754818861799476,6.854708984062211,19,14,6,6,Tank A (Main Reservoir),2
517.8402261811624,731.8017238056992,494.564192697491,1.9398642110577535,29.27924653918471,8.199298666302024,7.227978895997672,1.0,5,16,8,1,Metro Reservoir A,0
142.1588740162901,1267.2170472948999,831.2022926494898,23.080312859562046,30.077385318388533,6.795471632953798,5.190703896316469,8.506609133596719,13,7,6,2,Coastal Bio-Swale,1
244.8412555460482,487.19077724501415,297.77140324238746,34.707407895869984,31.366428815033565,7.604211627499845,5.64288306890343,2.8766895811485886,10,19,9,6,Coastal Bio-Swale,0
303.4503831102767,378.83199457995374,254.429437132821,3.2610237472037555,31.76186803088572,6.09717625071727,5.595735699089445,6.846078873831533,10,2,5,0,Metro Reservoir A,2
312.06991970701165,935.0956480342172,615.7104319264181,13.195597163484965,28.746530626050955,6.023344407460437,5.456910833580188,6.952788908921338,17,10,2,2,Coastal Bio-Swale,2
323.95411155952036,791.5947132998,528.6866442877287,19.447719077130735,24.18230760143236,5.874442809097814,7.74276227913765,5.4953555701875585,22,18,8,0,Coastal Bio-Swale,2
250.51272433487458,1162.1009716257645,749.1268728381646,8.761886789577144,30.563553298054483,8.001010706978086,5.443194201574809,7.057946498133919,21,29,9,1,Coastal Bio-Swale,1
230.03380359300957,694.1498282445928,459.53041889238824,4.905613718766828,27.053974498169907,6.4508136280820425,7.105998974812752,3.6981623793440725,17,17,10,6,Industrial Basin B,1
89.05623945726524,1163.2451777575995,753.7428464888065,7.511585997204703,16.84318003194452,7.523698724990304,9.154864215960462,5.199249688174458,23,5,4,5,Metro Reservoir A,1
449.1168505707519,804.8805793154836,517.6075288536766,8.17990743650897,29.561113908238184,7.235410309521674,7.9179055001641885,1.0,22,12,6,4,Coastal Bio-Swale,0
455.93188929725716,958.7345325691161,614.5273811681916,6.11887928124899,25.063559795045034,5.78383007464584,8.26994316579438,3.843290087131307,10,6,11,1,Metro Reservoir A,1
179.00629676588417,1287.1830461048805,817.6375479084356,27.5701247364942,26.16644769258525,7.291299900977835,5.77744944694835,9.528600187126807,20,22,10,3,Effluent Plant C,1
330.7923279268818,749.8256285782481,492.79089860116557,14.621213408308158,28.024084543266767,7.4844059590543965,7.901699343301704,1.4686433853528946,11,9,8,5,Effluent Plant C,0
219.64487956071008,1113.3998707026221,720.9794251315528,3.7615100120478955,21.785411826520235,8.475158008414795,6.900148978803875,6.83202205167624,4,20,9,3,Coastal Bio-Swale,1
371.7408243841716,615.9204284785976,373.04710036338275,9.808202809211728,28.556165908453544,8.993203945073384,8.712966529935223,1.0,22,1,12,0,Metro Reservoir A,1
478.6851776201395,868.2616861688724,565.1236480083237,12.669633512943328,26.73317022290292,5.976626602010792,7.676692975568078,1.698175837804003,8,22,5,3,Metro Reservoir A,1
276.3702173621612,366.6022484950125,249.86993003635388,2.510047919779451,24.491120056452427,7.625792195424767,8.47220006840794,3.3066442321211613,8,15,12,5,Metro Reservoir A,0
384.0326639637011,648.7040093062308,408.58775145769073,5.438303453983214,28.184967300072795,4.539229313434564,7.22772458256669,5.004585345502208,21,21,6,5,Industrial Basin B,2
299.6973926340601,482.58942234255665,306.5571337035439,24.596664914882744,21.239215129468793,8.22148004462502,8.529649765871921,4.741528451994366,9,26,11,1,Effluent Plant C,0
149.12861674442615,1166.2257809764212,762.4559747288326,9.374174003896039,28.302507113561614,8.516761546743108,7.279584594816738,3.137395985025658,21,6,4,2,Metro Reservoir A,1
211.52629209008643,1321.6395082852605,833.476918083546,3.4461970440073486,29.882395654013436,4.0,5.542322732290532,7.666100842707723,18,19,5,1,Metro Reservoir A,2
412.6791098299961,693.5894167004178,445.49630785661475,2.310029325830387,29.220994638470284,6.792944257116054,5.784640876304731,7.797073457770683,0,18,7,0,Industrial Basin B,1
243.1024315616076,568.0885452796728,372.7236178365123,8.302820091116313,31.155536830194567,6.123485639421987,5.749819473930164,3.557096313683098,6,6,9,3,Industrial Basin B,1
297.4401746153548,405.816650987009,258.16964266898674,8.933780377282037,32.661409530208466,6.789863550094219,6.341356302033404,3.7110409125808004,3,13,10,2,Metro Reservoir A,0
358.4031036531545,879.3624128306201,558.6054834789865,5.070881014815939,27.674609091857004,6.5520845197328805,8.114176092021767,3.6459251981278404,0,1,11,6,Tank A (Main Reservoir),0
171.22937096358618,619.3140935994768,390.0532740887207,10.95377307089825,32.381797938035795,7.147648235009108,3.8861306549361427,11.748613376735264,14,23,6,4,Metro Reservoir A,2
484.6055589485081,635.3850975955197,396.87917812183343,1.7115737614441326,27.659659337395915,8.384784853950812,7.185084901693219,4.222043824809409,7,23,6,5,Metro Reservoir A,0
151.28924649339154,1288.8765852295805,831.4394263936105,2.5681720733099285,25.20215650580289,6.823509798122117,5.756549775951257,8.969867176676182,11,26,8,2,Industrial Basin B,1
278.39110435008655,711.0804045361454,472.7688824411047,8.902613928775889,26.42899752641168,6.015067279116197,6.681150192868185,7.086313187568716,21,13,11,6,Industrial Basin B,2
400.97990796447584,975.9948711016009,658.0155732477427,1.6380886083848893,29.067910359486635,6.96283439249631,6.642669395996217,3.8492131676554124,21,7,4,2,Metro Reservoir A,0
247.72459180033255,815.8883269743836,530.6892398277803,22.278653988731058,32.34071139268927,6.896104863390957,6.671075244047051,4.285702427613355,17,15,3,1,Metro Reservoir A,0
298.29037043076823,393.43837779786986,263.41743134014087,2.5332178898481157,28.005851419255162,7.096086748034167,6.992226561632155,6.590890953217528,14,12,7,6,Metro Reservoir A,1
480.4796388159086,246.53588814856835,150.84010655464914,12.206121427988588,25.305372513587233,6.446427920524059,8.76005773974907,2.8622202342510374,16,27,5,4,Industrial Basin B,1
256.3073122587597,946.2566176087034,594.1502824120134,5.962711257266349,33.777040187281514,7.635153591017431,5.491800946769451,3.4367319900848945,13,26,2,5,Metro Reservoir A,0
292.5347292529291,1311.2331562600411,870.8176423394212,6.104719322259657,22.26073395461338,8.752112181625007,7.933109092967896,6.586997885340413,13,1,2,0,Metro Reservoir A,2
218.64240331389905,894.4962606261502,575.4715819965193,15.47699784279735,25.331178462094698,5.677208329070912,7.809475501355445,4.825945928897554,17,15,11,0,Coastal Bio-Swale,1
418.5051017980641,987.2270549552406,648.8846686466676,7.920720270904585,31.571137512907953,7.7408587440389285,6.396073058403713,3.6072137829027455,19,4,6,2,Tank A (Main Reservoir),0
323.65847546810306,528.588108324356,345.16688226202,13.933705305428386,35.065828986150244,8.35167559233272,6.242311458170383,4.469538361567713,17,13,8,6,Effluent Plant C,0
314.30017048811584,1104.4683026189027,727.8503059906441,8.035839117671827,29.92272505688158,6.6792534035130275,7.399635244750482,2.7434748967976526,15,23,1,2,Tank A (Main Reservoir),0
263.6107619907722,1100.7513364646115,725.0293453057573,9.98709544181396,28.99955023265532,8.702640786665494,6.9825168243707285,6.3471035001048355,0,27,11,3,Coastal Bio-Swale,2
290.65990525999246,591.1404583087464,387.0185544640302,15.3009841368238,26.8365393192373,7.1273076716982535,6.307231362605619,5.6388355956521625,22,25,6,4,Effluent Plant C,1
414.5090014680295,963.6226321499383,630.2325229910839,10.347315812601575,30.192284632197044,5.848826803833158,7.3045154119069515,1.0,10,5,12,5,Metro Reservoir A,1
276.12692232754836,270.07464479810983,187.6743649385069,10.561109090809643,28.51747068404325,5.674129115640915,7.265254506543514,3.593710432704011,14,29,2,2,Coastal Bio-Swale,1
288.7172424822618,1017.173590027696,657.0659047550689,16.569384050950504,24.98187458394183,8.141771171348871,8.223176084705987,4.5558142168476845,11,2,2,3,Metro Reservoir A,0
276.09352870482,628.2747242659863,423.9347203875183,30.776333677354792,26.76402492651805,8.031429449516367,7.087944444167845,5.955500994551491,7,23,7,6,Industrial Basin B,1
303.7271451378423,431.86125892699386,273.6312558284967,5.727532522933861,24.530216013277617,9.077148316232416,6.70877924049925,6.370028553638249,21,26,10,4,Coastal Bio-Swale,2
536.2033151191997,920.7919870976011,599.2805909254754,9.606601057356603,28.054462457523307,8.00486198692293,8.421054778114062,2.8540796210638417,19,1,1,5,Industrial Basin B,0
73.85092684731217,268.48101046530644,180.80445538119474,1.9022361186014711,28.647357892170405,7.080633116664566,4.432620075620747,12.301849189627823,5,16,6,0,Coastal Bio-Swale,2
34.66601456781791,902.7240742304971,570.4797153635166,5.4441991030632995,34.53753279459106,7.778770109106934,4.024000190865095,8.701086656957251,2,23,7,3,Coastal Bio-Swale,2
375.5598456851005,460.3162611365311,313.02405009667604,6.311120520869713,25.610411497237514,7.286505004927946,5.858372616653527,8.773321290004265,23,6,8,6,Industrial Basin B,1
260.9335078603216,396.11716303044216,262.2351643150372,19.032491241866474,27.27689298078605,6.800912245998037,7.037855325390954,2.8021526857647485,12,23,7,4,Effluent Plant C,0
501.1345805274668,817.9558884139052,564.6810464120537,8.202972345451554,33.03672528605282,6.540764555865514,5.969003387977315,1.0,12,16,6,3,Tank A (Main Reservoir),0
419.99307600089935,748.2346227455397,507.1594298889038,14.132906707122988,35.22035740183156,5.132380537040982,5.5788070625208785,4.396082486866483,1,14,9,2,Metro Reservoir A,1
344.2935233745319,1237.036835327152,803.9649316526115,1.1919036279453339,29.89884390959466,6.3094242914588134,5.742999080044459,4.9997679806295,4,29,3,1,Coastal Bio-Swale,1
457.7310037129998,414.5596249632142,287.31962325085,7.245407003520129,26.98574731420719,7.176419985358214,7.48808508803102,4.2386643264219455,16,26,11,0,Metro Reservoir A,0
150.8997636524903,1212.5163473494126,796.6089890306606,24.158493269156885,26.107929330916186,4.0,7.822641374836887,4.82638028033827,5,3,6,2,Industrial Basin B,1
295.0175620313101,458.70661871921686,300.4703738526256,3.540073629414057,20.62773274055886,6.582160907572317,9.76276347531141,1.0,1,15,4,2,Metro Reservoir A,0
417.26777569175283,1075.8327249275121,682.6976466105851,1.3202970327108527,24.288926803617187,8.304688446579982,8.529526720163018,2.1156058831017326,3,3,2,6,Industrial Basin B,0
279.57251502516664,1131.8277568560122,721.4526905467058,6.681171059535094,28.40624969401443,8.811874681555778,6.366659187016023,3.9388765990216874,21,23,1,6,Metro Reservoir A,1
270.36335478038706,896.4376357672777,582.7281657645601,13.18855743360145,27.27605653594271,6.567066653246483,7.817987104025236,3.8327542100660477,10,29,12,4,Tank A (Main Reservoir),0
441.029150558439,562.7138358384757,360.81034702710974,7.059855773975262,30.49363189598011,6.522001172108198,7.913712900283336,3.202808935918239,7,2,12,6,Tank A (Main Reservoir),0
412.20946247927964,343.1136584130656,225.27577021646292,7.161459800658923,27.219188852683327,6.336021914741985,8.563911423298064,2.321284478508686,11,1,1,3,Tank A (Main Reservoir),1
307.61742156640344,214.46705492144588,153.12728400830284,12.08072014839546,25.09577081345116,6.529931475057238,5.263783995043274,10.172647319803039,7,9,11,0,Tank A (Main Reservoir),1
237.67206057916545,1355.6872862212656,889.8463181021993,3.9355100537342187,29.365377037381293,8.571178784218494,6.13227302047453,6.518892920219372,10,9,10,2,Tank A (Main Reservoir),2
197.8455454779728,710.943531880409,455.1504348931466,14.938822429880858,38.02106098189386,9.155049742568886,3.7458491794612025,8.361912055876914,21,23,3,4,Tank A (Main Reservoir),2
466.2860812403863,468.59973568174547,313.83940713819214,2.661886321638364,26.730603330413892,5.1738278002934095,6.929509514496214,5.084505055177455,19,7,4,0,Industrial Basin B,2
266.7093823451329,457.0518181879759,287.9432086137792,6.037682611135482,28.555550085381505,6.226241759251941,8.002429002048318,1.0,7,3,2,6,Coastal Bio-Swale,1
262.4512002477591,850.3587180820282,541.3107642334738,11.671371930229316,31.38770232485072,4.963832620910033,6.590271401621013,7.3824308070871485,7,26,12,6,Metro Reservoir A,2
132.73031095845704,681.5443689187726,446.8202104742226,18.624084976897628,25.713526433722933,7.165638570005001,5.938850512390805,9.907076198860757,16,18,11,3,Tank A (Main Reservoir),1
349.5882160697034,224.21222634290962,137.59292120006708,16.67965271222584,33.09103014654153,6.61395949577303,4.114579793682124,10.150142021164754,19,11,11,6,Industrial Basin B,2
534.5708010210657,1059.3622008390348,682.1669727177195,13.790038665777386,21.683839555528284,7.630704610647172,7.6372080322523805,7.249919132679767,19,7,11,2,Industrial Basin B,1
336.87286052195077,900.4950666493773,595.2615139628501,5.448761976986598,26.369091930925528,7.995862104888522,6.705176321952849,4.547839175175696,22,9,1,5,Industrial Basin B,0
376.36317857252084,1351.9732997506649,885.358981748009,2.304553471285531,26.755116409965787,7.862714190975637,7.023504571008403,4.224780653341101,15,1,4,2,Coastal Bio-Swale,0
291.1564437958607,1142.2374342663616,738.7362754653017,3.4441087831804658,28.60463098101443,5.224873322677727,7.001960396044268,5.9007648150533765,13,29,7,2,Metro Reservoir A,2
412.4501486654416,100.0,48.74901031282137,21.01250254469687,20.11407480004034,7.169157320988976,9.717889503412094,1.1782256658759205,10,14,10,6,Coastal Bio-Swale,0
258.5064660192589,1225.092192151269,788.9583017976552,20.472306114107415,33.41095957864438,5.165136611159461,5.979782341426866,7.962969288912004,6,20,11,0,Effluent Plant C,2
160.0756394498701,1162.2473747823612,774.8815737101868,31.27446960349231,29.65687033980334,9.28424732778291,6.5013489661726105,5.670390629287926,15,6,6,6,Industrial Basin B,2
226.64983880685614,579.0881742931999,386.0727174405741,1.7903092591753829,32.49132578199651,6.774387067712552,3.6365931734408234,10.807431295326401,12,7,6,0,Effluent Plant C,2
194.47349966329722,670.2272728630762,449.8836368712023,8.696159670725685,34.452142949855485,5.560244074756241,5.126604552859978,3.9681237990063494,14,10,11,0,Tank A (Main Reservoir),1
284.1572250363432,923.5175321723725,602.846643361061,11.460664570100416,25.037744886651772,6.5468814022840185,7.7743704431073155,5.729677631308362,23,7,9,0,Tank A (Main Reservoir),1
329.55214957459805,495.7354973609515,318.7175907098963,13.401437465935265,18.02258399710881,7.449458914359994,8.142429125649596,5.774302470628903,15,26,2,4,Coastal Bio-Swale,1
247.95540691563264,727.1813395361509,481.71979637221693,11.324404505859972,32.58546430118732,8.079898167075605,6.000536964077522,3.0560281076825473,20,2,4,1,Metro Reservoir A,0
331.43473968515036,1100.011233747774,727.8256922220061,15.69725492599432,26.854469319306453,8.760371454946435,6.289124336524433,6.941631791439188,22,30,5,6,Effluent Plant C,2
281.54444775159743,955.3183726070241,616.1595232416101,5.454617812519176,23.467326016511755,7.275491676713742,8.133144076568554,5.571732520064871,23,4,1,4,Metro Reservoir A,1
356.9686917917751,599.9645708114781,382.84492299768044,2.977594365683806,30.305198612162037,6.7994015106477805,5.545246125182028,7.366173940333103,8,21,8,2,Coastal Bio-Swale,1
146.75117398118493,1106.8281669923674,704.2257121482562,3.2888924141126097,37.85422772852904,8.022083245118926,4.0612791939965325,6.490231571178925,2,30,8,4,Tank A (Main Reservoir),2
317.0366250737252,890.8685787628793,571.680326136433,1.1205101210470274,27.56437401944667,7.989162797669295,7.691380741378768,4.6734932712588035,18,28,6,3,Metro Reservoir A,0
262.44004034284404,880.611635884062,579.0867520880776,5.312782265941774,31.804465229209274,7.342534088163355,7.537600492567405,2.074938028371126,19,17,12,5,Metro Reservoir A,0
510.3498203147047,645.5202911056388,413.62558037321566,1.9622905781141844,24.049988826122124,8.17154691255229,9.475410615503126,1.8270823115039496,4,1,5,0,Tank A (Main Reservoir),0
228.77329471280035,798.0384368993414,528.0422844942805,4.878541348353005,21.25296893820179,6.467701404900503,7.587405584929991,9.458886336611593,9,10,8,6,Effluent Plant C,2
245.88552521144643,567.7725555140682,388.7239107121758,10.894263077905832,31.655761877291965,7.1711722471614365,6.59304581576993,5.350866089064393,16,19,3,3,Tank A (Main Reservoir),1
118.60618794375839,217.83452458890508,141.84064652903632,23.488363437794323,30.18429268723307,4.760431742115362,3.813966434970265,12.578513890664224,14,15,3,6,Metro Reservoir A,3
348.107494854273,716.0623502903047,465.2778300796014,19.30118567858582,26.1371886613637,8.867841845613594,8.059473821424486,3.4753425318302122,22,10,2,5,Effluent Plant C,1
212.95188143688304,763.3543261715604,501.6664272827261,3.9125406035489467,34.82487723210158,6.609970069488348,4.350536104957268,10.97268695218081,7,19,5,3,Effluent Plant C,2
489.0198713460146,841.1866338462995,541.0272872940448,2.4396638218578213,20.942044121372383,8.874676643646325,10.315462414136675,1.4134262762539165,14,12,3,6,Tank A (Main Reservoir),1
361.2466778542154,1163.6463795105485,749.8969406668413,3.145211733308932,23.07987969631192,6.412571116036615,8.569777218487195,2.999363849273282,20,24,3,2,Metro Reservoir A,1
229.56084536208428,604.314546581987,386.6293783759884,36.39999275705665,25.82852962098985,7.562668853709413,5.898385184064837,8.966430313332568,13,16,6,0,Coastal Bio-Swale,1
-61.52064942847515,689.6743989455841,436.83258396028214,8.973405546713959,26.57441197071758,7.265692745446047,5.876064874749951,7.889956333570367,19,9,8,3,Metro Reservoir A,1
226.09717571086986,1029.8532792863655,678.4025000437678,3.01507095481184,33.861418830114474,6.477607023739267,5.816707336061072,6.335746913636478,6,15,2,2,Industrial Basin B,2
532.6140571916842,574.2433656254464,368.292388119141,19.372558384277582,28.19679175124305,7.775530543413366,7.727276276987959,1.0,20,30,4,0,Coastal Bio-Swale,0
406.43094448615744,846.1248586425435,561.0950273719659,6.028429772251676,27.22818404160093,8.732339105597404,7.742295253688482,2.885632040631181,22,27,11,1,Effluent Plant C,1
260.0803011591596,677.5153959306931,445.677837275262,23.948367091500405,22.91997292883645,9.347748839804852,8.0883924793026,2.9582670506386477,11,28,7,2,Coastal Bio-Swale,1
339.2728684534535,726.912685186572,472.265439066821,4.020205479479817,32.34653416736612,8.091267673709911,7.151232337215432,1.0,16,17,1,4,Effluent Plant C,0
285.33731803344676,1027.443466763203,675.9345361767035,5.995918904305715,23.45343646613105,5.74796043902272,8.163537074359159,4.55089505798813,16,14,1,6,Effluent Plant C,1
527.097170693823,687.964083205868,437.7420382968707,8.030919922643147,22.901554834559306,5.513305307391358,9.254314319741788,1.0,9,27,12,0,Coastal Bio-Swale,1
332.6930295729099,1037.2232021719503,666.3910386346627,23.313378826038527,26.39896743621131,8.56672298517354,6.28986324140392,9.331059084099028,18,18,10,3,Effluent Plant C,2
147.88061533806282,214.27006753845262,146.41151878556732,21.30708000866282,28.65277609862067,6.003250186682509,5.072875750459551,8.365075937568404,13,26,7,5,Effluent Plant C,2
223.2844920703941,371.1155978241616,219.2684141724476,9.541497786315768,25.11942959935877,7.939146106852867,5.97412863805446,9.812379130313145,10,2,7,3,Industrial Basin B,1
264.44114134643513,104.53997277534529,68.09709410697828,3.507402485861947,30.828070011830423,7.3607283551166995,7.2540445099358015,1.1508042133132812,1,4,1,4,Metro Reservoir A,0
314.0967816171037,450.26881484991,298.5797528403943,6.16436287038017,26.868094892077004,8.782441626921882,7.62169377331989,1.711704196133323,17,18,1,6,Metro Reservoir A,1
104.29360707159398,1357.0530988547516,895.1933415224755,38.14528203643305,32.21107575844634,7.811942000091225,3.8917221881844237,10.97101924748753,6,7,4,4,Industrial Basin B,2
153.94598110927132,794.7392273949641,531.7352944636028,10.359150959475425,30.020442448332297,7.16330576110645,5.02308194512596,8.419295467498912,11,13,5,3,Coastal Bio-Swale,1
226.48893120513455,583.609174862763,378.0431011679568,16.191300192486942,35.16591736145654,9.673494562152694,4.242251068092584,9.665102932027626,1,15,5,6,Tank A (Main Reservoir),3
392.6298325952659,1034.842047497727,680.3499961583536,6.97591022576951,26.231084296490042,8.187897002055022,6.505828781406199,8.160079363841323,19,25,4,5,Tank A (Main Reservoir),1
291.3738691840289,1077.2033171771518,692.1386545868278,8.593025290545729,31.375884097622375,7.865678660387034,6.507613726861121,5.516738545026615,17,23,8,0,Tank A (Main Reservoir),1
275.49310055317414,433.7456557812422,277.4998118676249,6.60285708689182,20.85275511274527,6.380872713338328,9.00945265073118,3.2800925402925127,5,28,7,6,Industrial Basin B,1
236.23833720109093,1549.4600353922337,1020.8256281414637,13.13757175759756,39.56663477230357,5.824028299599271,3.910448759573328,7.51875417205911,23,22,9,2,Industrial Basin B,3
328.72329717572876,882.8992529003167,573.4854712693153,20.069751471060354,31.17578613388502,6.888638280014518,6.3998617785236345,4.681421878603107,9,26,7,6,Effluent Plant C,0
303.02218799607965,920.7055965363023,600.0554153669048,8.079837871518905,26.81477111110912,5.401410265311854,7.4377243844784475,5.1238344294768,19,1,10,4,Tank A (Main Reservoir),2
511.17356416225016,949.1699454073586,606.6291021139974,7.555960500695091,26.963499157468597,6.813627611910984,6.470795699013938,3.6102553521430103,14,11,1,4,Coastal Bio-Swale,0
334.1409650139539,948.5413610137919,620.7775563057071,5.1594957924292855,27.011907705450923,8.161144283161386,6.973298708740671,5.315847416631177,4,10,7,4,Coastal Bio-Swale,1
280.6701608963792,613.5579785856567,406.35322892913393,2.9491657523682484,35.3601464924067,8.378147803882882,4.680236674457186,8.021117152131326,19,25,1,5,Tank A (Main Reservoir),2
74.39386162886369,1433.7557872888406,939.171490775048,29.00950713926666,31.594198001364866,6.789594878069129,6.820194843692463,5.852603014514743,2,5,7,6,Tank A (Main Reservoir),1
255.19718417689057,714.4434659769022,452.27464154549114,4.799139159288607,26.226726790458603,10.0,7.306138097777609,2.9757627877493853,4,16,10,6,Tank A (Main Reservoir),1
364.45899611583104,1087.2553332929979,716.7154100735589,17.129012206399384,23.04473992750287,8.72800866246197,7.199274264862424,5.394493045522696,7,11,8,1,Industrial Basin B,2
366.323779401343,657.5196133336257,417.4067420645014,13.564844591657923,32.784418542031666,7.164036691116588,5.761770263709526,1.8195446277344107,7,21,11,5,Industrial Basin B,0
192.02086432388484,604.3200490690057,392.5438819039832,16.650268476737676,31.354195705254497,8.56970810963803,4.736554067809228,7.657388298077463,7,6,9,0,Industrial Basin B,3
299.1209555202156,1370.559383975297,874.6824078800076,28.6094688610906,30.825482789002397,6.504608318638624,5.596100078541236,7.210503596821458,11,9,12,0,Metro Reservoir A,1
400.45271869865064,767.488689014348,497.0729642825665,10.764940242990432,27.665022258472394,7.5046988632017655,6.613880705222408,4.970327641967399,23,13,3,0,Coastal Bio-Swale,0
213.32409582890574,789.7678397031366,503.31323112542435,23.822957545731455,26.801530204356965,6.767319921852175,6.0565270895091965,7.368253591796602,22,24,4,0,Coastal Bio-Swale,1
307.96558194804743,885.085161651503,570.8167834767298,2.835591097415607,34.74089404591896,5.745867696954023,6.763285676867492,1.0,7,8,4,0,Effluent Plant C,1
174.73771769638327,1580.5311413962406,1027.9443463044013,10.854065822355224,35.113076957217906,7.839157361252476,4.48232845420487,9.287363928676603,10,14,12,3,Industrial Basin B,2
373.2626172879489,1450.628350376428,951.1806758134156,15.796192098231593,30.560499502566486,7.192917309215339,6.68795040882726,4.020673994437526,13,24,9,4,Metro Reservoir A,0
276.3435062576049,1185.134782497732,778.2666432904488,4.169613999720227,31.879363459359634,7.281939931126367,6.649669364724194,3.2926904930726915,7,1,7,5,Metro Reservoir A,0
334.6034885895401,1656.0867748221349,1053.0834407619398,14.499770946298149,28.94439265668284,7.167437720857029,5.999399401801087,8.045088910589616,23,17,3,3,Coastal Bio-Swale,1
217.13192648608754,516.6269840237273,342.59072234676444,16.072280860120408,22.52005691013239,6.122278554240309,6.347355573153569,7.4409283409279885,9,24,10,5,Industrial Basin B,2
129.62277105662875,996.7651972074168,649.96014224327,18.789693487521355,24.081028975961416,9.10600554867282,5.685624179783577,11.875557728804951,6,5,5,1,Effluent Plant C,2
600.0,822.7468792941315,529.1834446177833,4.752505683792525,32.58472761219775,7.498485875674254,6.971668791559404,1.5797312539648014,16,25,7,6,Industrial Basin B,0
223.02935406070733,269.27368038924305,166.223819227144,12.44467522990901,33.094821391244764,6.879640864579725,6.6480292718454095,2.431521295992568,3,2,8,2,Tank A (Main Reservoir),0
452.46517442444264,938.9290791991326,609.679620104685,4.627695978251627,32.216508033238476,5.628947576958986,6.964668528135059,1.0,12,25,1,4,Industrial Basin B,1
107.04136819350158,652.7520560257854,426.5948166056996,14.433896250065175,29.38420924034813,8.884056639292385,6.2672346231821345,5.843957149772601,3,28,12,1,Tank A (Main Reservoir),2
388.27408371484955,1260.0502522940928,822.8114868139727,7.217081449787304,32.36519582518107,8.300781873452035,6.555293086772046,3.9099698581001863,4,30,2,3,Tank A (Main Reservoir),0
600.0,681.4934406684895,440.9978355433175,10.101704354737926,27.76745082200308,7.201811279013858,8.37375120928977,2.9242750635362578,21,24,7,2,Effluent Plant C,0
403.5964798287428,664.4324092331472,406.63884919833447,6.375803292865489,30.485561346153204,5.65904456090179,5.72503385252997,4.4405615560974985,3,9,11,6,Coastal Bio-Swale,1
536.0135551119217,1259.9206477553914,813.9953886149704,2.767168051154977,27.18127052751953,9.190717505975396,8.495550688047066,1.180290505244964,17,4,2,1,Industrial Basin B,1
249.86677043198472,780.3638064733485,495.3995507873153,2.960508086653592,23.77285746740047,6.762251302063794,7.174186032555776,8.933914104884135,5,17,7,6,Tank A (Main Reservoir),1
441.9441170659847,1148.8633081241467,767.3133599658588,1.807426020764723,31.458287889989073,6.394186986309962,6.448148666074061,2.083046674863178,23,17,9,6,Industrial Basin B,1
350.3387668051612,927.3078319769897,603.343218439237,10.625249495289625,33.100497618644575,7.141052732852891,6.285466922752629,3.34909092840664,23,21,11,5,Coastal Bio-Swale,0
562.7707749742274,931.3314383910417,612.7766350830098,19.880835893864013,37.89583512166686,7.650163286610677,6.258720735966022,1.0,22,18,2,2,Coastal Bio-Swale,0
302.20146983478065,726.7857881358781,478.7620332258284,1.2105697645057552,29.056116005583977,6.9976405083697095,8.893250054478269,1.0,21,16,7,5,Metro Reservoir A,0
524.7540222663334,950.6630137121024,621.0342436724841,1.6853529985491265,23.80876072648708,4.0,9.603588222068213,2.4044115614071613,1,30,4,6,Coastal Bio-Swale,1
373.62286393898114,760.5524564032323,490.1969204631078,7.115063517371528,26.686237050684745,7.499551230725674,6.888894827359094,3.795020408937224,22,8,11,1,Effluent Plant C,0
166.34503145070806,558.8589657030893,357.82003716772914,14.383454503932706,27.456434457899277,8.307098356153396,6.078650352858068,7.59648856551245,10,26,2,6,Tank A (Main Reservoir),1
369.1729710410892,768.7237054050636,479.464473509968,2.7162810969862408,28.593991226511644,6.130739379350845,8.080947254009716,1.0,13,11,7,3,Metro Reservoir A,1
134.69223556381507,1186.349236602517,772.5489351430492,4.169753887853874,29.88350502695373,9.072663551900344,6.569479956789966,5.773487630659527,4,21,5,6,Effluent Plant C,2
-43.249878475745405,960.8027676774099,627.5256083598954,3.6397362045275092,29.45187716958667,8.24984505037106,6.3390635097124415,6.236533377865013,5,21,1,5,Industrial Basin B,1
136.6883709326623,1030.5322193980298,669.3676441467403,6.092455704931317,31.108329033861025,7.762530247336211,5.312252025907718,6.640083943649934,9,18,5,2,Tank A (Main Reservoir),1
209.41460026243874,800.4402114326332,521.7203561183624,3.5489054255614536,28.789692190770328,5.983094000180869,5.507345515697072,7.461869884436223,7,23,12,1,Coastal Bio-Swale,2
424.28136651682934,218.66295314555134,130.0668162050671,5.34788896319313,19.0988163888929,7.534642103469693,9.094902427291649,1.0490286097036619,13,29,12,5,Tank A (Main Reservoir),0
115.60107303055707,433.5714504742772,278.88096966861787,14.039500530673855,28.908535314773793,7.62591590807118,5.099702616245376,7.027643515099788,23,24,3,6,Industrial Basin B,1
152.178158352625,713.2983339368398,457.145379121128,10.441997105928209,28.346923045228753,7.1016923101841325,4.4466846699706775,10.339682414310953,2,10,7,3,Metro Reservoir A,2
268.3572447504541,459.4812963448137,305.312901780479,1.8466689695020024,30.201067455283734,8.269607576213758,6.0249045846559826,8.385476343489573,11,13,6,4,Metro Reservoir A,1
146.6291425144017,642.6927312227683,418.1601185771519,11.154087344180349,26.554071177689906,6.767123330106712,5.806942273102273,10.791275869825943,15,17,8,3,Metro Reservoir A,1
196.97266539278763,631.8336290857394,404.2937325138119,7.4832138136715685,28.894102897905555,6.874046424307236,6.856419238178245,5.47133087434454,22,18,5,6,Coastal Bio-Swale,1
227.6642288036568,640.8773779617302,414.9707868294416,28.267067783838787,30.224968750115533,6.400354310754358,6.32830409449188,5.051148717689415,16,10,2,3,Effluent Plant C,2
532.8038730570684,1231.1509565912336,789.8528750270921,4.415109536070972,27.35983119307725,6.658515905319707,8.207280464349502,1.0,0,16,9,4,Effluent Plant C,0
196.82102263768616,784.1065175211411,506.3874851203302,13.952347282834705,30.703482408921126,7.020011459064279,7.224848483102863,1.6670210786549957,22,20,11,3,Tank A (Main Reservoir),0
435.8811023518059,1080.4010474301604,708.0875504464204,14.125266467271066,28.280499729859375,6.976668582292844,6.399535305201399,3.8363237225138604,9,5,8,4,Coastal Bio-Swale,0
488.88971909673756,849.1834833674078,538.6463154535993,3.503872909316924,28.626635329260402,6.922755677206322,7.604003732960413,3.3150418681430263,22,13,6,6,Metro Reservoir A,0
352.40354155543685,1224.723982298034,795.4590224652665,24.353523741041094,16.309164803772,8.308917529159473,9.946478646633933,4.060092902592401,9,18,10,4,Metro Reservoir A,0
349.1313001715579,1106.2938815442878,711.5916738660046,7.756672494777288,23.424450860697902,9.003237439613036,7.001630602158813,5.794380029885882,20,17,7,5,Industrial Basin B,2
224.42667043693615,622.5452390988298,391.33858880066276,12.359508788212327,23.435336737361403,5.661777411144513,6.991194686902698,5.820380572754106,23,9,9,5,Industrial Basin B,2
352.83693994503284,1388.4888419894537,921.1706832860347,2.5765496469841125,28.865328871598674,8.975353720163719,7.088663718408069,4.380513693727067,1,14,7,4,Metro Reservoir A,1
481.8925024327542,663.643277894475,443.90587081138966,3.9814180791196607,33.086660933185996,8.009358509389317,5.527935406712112,6.7540226290171095,8,17,3,1,Metro Reservoir A,1
479.2983885088993,860.0001997494983,553.0194966006856,9.821480776143263,27.52633958113549,6.128305679274021,7.789097552616447,3.573241612807328,21,29,6,2,Coastal Bio-Swale,1
204.9945116806487,913.1080499090983,590.6225414736242,4.842330152985565,31.39319271721947,6.80413933780778,6.096487558558172,7.772201384034654,12,4,11,1,Effluent Plant C,1
240.3219201201369,946.5094280643493,595.008670149793,7.925332062227159,30.593010625303478,7.540785383655055,6.998089399838819,1.1811772276358576,15,18,11,4,Industrial Basin B,0
308.7633042319455,1038.8539684928703,659.3302074639165,5.684132136246609,28.559573693881273,5.213979727113295,7.149785943559941,3.6576733578154768,17,27,7,2,Effluent Plant C,1
298.4853981648356,572.9646743756928,361.14675427388545,11.2319075597846,30.295906803326712,7.095906663305602,5.616913225069379,6.07881904697033,18,20,2,5,Coastal Bio-Swale,1
455.9411805136826,1013.7005800440102,658.5695272768066,7.677628322120919,28.983774875327352,7.830654816228102,7.438999394593261,1.0,11,24,3,2,Metro Reservoir A,0
350.60410533571405,974.3436671026019,632.1761684987521,1.0462059449736416,27.430878012828888,6.306754608234502,7.521027896268384,2.5929942738884533,7,24,4,4,Effluent Plant C,1
451.7826178312715,800.1416104367255,523.4092662501046,11.489106484346042,29.564321398666138,5.424173588376932,6.622066722337387,7.284156568360233,16,15,10,5,Metro Reservoir A,2
338.46807949039265,743.0769488137817,489.78609331966,6.4839173874242695,33.78652563920692,7.438372261664882,6.785193917981271,3.366366902191071,14,11,6,2,Metro Reservoir A,0
341.1506668522507,557.5695063422875,365.20027197135187,5.180920036094979,29.890995893902783,9.849900514796209,7.684389098013362,1.0,9,12,1,2,Tank A (Main Reservoir),1
413.13175269177583,944.1053486373359,602.8543981346556,1.988779642966028,28.871884480154637,6.344121587250535,6.686517092547962,1.5368504411564607,14,9,9,1,Effluent Plant C,1
484.97248158144737,601.8591440125113,394.448677950353,3.4893543391884942,24.490197675322076,6.37554592085363,8.998349561301598,1.0,14,13,5,2,Effluent Plant C,1
200.07857039052493,871.3642310598945,572.7402683019228,3.533093631591614,33.66350059705844,6.959407481572228,5.699559639842265,5.8419210602513925,22,15,12,6,Metro Reservoir A,1
186.30619097362904,769.6012931545729,495.968114732817,28.390688341815355,22.371805876004217,9.083673047089292,6.901562854459585,7.190930557887073,6,27,7,4,Coastal Bio-Swale,2
268.4084384391826,399.7517732752324,241.37443603837605,6.665373928774513,21.175747677607596,5.2171144975286765,9.880198661732551,1.0,12,15,9,0,Tank A (Main Reservoir),1
352.63383916417354,519.9684458381021,349.8201803792051,1.429762374186319,29.48584275327004,8.123788957524727,7.326419466287426,1.0,16,28,9,0,Metro Reservoir A,0
518.4729417737123,921.4327573320602,599.8144377604916,2.4944788460769574,24.476959235541116,6.634880162608392,8.896014290024821,2.074877857526192,8,5,1,0,Industrial Basin B,0
379.79644510305314,642.7045658091777,390.0295803450008,1.823307218935722,32.356396011389776,6.738359989370941,6.366391946521817,4.276205172725899,7,23,1,4,Industrial Basin B,0
480.2896969519725,632.4739494537401,431.81059799360304,9.888443295850685,21.265177498536065,5.98779993646051,8.125084276843824,2.9732425436064434,19,19,3,0,Tank A (Main Reservoir),1
221.05731085180474,570.8157793266943,366.2426313715029,3.065587077499222,31.84722589004248,6.901234609858607,5.842645055147852,5.35723833691432,20,26,6,1,Coastal Bio-Swale,1
269.4956411335763,580.9965431406542,402.03798491319844,7.902666139420502,31.2839277389516,6.0224414840937,6.094445004822914,5.736983810523302,17,20,2,4,Metro Reservoir A,2
99.19965231297428,1292.7999553569043,844.0936146433403,5.621339769412576,28.472063856431625,6.549217097178159,6.607952624700275,6.159045307456415,12,26,10,6,Effluent Plant C,1
531.4425811133508,464.018258898615,299.585071533388,17.2901008972134,19.601713429678764,4.241407208024384,10.149543427594796,1.4890081905131411,15,25,12,5,Tank A (Main Reservoir),1
514.5873555731048,1241.8709736995534,809.0520801477828,4.863827949779586,21.10678751872292,5.1193051236276315,9.25985247161494,3.6589232991035594,8,26,11,6,Coastal Bio-Swale,1
138.39280724747874,700.7806337605164,448.4146947728972,7.129792174637661,28.959741110899703,7.6040675779158,5.706956168399666,7.939277369370896,11,26,1,4,Effluent Plant C,1
519.2913798754802,603.8736522266371,393.1309779228745,13.775674929423378,27.06883199845821,8.714672104710411,7.8573023466951355,3.3619739700835396,11,14,1,4,Industrial Basin B,1
352.21855684301977,915.1470691493807,614.9518012791794,6.680155797456921,30.909321139612015,10.0,7.953895241530803,2.2273616578176885,5,28,5,2,Industrial Basin B,1
212.14420301697066,815.9122352811341,521.3567286302298,16.760782649590617,27.727134833075052,8.309464389087962,6.681912314713064,4.211095234558233,18,17,4,2,Effluent Plant C,0
306.29479600852574,740.7500147394007,486.8211566699623,11.837759619845826,27.379277470990665,6.582363106420515,7.1271014461168125,3.6435431886152614,6,18,1,2,Tank A (Main Reservoir),0
398.2601115763437,865.9650891480413,555.6797194989581,6.285299477505512,18.294729706165064,4.819642232524341,8.015601790797454,4.992949284267332,2,21,4,3,Industrial Basin B,1
328.95297898036426,811.1594590808803,525.572838558524,8.011429127726734,31.28972924709047,7.847719716388985,6.5093652124032175,3.0565760766165613,15,3,3,1,Metro Reservoir A,0
342.02247023823026,735.3206745980478,497.72454182753717,35.17432130185388,25.403415260964373,5.4569694644252635,8.584806015290791,1.4580055046751594,17,2,2,4,Effluent Plant C,1
278.91270745027225,1080.7023137752221,707.7211220880131,11.83560624960716,26.407176305123105,6.231387058544996,5.038640222555235,8.739504654756932,15,1,9,6,Effluent Plant C,2
340.4993751868462,365.9069853466519,245.29627571005958,24.538281357213357,23.720883827563398,8.263232864413663,7.0824184410351,7.97309097005542,22,10,11,4,Industrial Basin B,1
320.90319673204215,525.600553050676,342.34882344346227,2.9693806353958885,21.83835574419861,7.55304602391553,7.972901591265439,4.744183588894333,6,19,1,2,Tank A (Main Reservoir),0
264.11254809238267,563.5354498094255,393.2529294708174,7.601692907358588,33.888551312660475,6.085122070927649,5.847657354592574,4.477651672069505,3,17,7,4,Metro Reservoir A,1
222.99555983841367,482.6190013973273,304.2059634573552,24.931847530329758,31.18195077981955,5.152320707434262,5.521653737737206,5.525067053427666,7,12,4,5,Tank A (Main Reservoir),2
407.960484222147,825.7779827997219,520.9619697444439,4.895111442506636,31.247982301416528,7.454692185535375,7.072389784980353,2.0896112040054327,12,1,5,4,Coastal Bio-Swale,0
237.95756388998007,951.6258677223475,635.4169398581362,35.31580246074085,27.13395752760253,7.60283589858569,8.84315928189393,1.8988301501803568,12,12,10,6,Coastal Bio-Swale,0
174.7720123660089,211.24085164372354,133.4907180819361,2.0211854372545055,21.04831021613682,9.004634023329006,6.865105238740003,9.084435451409338,16,17,5,0,Industrial Basin B,2
209.69471019086842,657.7840780892581,431.6622414478255,24.29660036401461,36.408179023351224,4.2094551583190025,3.6641934482425302,6.492340857850158,16,24,1,5,Industrial Basin B,3
323.5580829837655,703.5009258352651,474.4391867809169,6.891694402139384,29.689166525053583,7.341861445558509,8.369052834304696,1.0,4,3,6,5,Industrial Basin B,0
423.57243785564833,714.2432131527709,468.49367691946827,1.766048029489403,28.54715680030798,8.300121924869247,8.23234928764264,1.0981442521880371,5,11,9,4,Coastal Bio-Swale,0
291.2997182717792,414.47360904004216,291.71602859413895,22.162847336939453,26.56346791081169,6.695704888954516,6.595409935105322,7.129726260765062,18,17,2,3,Tank A (Main Reservoir),1
594.3387625572295,706.0037381517111,460.2643884266672,3.902723742675465,19.82177498824954,5.284008238171427,8.746510868518659,5.24386737329141,12,23,7,2,Tank A (Main Reservoir),2
284.95471356542066,526.6631324389684,335.249767445245,1.2250139369755755,32.56623492910689,6.090252779273439,6.96401703866225,1.8799802063050033,13,26,6,1,Industrial Basin B,1
428.9820707732269,699.6868679896039,431.26163225693165,2.459592776532512,23.76918597239098,7.244898372856157,9.764089425823338,1.0123549988443181,21,3,5,1,Metro Reservoir A,0
248.43077094011855,284.1117444003394,187.67810834423057,11.762093448324732,30.186276651449024,6.615599332931074,7.300880672998491,3.4595458700095887,3,8,4,0,Tank A (Main Reservoir),0
550.564105713219,701.732172989306,433.7616504079973,39.08180652815642,31.083335844494258,7.564665311142991,6.9191411424097,2.1199310747856623,6,20,4,1,Coastal Bio-Swale,0
539.079889292995,584.289921211252,383.0348461987803,2.181780206841565,29.33663048749262,8.735223211639308,8.041292048644719,2.7911977489487176,7,4,6,1,Effluent Plant C,1
202.06899197679542,721.2556856759336,483.41157743813625,7.198001586585726,29.879894161327538,6.720808339944352,7.936595048968791,3.3247285033508325,12,21,4,2,Effluent Plant C,0
202.65606882405996,890.2378130943423,578.4839716399179,2.992275218297888,33.384479007593185,8.663671047505115,5.114535649457713,8.879168416208742,5,22,5,2,Effluent Plant C,2
351.94504639295394,786.5794818754339,513.1777261475248,14.666350150746148,24.830338352668115,7.061215880417519,8.003023075428196,4.114580161675351,5,7,6,3,Metro Reservoir A,0
268.1405994228379,1038.0185605326672,683.8687113110743,2.2563000498051373,28.658010360174025,7.606715261759613,6.346097058776828,4.984174758673288,23,14,5,6,Industrial Basin B,0
187.51943872507422,691.7700760410974,456.34589186227333,3.7422864169467887,27.099578381280654,7.059475132692926,6.172186432150616,9.169091323146791,20,14,7,0,Coastal Bio-Swale,1
504.9508291694043,985.6654453595279,652.2875243777935,3.1866107221262423,20.641739808711588,7.637794546730598,9.73062638766087,1.1167958320045044,2,4,9,1,Metro Reservoir A,0
528.3065573079448,1137.4961319140493,739.1806994924607,9.041229441815421,29.145333319468037,7.846489110811139,7.248516628301687,3.0300510475492315,2,16,10,3,Coastal Bio-Swale,0
390.19524997022677,882.1279116391861,550.8717903253701,21.650187874398714,33.005002386098745,7.970172907200277,6.384591657608127,4.54680644412273,12,24,7,0,Coastal Bio-Swale,0
462.26409559292586,793.7606508403367,527.7045999640594,8.155772669647586,33.505336634708776,7.203893212893839,7.042461450165207,1.0,21,29,7,5,Industrial Basin B,0
287.3991405096941,924.3086252536365,598.412587541358,1.600084802403343,35.42990883718292,4.0,6.175756328758711,3.3755114153281216,1,22,4,1,Effluent Plant C,1
381.6750174663121,892.7250852363371,571.484778597328,9.287124815386568,20.90512350164303,7.914645986639922,7.811223540743273,8.418887169713404,15,30,1,1,Industrial Basin B,1
307.12636510708955,1100.3729024279776,718.60174049215,16.971190981486433,34.51451079152496,4.835653660737403,3.9614159375172737,8.233782182517304,21,1,8,2,Metro Reservoir A,3
193.7721843259617,1038.1398378529595,676.65631281645,2.417435313263085,28.739359057441522,6.471737685939464,5.40322222549381,7.788560883304926,5,17,4,4,Metro Reservoir A,2
312.204090360837,1041.748163127432,669.6416813989989,1.75490234794422,34.40225002947984,4.330509758494394,5.981213262899072,2.2740860463563286,7,25,1,0,Metro Reservoir A,1
265.1943523188705,813.2077872685429,515.7292173724184,3.080182396900577,26.420870363218295,9.238263847280665,9.385830631976809,1.0,22,10,5,1,Industrial Basin B,1
40.55225119106112,902.3679898077453,591.2233469569222,14.707609233553873,25.87679808482046,7.700764153804341,5.469703688807806,12.238913535386311,7,22,8,0,Coastal Bio-Swale,1
282.89676772381426,896.7578789767902,574.3939046208484,9.95705125725154,23.138909695092426,6.809025861012319,8.043520683647918,5.6400232812007,5,16,4,6,Coastal Bio-Swale,1
288.9012997506112,437.78617936768865,285.704851340357,8.778223517938667,31.10391026562464,8.90268488337022,8.04393697188444,1.0,13,16,12,3,Tank A (Main Reservoir),1
226.31140607404868,1120.6748055275937,732.1730771473802,3.869888389693371,30.057904282126998,7.838434603340826,3.844639345991557,12.068175293068075,2,26,8,3,Metro Reservoir A,2
310.6808004910121,299.2128410166594,204.1701081895829,5.038213526849227,23.531961751078697,7.34950890953048,7.004303006673843,4.233881468668964,9,8,8,4,Coastal Bio-Swale,0
484.2551167034193,1013.6559972881112,680.0674342608679,34.780184881180844,19.343452931948,7.674173199788288,9.799878332184043,1.0,2,29,3,1,Tank A (Main Reservoir),0
114.73802701801486,880.0988290573124,574.4363309000097,3.7525985102694497,29.660980937293576,6.741526215174338,5.894935855248427,8.738846457959104,11,7,9,6,Coastal Bio-Swale,1
516.4335927490199,714.7135316692384,460.3101808823497,24.191761999485454,30.116681467778932,5.7123786769583855,7.57786722612774,1.0,16,28,3,2,Metro Reservoir A,1
346.5342363261251,917.3570476478753,612.8664400412139,9.687668559134663,24.052193953096936,8.353070010018552,6.754387176102175,5.834016270049853,4,6,1,1,Effluent Plant C,1
326.4620822549248,925.5707978688345,612.1019459032242,2.315863897937442,23.248686346516152,7.114836636184744,6.869972667539789,6.758920492286896,19,16,2,0,Metro Reservoir A,1
348.1455761439388,407.6600279740771,266.66284846098097,7.29820101963414,30.623472716584992,5.089053365863176,5.253476023847153,6.77400144229375,8,20,6,5,Industrial Basin B,2
167.60790427414014,1224.8378846244518,798.5094944673594,30.671198871950537,35.425574793299546,7.808852259316106,3.088086318687641,11.735388347628357,20,16,12,3,Coastal Bio-Swale,2
151.4189252869512,821.6414161555,534.3360377424887,6.422571218775028,26.020039204367738,7.249028065576582,5.908210684360635,7.6936374981928175,19,7,10,0,Coastal Bio-Swale,1
251.36062380329707,1494.4196913622761,972.9949144329044,20.90599982284869,24.481444269108255,9.239783565542837,5.678948206885849,11.660508152189978,6,9,2,4,Industrial Basin B,2
242.53706818766932,1036.9313085910119,672.9866970677316,3.962906127063495,29.195433855002317,7.522238782714464,6.651923896602935,4.1173287636335925,21,14,6,3,Industrial Basin B,0
357.4485849188746,814.8192040746152,519.8841778250203,9.46116912181986,30.541012259392282,5.782732469244281,7.096932542902939,3.7052703955932813,3,11,1,2,Effluent Plant C,1
233.52442004720248,592.9882142022146,385.53107381996364,19.569513762683446,26.542839616430356,5.05181716056398,6.728095007620644,4.916993654533229,12,26,11,3,Coastal Bio-Swale,1
328.5120578741334,766.7481388421814,515.9590324181394,26.34371400177725,36.10036433396781,8.717153504538413,3.681006342494847,10.755314115280514,12,26,1,5,Coastal Bio-Swale,3
410.37444819388327,844.9492185747995,541.0565720637333,7.651884288844236,31.606740488566714,7.123651119777176,6.805736702324454,2.8470520784374167,9,14,5,6,Effluent Plant C,0
367.88191769421485,1239.6290462983163,803.0461668993361,11.207852396956739,26.474917175873333,6.161034884889741,6.604131677393983,7.66299786517329,17,7,10,1,Tank A (Main Reservoir),2
340.93456858896644,1167.9979502931587,750.2794750290064,1.0298458021419559,21.63006811088718,6.336401796989312,9.485362236767443,1.5232697806817548,16,1,11,5,Effluent Plant C,1
394.01956835435857,935.4465447424839,619.61357703935,3.9198907764813824,33.27768715125949,8.758012915326425,7.106327782322473,1.8665236680774666,19,26,9,6,Metro Reservoir A,1
258.6858970274267,1330.757350770999,873.2893192948865,4.267169200748949,32.76772494486029,7.766170919104481,5.46796238312682,7.979570711172583,19,25,8,5,Coastal Bio-Swale,1
323.6278849828045,195.14566111983436,114.06155152435416,1.981565396657396,26.788988520152934,8.516613060458756,7.260901581016377,5.508154090153234,12,13,3,1,Industrial Basin B,2
200.6269149493574,938.8362159584923,590.0589160882998,4.280805641022827,29.402301830450178,7.494257645645248,7.968472636816993,1.0,16,20,3,3,Metro Reservoir A,0
569.725251223189,1176.6955755561303,773.5091358998309,4.873138922564739,27.398120410069964,6.196053180405745,7.609253468395339,1.9258686921209605,21,3,1,4,Coastal Bio-Swale,1
393.3313493375165,964.2313314246652,613.3576942061516,35.66249300748088,30.08239552443587,9.343892548774482,8.108889419392375,1.0,3,20,3,1,Effluent Plant C,1
391.9764198284788,400.15760635295044,268.3851076973078,12.044363573613943,23.90020187547327,6.73074032882509,7.648162050118862,4.077851577955225,0,4,12,1,Metro Reservoir A,0
221.7547342605411,1216.8329400553382,784.5606806833019,6.551347318591188,23.329923519692617,8.165293165108292,8.03760145318574,3.834857273021188,0,29,12,6,Coastal Bio-Swale,0
393.57407594338656,1028.4045690120304,675.4129665466974,45.27397350249859,31.243454931042095,8.501058244969636,5.188900228658439,7.105273928936686,14,26,12,2,Tank A (Main Reservoir),2
366.51081894736205,902.9035880640381,591.3284965033089,2.663289079446415,31.750459374038392,7.207519487898089,4.842925413661215,7.88580676335839,12,11,11,3,Tank A (Main Reservoir),2
382.4244006106542,826.5073973468217,531.8652671252048,7.46361297774508,26.036831897513576,5.864132332227527,6.838475868026581,5.985523393132922,16,2,1,1,Industrial Basin B,2
191.62112459307068,1398.1106204446264,899.9819831570461,11.414634615130865,25.0035156961559,6.386209148343577,5.121077264600351,12.539016998014656,23,14,8,4,Coastal Bio-Swale,2
504.1051001323444,933.3552631198855,612.4388881568349,1.571849683521275,32.59026580857879,8.012619771739711,5.347306590960096,5.759541404167798,7,12,1,0,Tank A (Main Reservoir),1
380.55632700264607,727.4241023788509,465.8998093471481,13.623043463050571,25.138949922739283,7.840584084302282,6.8772294347557725,7.019874044904442,17,30,5,3,Effluent Plant C,1
176.62370008269713,556.5864497313321,372.87099471063686,2.0521314087578952,28.221645023943065,8.760796040118723,6.927692690078988,5.02119551449987,12,17,9,2,Coastal Bio-Swale,2
363.81619102546586,1027.2587417625843,659.394682999799,2.511512094391777,27.714340086509385,8.567153069368018,7.15145917374289,3.444111222894554,22,12,7,5,Effluent Plant C,1
473.9161190609973,1095.8700185826804,715.8190152867973,2.7398382741905754,22.132376218592324,6.056434770074151,10.020833156845008,2.32503722948026,13,26,4,1,Effluent Plant C,1
301.9481698738351,816.954666345107,527.118488064717,27.435248673948113,28.768457068314675,8.932369770215512,6.601085398309799,6.038574421262624,7,12,11,4,Tank A (Main Reservoir),2
376.65302310853303,632.6664560461769,411.2903375355429,12.495968258992184,28.37762781361664,5.968588430443846,6.978898226251048,4.682362202304604,7,1,9,3,Coastal Bio-Swale,1
447.0613933655481,1199.016979463615,772.3557667452394,11.654507639438425,29.440765112406424,7.913753647891928,6.309021501321207,4.88282501347536,14,13,9,4,Metro Reservoir A,0
254.78747540430436,533.7753746909502,345.16792919501876,9.107905930103346,28.632923478613144,10.0,6.2967106305860225,6.81875201710671,12,14,2,4,Tank A (Main Reservoir),2
235.96665054318763,1390.833614399594,878.4243337391558,4.4645025001241425,36.542749637653486,7.5749819978367645,5.20785016179789,5.346670764014298,6,24,10,6,Tank A (Main Reservoir),1
216.9250932993161,579.6398544955905,368.6366805985389,10.69928099348657,32.64671292529292,5.065461924101781,6.413177265911082,3.519143316762152,4,30,10,5,Coastal Bio-Swale,1
194.28940259540002,416.5105958453997,264.8557704654082,6.278865368086474,28.15523600181921,6.808922858536951,8.354242003768473,2.4134543302914193,16,2,11,2,Coastal Bio-Swale,0
264.14759505339873,454.88999079099017,294.95972871828695,2.571406537890832,28.520956335398157,9.809805248475817,5.966080364446402,4.929975497061211,15,12,12,3,Effluent Plant C,1
265.96660934849746,467.08375151202966,316.53635616984093,12.698847610969143,35.05447683100316,6.9514838261560365,6.052014686962217,2.4896676476958426,22,26,6,1,Coastal Bio-Swale,0
328.5449060040837,729.0211687889457,466.88645455285086,2.387819158774544,31.452351144020987,8.792392840185492,7.179005403865759,2.9581402128653425,1,21,4,2,Effluent Plant C,1
313.1071845527538,659.548245319747,442.8462110278136,3.1154678082106866,23.083988558022213,6.052051641470765,8.119617871594139,2.7175103096661952,21,28,8,1,Tank A (Main Reservoir),1
5.221887236109467,1107.3919474492147,711.1905794610141,18.020978224697892,31.795792891228388,6.773187183302346,2.943433635554694,13.08023817441562,17,16,12,0,Industrial Basin B,3
309.38859904175064,1064.6224445868443,680.9233693403571,11.791541210594568,32.97120432823977,6.941155226725668,6.739329077329553,1.3566170737104553,16,4,11,4,Metro Reservoir A,0
396.7579685178845,732.946682295293,457.5731808067208,10.96934662908189,34.47086830310314,9.541097005528592,6.812087095270843,2.719024431066293,6,8,7,0,Tank A (Main Reservoir),1
299.6962313908227,1731.015321729461,1131.2278055936931,6.416333186710988,26.394033273570045,6.832872175453381,7.392242476124574,2.9749030180364833,12,2,7,6,Coastal Bio-Swale,0
334.9365038582421,728.9716799645021,474.6918162273353,6.046456231014203,26.10219801812413,4.937469392611138,7.626724423704798,3.248742078521595,17,10,11,4,Metro Reservoir A,1
473.04840054697127,768.9450934811406,505.28967295556134,12.720304669218056,24.23273991421068,10.0,6.882755825174645,8.271457417809119,13,9,10,5,Industrial Basin B,2
416.43144892300427,416.77461556028453,272.2197070040743,14.470949505359911,29.232509857344535,7.472960721456838,6.458667206650544,4.683931229227004,17,23,9,2,Industrial Basin B,0
403.66020317619774,775.8379026125089,504.2026650576215,8.137850894298639,30.931470329822798,7.9855967552778155,7.293730356249757,1.0,12,15,5,1,Effluent Plant C,0
196.41155295594132,889.2202074173299,580.8373722257842,35.82491313116894,25.946683253289983,5.2717704643645895,4.922068163278023,11.875233556110068,10,13,6,6,Metro Reservoir A,3
175.39894556333576,444.73373183185663,310.60178701868,32.16760645296008,27.432738809323357,7.5093174640902625,5.827259254662803,8.007677647819396,20,23,1,5,Effluent Plant C,1
273.4787734191283,650.3925725570915,418.0157902018777,6.317590231657272,19.78512881752374,7.22291605477451,7.693507562795056,5.893329707016591,20,17,6,1,Tank A (Main Reservoir),1
200.36101051312716,898.1032189926839,604.3103144008719,18.182613854531596,34.037796201610604,6.040489934807966,4.732567371507724,7.770771896110808,15,30,2,2,Metro Reservoir A,3
439.24446030538496,642.549356269769,426.1807129233534,8.836581465524594,21.740094513999612,8.001547253905319,9.827837700511044,1.187534346269965,22,16,6,3,Tank A (Main Reservoir),0
322.6977795666088,579.7522482887164,380.49094047177994,8.169397677868895,29.499119008771217,5.152349800558179,7.452691743278365,4.796296968785289,16,28,9,6,Effluent Plant C,1
174.81576015430755,1034.639904261183,678.061223469987,1.5653232192438642,28.95301933348939,6.032035329968668,6.848221065805652,6.620275704754567,7,2,8,0,Metro Reservoir A,2
414.566847973796,415.36585666008085,238.0315659441522,9.532565693769408,28.18323187412639,8.65434486319778,7.522467203101464,3.032447453367487,18,20,9,0,Effluent Plant C,1
222.24281002979336,473.6232864219031,305.2385003319293,24.083811634363315,28.27518751335876,6.32899883503505,6.975878595698939,7.3283630837933,19,20,10,1,Metro Reservoir A,2
497.30054551244024,853.2138021752838,547.8866377918001,16.147363232157,23.952875297108662,6.607970437129785,8.187267065769614,7.245291971307767,14,27,8,1,Effluent Plant C,1
523.4935767033746,1053.847778822085,706.1249895174997,16.432623477615756,26.68773918322202,7.308000339572788,8.374072834681842,1.263394093818446,8,14,3,1,Industrial Basin B,0
201.7203732131626,891.6571898679861,576.1631868828549,2.742689128275229,31.87580260900868,6.7536632823665155,6.77647856049231,1.1769291434991993,19,3,8,6,Effluent Plant C,0
364.5558929393738,732.8338233931369,476.04398544359077,5.438672938747655,33.060622001746545,8.02906455451486,7.743843888001492,1.0,9,23,6,2,Industrial Basin B,0
467.56739875957413,708.3834142387723,459.98878191148486,3.655356797381364,26.31639624570024,7.411173706806738,6.621256958962093,5.045737085291744,11,12,6,3,Effluent Plant C,1
287.5455165674492,1103.132564847961,703.9708407345527,4.796735129701032,21.758321878092346,5.392027053295496,6.164706459381326,10.134582650216053,20,8,6,0,Metro Reservoir A,2
